{
  "halloween.wave1": {
    "category": "master",
    "sounds": [
      {
        "name": "halloween/wave1",
        "stream": true
      }]
  },
  "halloween.wave2": {
    "category": "master",
    "sounds": [
      {
        "name": "halloween/wave2",
        "stream": true
      }]
  },
  "halloween.wave3": {
    "category": "master",
    "sounds": [
      {
        "name": "halloween/wave3",
        "stream": true
      }]
  },
  "halloween.wave4": {
    "category": "master",
    "sounds": [
      {
        "name": "halloween/wave4",
        "stream": true
      }]
  },
  "halloween.wave5": {
    "category": "master",
    "sounds": [
      {
        "name": "halloween/wave5",
        "stream": true
      }]
  },
  "halloween.wave6": {
    "category": "master",
    "sounds": [
      {
        "name": "halloween/wave6",
        "stream": true
      }]
  },
  "halloween.boss_spawn": {
    "category": "master",
    "sounds": [
      {
        "name": "halloween/boss_spawn",
        "stream": true
      }]
  },
  "halloween.boss_lose": {
    "category": "master",
    "sounds": [
      {
        "name": "halloween/boss_lose",
        "stream": true
      }]
  },
  "halloween.boss_win": {
    "category": "master",
    "sounds": [
      {
        "name": "halloween/boss_win",
        "stream": true
      }]
  },
  "halloween.boss_minion": {
    "category": "master",
    "sounds": [
      {
        "name": "halloween/boss_minion",
        "stream": true
      }]
  },
  "halloween.boss_shield": {
    "category": "master",
    "sounds": [
      {
        "name": "halloween/boss_shield",
        "stream": true
      }]
  },
  "halloween.boss_final": {
    "category": "master",
    "sounds": [
      {
        "name": "halloween/boss_final",
        "stream": true
      }]
  },
  "halloween.boss_final_taunt": {
    "category": "master",
    "sounds": [
      {
        "name": "halloween/boss_final_taunt",
        "stream": true
      }]
  }
}