{
"__comment": "Designed by Mechanan with BDcraft Cubik PRO 0.95 Beta - http://bdcraft.net",
"textures": {
    "texture": "blocks/smoke_ball"
},
"elements": [ 
{
    "from": [ 8, 0, 0 ],
    "to": [ 8.0625, 16, 16 ],
    "faces": {
        "west":  { "uv": [ 0, 0, 16, 16 ], "texture": "#texture" },
        "east":  { "uv": [ 16, 0, 0, 16 ], "texture": "#texture" }
    }
},
{
    "from": [ 0, 0, 8 ],
    "to": [ 16, 16, 8.0625 ],
    "faces": {
        "north": { "uv": [ 16, 0, 0, 16 ], "texture": "#texture" },
        "south": { "uv": [ 0, 0, 16, 16 ], "texture": "#texture" }
    }
},
{
    "from": [ 0, 7.9375, 0 ],
    "to": [ 16, 8, 16 ],
    "faces": {
        "down":  { "uv": [ 16, 16, 0, 0 ], "texture": "#texture" },
        "up":    { "uv": [ 0, 0, 16, 16 ], "texture": "#texture" }
    }
}
]
}