{
"__comment": "Designed by Mechanan with BDcraft Cubik PRO 0.95 Beta - http://bdcraft.net",
"textures": {
    "texture": "items/m9bayonet_glass"
},
"elements": [ 
{
    "__comment": "Glass_Knife",
    "from": [ 7.625, 6.5, 4.875 ],
    "to": [ 8.375, 6.625, 5.75 ],
    "faces": {
        "down":  { "uv": [ 5.5, 10.25, 4.75, 9.375 ], "texture": "#texture" },
        "up":    { "uv": [ 7.75, 11.5, 8.5, 12.375 ], "texture": "#texture" },
        "north": { "uv": [ 7.5, 10.375, 8.25, 10.5 ], "texture": "#texture" },
        "south": { "uv": [ 7.625, 9.625, 8.375, 9.75 ], "texture": "#texture" },
        "west":  { "uv": [ 4.875, 9.375, 5.75, 9.5 ], "texture": "#texture" },
        "east":  { "uv": [ 10.25, 9.375, 11.125, 9.5 ], "texture": "#texture" }
    }
},
{
    "__comment": "Glass_Knife",
    "from": [ 7.625, 6.625, 4.875 ],
    "to": [ 8.375, 6.75, 5.5 ],
    "faces": {
        "up":    { "uv": [ 5.875, 12, 6.625, 12.625 ], "texture": "#texture" },
        "north": { "uv": [ 7.625, 9.625, 8.375, 9.75 ], "texture": "#texture" },
        "south": { "uv": [ 7.625, 9.5, 8.375, 9.625 ], "texture": "#texture" },
        "west":  { "uv": [ 4.875, 9.25, 5.5, 9.375 ], "texture": "#texture" },
        "east":  { "uv": [ 10.5, 9.25, 11.125, 9.375 ], "texture": "#texture" }
    }
},
{
    "__comment": "Glass_Knife",
    "from": [ 7.625, 6.75, 4.875 ],
    "to": [ 8.375, 6.875, 5.25 ],
    "faces": {
        "up":    { "uv": [ 5.375, 9.1250009536743164, 6.125, 9.5000009536743164 ], "texture": "#texture" },
        "north": { "uv": [ 7.625, 9.75, 8.375, 9.875 ], "texture": "#texture" },
        "south": { "uv": [ 7.5, 9.625, 8.25, 9.75 ], "texture": "#texture" },
        "west":  { "uv": [ 4.875, 9.125, 5.25, 9.25 ], "texture": "#texture" },
        "east":  { "uv": [ 10.75, 9.125, 11.125, 9.25 ], "texture": "#texture" }
    }
},
{
    "__comment": "Glass_Knife",
    "from": [ 7.625, 6.375, 5 ],
    "to": [ 8.375, 6.5, 11 ],
    "faces": {
        "down":  { "uv": [ 5.875, 15.125, 5.125, 9.125 ], "texture": "#texture" },
        "up":    { "uv": [ 10.75, 9.375, 11.5, 15.375 ], "texture": "#texture" },
        "north": { "uv": [ 7.625, 9.5, 8.375, 9.625 ], "texture": "#texture" },
        "south": { "uv": [ 7.625, 9.5, 8.375, 9.625 ], "texture": "#texture" },
        "west":  { "uv": [ 5, 9.5, 11, 9.625 ], "texture": "#texture" },
        "east":  { "uv": [ 5, 9.5, 11, 9.625 ], "texture": "#texture" }
    }
},
{
    "__comment": "Glass_Knife",
    "from": [ 7.625, 6.875, 5 ],
    "to": [ 8.375, 7, 5.125 ],
    "faces": {
        "up":    { "uv": [ 6.875, 10.125, 7.625, 10.25 ], "texture": "#texture" },
        "north": { "uv": [ 7.375, 10, 8.125, 10.125 ], "texture": "#texture" },
        "south": { "uv": [ 7.5, 9.75, 8.25, 9.875 ], "texture": "#texture" },
        "west":  { "uv": [ 5, 9, 5.125, 9.125 ], "texture": "#texture" },
        "east":  { "uv": [ 10.875, 9, 11, 9.125 ], "texture": "#texture" }
    }
},
{
    "__comment": "Glass_Knife",
    "from": [ 7.625, 6.25, 5.125 ],
    "to": [ 8.375, 6.375, 10.875 ],
    "faces": {
        "down":  { "uv": [ 5.625, 15.25, 4.875, 9.5 ], "texture": "#texture" },
        "north": { "uv": [ 7.625, 9.625, 8.375, 9.75 ], "texture": "#texture" },
        "south": { "uv": [ 7.625, 9.625, 8.375, 9.75 ], "texture": "#texture" },
        "west":  { "uv": [ 5.125, 9.625, 10.875, 9.75 ], "texture": "#texture" },
        "east":  { "uv": [ 5.125, 9.625, 10.875, 9.75 ], "texture": "#texture" }
    }
},
{
    "__comment": "Glass_Knife",
    "from": [ 7.625, 6.125, 5.375 ],
    "to": [ 8.375, 6.25, 10.625 ],
    "faces": {
        "down":  { "uv": [ 5.75, 15.25, 5, 10 ], "texture": "#texture" },
        "north": { "uv": [ 7.625, 9.75, 8.375, 9.875 ], "texture": "#texture" },
        "south": { "uv": [ 7.625, 9.75, 8.375, 9.875 ], "texture": "#texture" },
        "west":  { "uv": [ 5.375, 9.75, 10.625, 9.875 ], "texture": "#texture" },
        "east":  { "uv": [ 5.375, 9.75, 10.625, 9.875 ], "texture": "#texture" }
    }
},
{
    "__comment": "Glass_Knife",
    "from": [ 7.625, 6, 5.625 ],
    "to": [ 8.375, 6.125, 10.375 ],
    "faces": {
        "down":  { "uv": [ 10.5, 15, 9.75, 10.25 ], "texture": "#texture" },
        "north": { "uv": [ 7.625, 9.875, 8.375, 10 ], "texture": "#texture" },
        "south": { "uv": [ 7.625, 9.875, 8.375, 10 ], "texture": "#texture" },
        "west":  { "uv": [ 5.625, 9.875, 10.375, 10 ], "texture": "#texture" },
        "east":  { "uv": [ 5.625, 9.875, 10.375, 10 ], "texture": "#texture" }
    }
},
{
    "__comment": "Glass_Knife",
    "from": [ 7.625, 5.75, 7.125 ],
    "to": [ 8.375, 6, 8.875 ],
    "faces": {
        "down":  { "uv": [ 8.125, 11.5, 7.375, 9.75 ], "texture": "#texture" },
        "north": { "uv": [ 7.625, 10, 8.375, 10.25 ], "texture": "#texture" },
        "south": { "uv": [ 7.625, 10, 8.375, 10.25 ], "texture": "#texture" },
        "west":  { "uv": [ 7.125, 10, 8.875, 10.25 ], "texture": "#texture" },
        "east":  { "uv": [ 7.125, 10, 8.875, 10.25 ], "texture": "#texture" }
    }
},
{
    "__comment": "Glass_Knife",
    "from": [ 7.625, 5.5, 7.25 ],
    "to": [ 8.375, 5.75, 8.75 ],
    "faces": {
        "down":  { "uv": [ 8.375, 11.375, 7.625, 9.875 ], "texture": "#texture" },
        "north": { "uv": [ 7.625, 10.25, 8.375, 10.5 ], "texture": "#texture" },
        "south": { "uv": [ 7.625, 10.25, 8.375, 10.5 ], "texture": "#texture" },
        "west":  { "uv": [ 7.25, 10.25, 8.75, 10.5 ], "texture": "#texture" },
        "east":  { "uv": [ 7.25, 10.25, 8.75, 10.5 ], "texture": "#texture" }
    }
},
{
    "__comment": "Glass_Knife",
    "from": [ 7.625, 0.125, 7.375 ],
    "to": [ 8.375, 5.5, 8.625 ],
    "faces": {
        "down":  { "uv": [ 8.5, 11, 7.75, 9.75 ], "texture": "#texture" },
        "north": { "uv": [ 7.625, 10.5, 8.375, 15.875 ], "texture": "#texture" },
        "south": { "uv": [ 7.625, 10.5, 8.375, 15.875 ], "texture": "#texture" },
        "west":  { "uv": [ 7.375, 10.5, 8.625, 15.875 ], "texture": "#texture" },
        "east":  { "uv": [ 7.375, 10.5, 8.625, 15.875 ], "texture": "#texture" }
    }
},
{
    "__comment": "Glass_Knife",
    "from": [ 7.625, 6.5, 10.25 ],
    "to": [ 8.375, 6.625, 11.125 ],
    "faces": {
        "down":  { "uv": [ 8.375, 11.125, 7.625, 10.25 ], "texture": "#texture" },
        "up":    { "uv": [ 7.625, 10.25, 8.375, 11.125 ], "texture": "#texture" },
        "north": { "uv": [ 7.5, 9.75, 8.25, 9.875 ], "texture": "#texture" },
        "south": { "uv": [ 7.5, 9.5, 8.25, 9.625 ], "texture": "#texture" },
        "west":  { "uv": [ 10.25, 9.375, 11.125, 9.5 ], "texture": "#texture" },
        "east":  { "uv": [ 4.875, 9.375, 5.75, 9.5 ], "texture": "#texture" }
    }
},
{
    "__comment": "Glass_Knife",
    "from": [ 7.625, 6.625, 10.5 ],
    "to": [ 8.375, 6.75, 11.125 ],
    "faces": {
        "up":    { "uv": [ 7.625, 10.5, 8.375, 11.125 ], "texture": "#texture" },
        "north": { "uv": [ 7.625, 9.75, 8.375, 9.875 ], "texture": "#texture" },
        "south": { "uv": [ 7.625, 9.75, 8.375, 9.875 ], "texture": "#texture" },
        "west":  { "uv": [ 10.5, 9.25, 11.125, 9.375 ], "texture": "#texture" },
        "east":  { "uv": [ 4.875, 9.25, 5.5, 9.375 ], "texture": "#texture" }
    }
},
{
    "__comment": "Glass_Knife",
    "from": [ 7.625, 6.75, 10.625 ],
    "to": [ 8.375, 6.875, 11.125 ],
    "faces": {
        "up":    { "uv": [ 7.625, 10.625, 8.375, 11.125 ], "texture": "#texture" },
        "north": { "uv": [ 7.5, 9.5, 8.25, 9.625 ], "texture": "#texture" },
        "south": { "uv": [ 7.625, 9.875, 8.375, 10 ], "texture": "#texture" },
        "west":  { "uv": [ 10.625, 9.125, 11.125, 9.25 ], "texture": "#texture" },
        "east":  { "uv": [ 4.875, 9.125, 5.375, 9.25 ], "texture": "#texture" }
    }
},
{
    "__comment": "Glass_Knife",
    "from": [ 7.625, 6.875, 10.875 ],
    "to": [ 8.375, 7, 11 ],
    "faces": {
        "up":    { "uv": [ 7.625, 10.875, 8.375, 11 ], "texture": "#texture" },
        "north": { "uv": [ 7.625, 9.625, 8.375, 9.75 ], "texture": "#texture" },
        "south": { "uv": [ 7.625, 9.75, 8.375, 9.875 ], "texture": "#texture" },
        "west":  { "uv": [ 10.875, 9, 11, 9.125 ], "texture": "#texture" },
        "east":  { "uv": [ 5, 9, 5.125, 9.125 ], "texture": "#texture" }
    }
},
{
    "__comment": "Glass_Knife",
    "from": [ 7.75, 6.25, 4.875 ],
    "to": [ 8.25, 6.375, 5.125 ],
    "faces": {
        "down":  { "uv": [ 7.75, 9.875, 7.25, 9.625 ], "texture": "#texture" },
        "up":    { "uv": [ 7.75, 4.875, 8.25, 5.125 ], "texture": "#texture" },
        "north": { "uv": [ 7.75, 9.625, 8.25, 9.75 ], "texture": "#texture" },
        "west":  { "uv": [ 4.875, 9.625, 5.125, 9.75 ], "texture": "#texture" },
        "east":  { "uv": [ 10.875, 9.625, 11.125, 9.75 ], "texture": "#texture" }
    }
},
{
    "__comment": "Glass_Knife",
    "from": [ 7.75, 6.375, 4.875 ],
    "to": [ 8.25, 6.5, 5 ],
    "faces": {
        "north": { "uv": [ 7.75, 9.5, 8.25, 9.625 ], "texture": "#texture" },
        "west":  { "uv": [ 4.875, 9.5, 5, 9.625 ], "texture": "#texture" },
        "east":  { "uv": [ 11, 9.5, 11.125, 9.625 ], "texture": "#texture" }
    }
},
{
    "__comment": "Glass_Knife",
    "from": [ 7.75, 6.125, 5 ],
    "to": [ 8.25, 6.25, 5.375 ],
    "faces": {
        "down":  { "uv": [ 8, 10.25, 7.5, 9.875 ], "texture": "#texture" },
        "up":    { "uv": [ 7.75, 5, 8.25, 5.375 ], "texture": "#texture" },
        "north": { "uv": [ 7.75, 9.75, 8.25, 9.875 ], "texture": "#texture" },
        "west":  { "uv": [ 5, 9.75, 5.375, 9.875 ], "texture": "#texture" },
        "east":  { "uv": [ 10.625, 9.75, 11, 9.875 ], "texture": "#texture" }
    }
},
{
    "__comment": "Glass_Knife",
    "from": [ 7.75, 6, 5.125 ],
    "to": [ 8.25, 6.125, 5.625 ],
    "faces": {
        "down":  { "uv": [ 8.125, 10.125, 7.625, 9.625 ], "texture": "#texture" },
        "up":    { "uv": [ 7.75, 5.125, 8.25, 5.625 ], "texture": "#texture" },
        "north": { "uv": [ 7.75, 9.875, 8.25, 10 ], "texture": "#texture" },
        "west":  { "uv": [ 5.125, 9.875, 5.625, 10 ], "texture": "#texture" },
        "east":  { "uv": [ 10.375, 9.875, 10.875, 10 ], "texture": "#texture" }
    }
},
{
    "__comment": "Glass_Knife",
    "from": [ 7.75, 5.875, 5.375 ],
    "to": [ 8.25, 6, 7.125 ],
    "faces": {
        "down":  { "uv": [ 8.125, 13, 7.625, 11.25 ], "texture": "#texture" },
        "up":    { "uv": [ 7.75, 5.375, 8.25, 7.125 ], "texture": "#texture" },
        "north": { "uv": [ 7.75, 10, 8.25, 10.125 ], "texture": "#texture" },
        "west":  { "uv": [ 5.375, 10, 7.125, 10.125 ], "texture": "#texture" },
        "east":  { "uv": [ 8.875, 10, 10.625, 10.125 ], "texture": "#texture" }
    }
},
{
    "__comment": "Glass_Knife",
    "from": [ 7.75, 5.75, 6.875 ],
    "to": [ 8.25, 5.875, 7.125 ],
    "faces": {
        "down":  { "uv": [ 8.875, 9.875, 8.375, 9.625 ], "texture": "#texture" },
        "north": { "uv": [ 7.75, 10.125, 8.25, 10.25 ], "texture": "#texture" },
        "west":  { "uv": [ 6.875, 10.125, 7.125, 10.25 ], "texture": "#texture" },
        "east":  { "uv": [ 8.875, 10.125, 9.125, 10.25 ], "texture": "#texture" }
    }
},
{
    "__comment": "Glass_Knife",
    "from": [ 7.75, 5.625, 7 ],
    "to": [ 8.25, 5.75, 7.25 ],
    "faces": {
        "down":  { "uv": [ 8, 9.75, 7.5, 9.5 ], "texture": "#texture" },
        "up":    { "uv": [ 7.75, 7, 8.25, 7.25 ], "texture": "#texture" },
        "north": { "uv": [ 7.75, 10.25, 8.25, 10.375 ], "texture": "#texture" },
        "west":  { "uv": [ 7, 10.25, 7.25, 10.375 ], "texture": "#texture" },
        "east":  { "uv": [ 8.75, 10.25, 9, 10.375 ], "texture": "#texture" }
    }
},
{
    "__comment": "Glass_Knife",
    "from": [ 7.75, 6.5, 7 ],
    "to": [ 8.25, 6.75, 9 ],
    "faces": {
        "up":    { "uv": [ 6.625, 6.625, 6.875, 8.625 ], "texture": "#texture" },
        "north": { "uv": [ 6.75, 9.25, 7.25, 9.5 ], "texture": "#texture" },
        "south": { "uv": [ 8.75, 9.25, 9.25, 9.5 ], "texture": "#texture" },
        "west":  { "uv": [ 7, 9.25, 9, 9.5 ], "texture": "#texture" },
        "east":  { "uv": [ 9, 9.25, 7, 9.5 ], "texture": "#texture" }
    }
},
{
    "__comment": "Glass_Knife",
    "from": [ 7.75, 6.875, 7 ],
    "to": [ 8.25, 7.5, 9 ],
    "faces": {
        "down":  { "uv": [ 8.25, 9, 7.75, 7 ], "texture": "#texture" },
        "up":    { "uv": [ 7.75, 7, 8.25, 9 ], "texture": "#texture" },
        "north": { "uv": [ 8.25, 8.5, 8.75, 9.125 ], "texture": "#texture" },
        "south": { "uv": [ 8.25, 8.5, 8.75, 9.125 ], "texture": "#texture" },
        "west":  { "uv": [ 7, 8.5, 9, 9.125 ], "texture": "#texture" },
        "east":  { "uv": [ 9, 8.5, 7, 9.125 ], "texture": "#texture" }
    }
},
{
    "__comment": "Glass_Knife",
    "from": [ 7.75, 0.25, 7.125 ],
    "to": [ 8.25, 5.5, 7.375 ],
    "faces": {
        "down":  { "uv": [ 8.25, 9.875, 7.75, 9.625 ], "texture": "#texture" },
        "up":    { "uv": [ 7.75, 7.125, 8.25, 7.375 ], "texture": "#texture" },
        "north": { "uv": [ 7.75, 10.5, 8.25, 15.75 ], "texture": "#texture" },
        "west":  { "uv": [ 7.125, 10.5, 7.375, 15.75 ], "texture": "#texture" },
        "east":  { "uv": [ 8.625, 10.5, 8.875, 15.75 ], "texture": "#texture" }
    }
},
{
    "__comment": "Glass_Knife",
    "from": [ 7.75, 5.5, 7.125 ],
    "to": [ 8.25, 5.625, 7.25 ],
    "faces": {
        "north": { "uv": [ 7.75, 10.375, 8.25, 10.5 ], "texture": "#texture" },
        "west":  { "uv": [ 7.125, 10.375, 7.25, 10.5 ], "texture": "#texture" },
        "east":  { "uv": [ 8.75, 10.375, 8.875, 10.5 ], "texture": "#texture" }
    }
},
{
    "__comment": "Glass_Knife",
    "from": [ 7.75, 6.75, 7.125 ],
    "to": [ 8.25, 6.875, 8.875 ],
    "faces": {
        "north": { "uv": [ 7.75, 9.125, 8.25, 9.25 ], "texture": "#texture" },
        "south": { "uv": [ 7.75, 9.125, 8.25, 9.25 ], "texture": "#texture" },
        "west":  { "uv": [ 7.125, 9.125, 8.875, 9.25 ], "texture": "#texture" },
        "east":  { "uv": [ 8.875, 9.125, 7.125, 9.25 ], "texture": "#texture" }
    }
},
{
    "__comment": "Glass_Knife",
    "from": [ 7.75, 7.5, 7.125 ],
    "to": [ 8.25, 13.875, 8.875 ],
    "faces": {
        "up":    { "uv": [ 7.125, 2.25, 8.875, 2.125 ], "rotation": 90, "texture": "#texture" },
        "north": { "uv": [ 7.125, 2.125, 7.25, 8.5 ], "texture": "#texture" },
        "south": { "uv": [ 8.875, 2.125, 8.75, 8.5 ], "texture": "#texture" },
        "west":  { "uv": [ 7.125, 2.125, 8.875, 8.5 ], "texture": "#texture" },
        "east":  { "uv": [ 8.875, 2.125, 7.125, 8.5 ], "texture": "#texture" }
    }
},
{
    "__comment": "Glass_Knife",
    "from": [ 7.75, 0.125, 7.25 ],
    "to": [ 8.25, 0.25, 7.375 ],
    "faces": {
        "down":  { "uv": [ 8.125, 9.875, 7.625, 9.75 ], "texture": "#texture" },
        "north": { "uv": [ 7.75, 15.75, 8.25, 15.875 ], "texture": "#texture" },
        "west":  { "uv": [ 7.25, 15.75, 7.375, 15.875 ], "texture": "#texture" },
        "east":  { "uv": [ 8.625, 15.75, 8.75, 15.875 ], "texture": "#texture" }
    }
},
{
    "__comment": "Glass_Knife",
    "from": [ 7.75, 13.875, 7.25 ],
    "to": [ 8.25, 14.75, 8.75 ],
    "faces": {
        "up":    { "uv": [ 7.75, 6.5, 8.25, 8 ], "texture": "#texture" },
        "north": { "uv": [ 8.25, 1.25, 8.75, 2.125 ], "texture": "#texture" },
        "south": { "uv": [ 8.25, 1.25, 8.75, 2.125 ], "texture": "#texture" },
        "west":  { "uv": [ 7.25, 1.25, 8.75, 2.125 ], "texture": "#texture" },
        "east":  { "uv": [ 8.75, 1.25, 7.25, 2.125 ], "texture": "#texture" }
    }
},
{
    "__comment": "Glass_Knife",
    "from": [ 7.75, 0, 7.375 ],
    "to": [ 8.25, 0.125, 8.625 ],
    "faces": {
        "down":  { "uv": [ 8.25, 11.75, 7.75, 10.5 ], "texture": "#texture", "cullface": "down" },
        "north": { "uv": [ 7.75, 15.875, 8.25, 16 ], "texture": "#texture" },
        "south": { "uv": [ 7.75, 15.875, 8.25, 16 ], "texture": "#texture" },
        "west":  { "uv": [ 7.375, 15.875, 8.625, 16 ], "texture": "#texture" },
        "east":  { "uv": [ 7.375, 15.875, 8.625, 16 ], "texture": "#texture" }
    }
},
{
    "__comment": "Glass_Knife",
    "from": [ 7.75, 14.75, 7.375 ],
    "to": [ 8.25, 15.375, 8.625 ],
    "faces": {
        "up":    { "uv": [ 7.75, 7.125, 8.25, 8.375 ], "texture": "#texture" },
        "north": { "uv": [ 7.5, 0.75, 8, 1.25 ], "texture": "#texture" },
        "south": { "uv": [ 7.5, 0.75, 8, 1.25 ], "texture": "#texture" },
        "west":  { "uv": [ 7.375, 0.625, 8.625, 1.25 ], "texture": "#texture" },
        "east":  { "uv": [ 8.625, 0.75, 7.375, 1.25 ], "texture": "#texture" }
    }
},
{
    "__comment": "Glass_Knife",
    "from": [ 7.75, 15.375, 7.375 ],
    "to": [ 8.25, 15.625, 8.625 ],
    "faces": {
        "up":    { "uv": [ 7.75, 7.25, 8.125, 8.375 ], "texture": "#texture" },
        "north": { "uv": [ 7.875, 0.625, 8.25, 0.75 ], "texture": "#texture" },
        "south": { "uv": [ 7.75, 0.625, 8.125, 0.75 ], "texture": "#texture" },
        "west":  { "uv": [ 7.375, 0.625, 8.5, 0.75 ], "texture": "#texture" },
        "east":  { "uv": [ 8.5, 0.625, 7.375, 0.75 ], "texture": "#texture" }
    }
},
{
    "__comment": "Glass_Knife",
    "from": [ 7.75, 15.625, 7.5 ],
    "to": [ 8.25, 15.75, 8.5 ],
    "faces": {
        "down":  { "uv": [ 8.25, 8.5, 7.75, 7.5 ], "texture": "#texture" },
        "up":    { "uv": [ 7.5, 6.375, 7.75, 7.375 ], "texture": "#texture" },
        "north": { "uv": [ 7.5, 0.5, 7.75, 0.625 ], "texture": "#texture" },
        "south": { "uv": [ 7.75, 0.5, 8.25, 0.625 ], "texture": "#texture" },
        "west":  { "uv": [ 7.5, 0.5, 8.5, 0.625 ], "texture": "#texture" },
        "east":  { "uv": [ 8.5, 0.5, 7.5, 0.625 ], "texture": "#texture" }
    }
},
{
    "__comment": "Glass_Knife",
    "from": [ 7.75, 15.75, 7.5 ],
    "to": [ 8.25, 15.875, 8.5 ],
    "faces": {
        "up":    { "uv": [ 7.75, 2.125, 8, 1.375 ], "rotation": 180, "texture": "#texture" },
        "north": { "uv": [ 7.75, 1.5, 8, 1.625 ], "texture": "#texture" },
        "south": { "uv": [ 8.625, 1.5, 8.5, 1.625 ], "texture": "#texture" },
        "west":  { "uv": [ 7.5, 2.75, 8.5, 2.875 ], "texture": "#texture" },
        "east":  { "uv": [ 7.75, 3.25, 8.75, 3.375 ], "texture": "#texture" }
    }
},
{
    "__comment": "Glass_Knife",
    "from": [ 7.75, 15.875, 7.875 ],
    "to": [ 8.25, 16.25, 8.125 ],
    "faces": {
        "up":    { "uv": [ 7.75, 0.25, 8.25, 0.375 ], "rotation": 90, "texture": "#texture" },
        "north": { "uv": [ 6.875, 2.75, 7.125, 3.125 ], "texture": "#texture" },
        "south": { "uv": [ 8.75, 2, 9, 2.375 ], "texture": "#texture" },
        "west":  { "uv": [ 7.75, 0.25, 8.25, 0.625 ], "texture": "#texture" },
        "east":  { "uv": [ 8.25, 0.25, 7.75, 0.625 ], "texture": "#texture" }
    }
},
{
    "__comment": "Glass_Knife",
    "from": [ 7.75, 0.125, 8.625 ],
    "to": [ 8.25, 5.5, 8.75 ],
    "faces": {
        "down":  { "uv": [ 8.375, 10.625, 7.875, 10.5 ], "texture": "#texture" },
        "south": { "uv": [ 7.75, 10.5, 8.25, 15.875 ], "texture": "#texture" },
        "west":  { "uv": [ 8.625, 10.5, 8.75, 15.875 ], "texture": "#texture" },
        "east":  { "uv": [ 7.25, 10.5, 7.375, 15.875 ], "texture": "#texture" }
    }
},
{
    "__comment": "Glass_Knife",
    "from": [ 7.75, 0.25, 8.75 ],
    "to": [ 8.25, 5.75, 8.875 ],
    "faces": {
        "down":  { "uv": [ 8.5, 10.5, 8, 10.375 ], "texture": "#texture" },
        "north": { "uv": [ 7.75, 10.25, 8.25, 15.75 ], "texture": "#texture" },
        "south": { "uv": [ 7.75, 10.25, 8.25, 15.75 ], "texture": "#texture" },
        "west":  { "uv": [ 8.75, 10.25, 8.875, 15.75 ], "texture": "#texture" },
        "east":  { "uv": [ 7.125, 10.25, 7.25, 15.75 ], "texture": "#texture" }
    }
},
{
    "__comment": "Glass_Knife",
    "from": [ 7.75, 5.625, 8.875 ],
    "to": [ 8.25, 6, 9 ],
    "faces": {
        "down":  { "uv": [ 8.25, 9.625, 7.75, 9.5 ], "texture": "#texture" },
        "north": { "uv": [ 7.75, 10, 8.25, 10.375 ], "texture": "#texture" },
        "south": { "uv": [ 7.75, 10, 8.25, 10.375 ], "texture": "#texture" },
        "west":  { "uv": [ 8.875, 10, 9, 10.375 ], "texture": "#texture" },
        "east":  { "uv": [ 7, 10, 7.125, 10.375 ], "texture": "#texture" }
    }
},
{
    "__comment": "Glass_Knife",
    "from": [ 7.75, 5.75, 9 ],
    "to": [ 8.25, 6, 9.125 ],
    "faces": {
        "down":  { "uv": [ 8.25, 9.75, 7.75, 9.625 ], "texture": "#texture" },
        "south": { "uv": [ 7.75, 10, 8.25, 10.25 ], "texture": "#texture" },
        "west":  { "uv": [ 9, 10, 9.125, 10.25 ], "texture": "#texture" },
        "east":  { "uv": [ 6.875, 10, 7, 10.25 ], "texture": "#texture" }
    }
},
{
    "__comment": "Glass_Knife",
    "from": [ 7.75, 5.875, 9.125 ],
    "to": [ 8.25, 6, 10.625 ],
    "faces": {
        "down":  { "uv": [ 8.75, 11.75, 8.25, 10.25 ], "texture": "#texture" },
        "up":    { "uv": [ 7.75, 9.125, 8.25, 10.625 ], "texture": "#texture" },
        "south": { "uv": [ 7.75, 10, 8.25, 10.125 ], "texture": "#texture" },
        "west":  { "uv": [ 9.125, 10, 10.625, 10.125 ], "texture": "#texture" },
        "east":  { "uv": [ 5.375, 10, 6.875, 10.125 ], "texture": "#texture" }
    }
},
{
    "__comment": "Glass_Knife",
    "from": [ 7.75, 6, 10.375 ],
    "to": [ 8.25, 6.125, 10.875 ],
    "faces": {
        "down":  { "uv": [ 8.25, 10.875, 7.75, 10.375 ], "texture": "#texture" },
        "up":    { "uv": [ 7.75, 10.375, 8.25, 10.875 ], "texture": "#texture" },
        "south": { "uv": [ 7.75, 9.875, 8.25, 10 ], "texture": "#texture" },
        "west":  { "uv": [ 10.375, 9.875, 10.875, 10 ], "texture": "#texture" },
        "east":  { "uv": [ 5.125, 9.875, 5.625, 10 ], "texture": "#texture" }
    }
},
{
    "__comment": "Glass_Knife",
    "from": [ 7.75, 6.125, 10.625 ],
    "to": [ 8.25, 6.25, 11 ],
    "faces": {
        "down":  { "uv": [ 8.25, 11, 7.75, 10.625 ], "texture": "#texture" },
        "up":    { "uv": [ 7.75, 10.625, 8.25, 11 ], "texture": "#texture" },
        "south": { "uv": [ 7.75, 9.75, 8.25, 9.875 ], "texture": "#texture" },
        "west":  { "uv": [ 10.625, 9.75, 11, 9.875 ], "texture": "#texture" },
        "east":  { "uv": [ 5, 9.75, 5.375, 9.875 ], "texture": "#texture" }
    }
},
{
    "__comment": "Glass_Knife",
    "from": [ 7.75, 6.25, 10.875 ],
    "to": [ 8.25, 6.375, 11.125 ],
    "faces": {
        "down":  { "uv": [ 8.25, 11.125, 7.75, 10.875 ], "texture": "#texture" },
        "up":    { "uv": [ 7.75, 10.875, 8.25, 11.125 ], "texture": "#texture" },
        "south": { "uv": [ 7.75, 9.625, 8.25, 9.75 ], "texture": "#texture" },
        "west":  { "uv": [ 10.875, 9.625, 11.125, 9.75 ], "texture": "#texture" },
        "east":  { "uv": [ 4.875, 9.625, 5.125, 9.75 ], "texture": "#texture" }
    }
},
{
    "__comment": "Glass_Knife",
    "from": [ 7.75, 6.375, 11 ],
    "to": [ 8.25, 6.5, 11.125 ],
    "faces": {
        "south": { "uv": [ 7.75, 9.5, 8.25, 9.625 ], "texture": "#texture" },
        "west":  { "uv": [ 11, 9.5, 11.125, 9.625 ], "texture": "#texture" },
        "east":  { "uv": [ 4.875, 9.5, 5, 9.625 ], "texture": "#texture" }
    }
},
{
    "__comment": "Glass_Knife",
    "from": [ 7.875, 7.25, 6.625 ],
    "to": [ 8.125, 14.125, 7 ],
    "faces": {
        "down":  { "uv": [ 8.125, 7, 7.875, 6.625 ], "texture": "#texture" },
        "up":    { "uv": [ 6.625, 6.75, 6.875, 7.125 ], "texture": "#texture" },
        "north": { "uv": [ 6.625, 1.75, 6.875, 8.75 ], "texture": "#texture" },
        "south": { "uv": [ 7.875, 1.8750009536743164, 8.125, 8.75 ], "texture": "#texture" },
        "west":  { "uv": [ 6.625, 1.75, 7, 8.75 ], "texture": "#texture" },
        "east":  { "uv": [ 7, 1.75, 6.625, 8.75 ], "texture": "#texture" }
    }
},
{
    "__comment": "Glass_Knife",
    "from": [ 7.875, 6.875, 6.75 ],
    "to": [ 8.125, 7.25, 7 ],
    "faces": {
        "down":  { "uv": [ 8.125, 7, 7.875, 6.75 ], "texture": "#texture" },
        "north": { "uv": [ 7, 8.75, 6.75, 9.125 ], "texture": "#texture" },
        "west":  { "uv": [ 6.75, 8.75, 7, 9.125 ], "texture": "#texture" },
        "east":  { "uv": [ 7, 8.75, 6.75, 9.125 ], "texture": "#texture" }
    }
},
{
    "__comment": "Glass_Knife",
    "from": [ 7.875, 6.75, 6.875 ],
    "to": [ 8.125, 6.875, 7.125 ],
    "faces": {
        "down":  { "uv": [ 8.125, 7.125, 7.875, 6.875 ], "texture": "#texture" },
        "up":    { "uv": [ 7.875, 6.875, 8.125, 7.125 ], "texture": "#texture" },
        "north": { "uv": [ 6.875, 9.125, 7.125, 9.25 ], "texture": "#texture" },
        "west":  { "uv": [ 6.875, 9.125, 7.125, 9.25 ], "texture": "#texture" },
        "east":  { "uv": [ 7.125, 9.125, 6.875, 9.25 ], "texture": "#texture" }
    }
},
{
    "__comment": "Glass_Knife",
    "from": [ 7.875, 14.625, 6.875 ],
    "to": [ 8.125, 15, 7.25 ],
    "faces": {
        "up":    { "uv": [ 6.625, 6.875, 6.875, 7.25 ], "texture": "#texture" },
        "north": { "uv": [ 6.875, 1, 7.125, 1.375 ], "texture": "#texture" },
        "south": { "uv": [ 7.875, 1, 8.125, 1.375 ], "texture": "#texture" },
        "west":  { "uv": [ 6.875, 1, 7.25, 1.375 ], "texture": "#texture" },
        "east":  { "uv": [ 7.25, 1, 6.875, 1.375 ], "texture": "#texture" }
    }
},
{
    "__comment": "Glass_Knife",
    "from": [ 7.875, 7.5, 7 ],
    "to": [ 8.125, 14.125, 7.125 ],
    "faces": {
        "south": { "uv": [ 7.875, 1.75, 8.125, 8.5 ], "texture": "#texture" },
        "west":  { "uv": [ 7, 1.75, 7.125, 8.5 ], "texture": "#texture" },
        "east":  { "uv": [ 7.125, 1.75, 7, 8.5 ], "texture": "#texture" }
    }
},
{
    "__comment": "Glass_Knife",
    "from": [ 7.875, 15, 7 ],
    "to": [ 8.125, 15.375, 7.375 ],
    "faces": {
        "down":  { "uv": [ 8.125, 7.375, 7.875, 7 ], "texture": "#texture" },
        "up":    { "uv": [ 6.625, 7, 6.875, 7.375 ], "texture": "#texture" },
        "north": { "uv": [ 7, 0.75, 7.25, 1 ], "texture": "#texture" },
        "west":  { "uv": [ 7, 0.75, 7.375, 1 ], "texture": "#texture" },
        "east":  { "uv": [ 7.375, 0.75, 7, 1 ], "texture": "#texture" }
    }
},
{
    "__comment": "Glass_Knife",
    "from": [ 7.875, 13.875, 7.125 ],
    "to": [ 8.125, 14.125, 7.25 ],
    "faces": {
        "west":  { "uv": [ 7.125, 1.75, 7.25, 2.125 ], "texture": "#texture" },
        "east":  { "uv": [ 8.75, 1.75, 8.875, 2.125 ], "texture": "#texture" }
    }
},
{
    "__comment": "Glass_Knife",
    "from": [ 7.875, 15.375, 7.125 ],
    "to": [ 8.125, 15.625, 7.375 ],
    "faces": {
        "up":    { "uv": [ 6.625, 7.125, 6.875, 7.375 ], "texture": "#texture" },
        "north": { "uv": [ 7.125, 0.5, 7.375, 0.75 ], "texture": "#texture" },
        "south": { "uv": [ 7.875, 0.5, 8.125, 0.75 ], "texture": "#texture" },
        "west":  { "uv": [ 7.125, 0.5, 7.375, 0.75 ], "texture": "#texture" },
        "east":  { "uv": [ 7.375, 0.5, 7.125, 0.75 ], "texture": "#texture" }
    }
},
{
    "__comment": "Glass_Knife",
    "from": [ 7.875, 14.75, 7.25 ],
    "to": [ 8.125, 15, 7.375 ],
    "faces": {
        "west":  { "uv": [ 7.25, 1, 7.375, 1.25 ], "texture": "#texture" },
        "east":  { "uv": [ 8.625, 1, 8.75, 1.25 ], "texture": "#texture" }
    }
},
{
    "__comment": "Glass_Knife",
    "from": [ 7.875, 15.75, 7.25 ],
    "to": [ 8.125, 15.875, 7.5 ],
    "faces": {
        "down":  { "uv": [ 8.125, 7.625, 7.875, 7.25 ], "texture": "#texture" },
        "up":    { "uv": [ 6.625, 7, 6.875, 7.375 ], "texture": "#texture" },
        "north": { "uv": [ 7.25, 0.375, 7.5, 0.5 ], "texture": "#texture" },
        "west":  { "uv": [ 7.25, 0.375, 7.5, 0.5 ], "texture": "#texture" },
        "east":  { "uv": [ 7.5, 0.375, 7.25, 0.5 ], "texture": "#texture" }
    }
},
{
    "__comment": "Glass_Knife",
    "from": [ 7.875, 15.875, 7.375 ],
    "to": [ 8.125, 16, 7.75 ],
    "faces": {
        "down":  { "uv": [ 8.125, 7.75, 7.875, 7.375 ], "texture": "#texture" },
        "up":    { "uv": [ 6.625, 7, 6.875, 7.375 ], "texture": "#texture" },
        "north": { "uv": [ 7.375, 0.25, 7.625, 0.375 ], "texture": "#texture" },
        "west":  { "uv": [ 7.375, 0.25, 7.75, 0.375 ], "texture": "#texture" },
        "east":  { "uv": [ 7.75, 0.25, 7.375, 0.375 ], "texture": "#texture" }
    }
},
{
    "__comment": "Glass_Knife",
    "from": [ 7.875, 16.125, 7.625 ],
    "to": [ 8.125, 16.25, 7.875 ],
    "faces": {
        "up":    { "uv": [ 6.625, 7.75, 6.875, 7.875 ], "texture": "#texture" },
        "north": { "uv": [ 7.625, 0.125, 7.875, 0.25 ], "texture": "#texture" },
        "west":  { "uv": [ 7.625, 0.125, 7.75, 0.25 ], "texture": "#texture" },
        "east":  { "uv": [ 7.75, 0.125, 7.875, 0.25 ], "texture": "#texture" }
    }
},
{
    "__comment": "Glass_Knife",
    "from": [ 7.875, 16.375, 7.875 ],
    "to": [ 8.125, 16.5, 8.125 ],
    "faces": {
        "up":    { "uv": [ 9.625, 0.375, 9.875, 0.625 ], "texture": "#texture", "cullface": "up" },
        "north": { "uv": [ 7.875, 0, 8.125, 0.125 ], "texture": "#texture" },
        "south": { "uv": [ 7.875, 0, 8.125, 0.125 ], "texture": "#texture" },
        "west":  { "uv": [ 7.875, 0, 8.125, 0.125 ], "texture": "#texture" },
        "east":  { "uv": [ 8.125, 0, 7.875, 0.125 ], "texture": "#texture" }
    }
},
{
    "__comment": "Glass_Knife",
    "from": [ 7.875, 15.875, 8.25 ],
    "to": [ 8.125, 16, 8.625 ],
    "faces": {
        "down":  { "uv": [ 8.125, 8.5, 7.875, 8.25 ], "texture": "#texture" },
        "up":    { "uv": [ 8.5, 0.375, 8.75, 0.625 ], "texture": "#texture" },
        "south": { "uv": [ 8.25, 0.25, 8.5, 0.375 ], "texture": "#texture" },
        "west":  { "uv": [ 8.125, 0.25, 8.5, 0.375 ], "texture": "#texture" },
        "east":  { "uv": [ 8.5, 0.25, 8.125, 0.375 ], "texture": "#texture" }
    }
},
{
    "__comment": "Glass_Knife",
    "from": [ 7.875, 16.125, 8.125 ],
    "to": [ 8.125, 16.25, 8.375 ],
    "faces": {
        "up":    { "uv": [ 9.7499990463256836, 0.5, 9.9999990463256836, 0.625 ], "texture": "#texture" },
        "south": { "uv": [ 8.125, 0.125, 8.375, 0.25 ], "texture": "#texture" },
        "west":  { "uv": [ 8.25, 0.125, 8.375, 0.25 ], "texture": "#texture" },
        "east":  { "uv": [ 8.375, 0.125, 8.25, 0.25 ], "texture": "#texture" }
    }
},
{
    "__comment": "Glass_Knife",
    "from": [ 7.875, 15.75, 8.375 ],
    "to": [ 8.125, 15.875, 8.75 ],
    "faces": {
        "down":  { "uv": [ 8.125, 8.75, 7.875, 8.375 ], "texture": "#texture" },
        "up":    { "uv": [ 9.9999990463256836, 0.625, 10.25, 1 ], "texture": "#texture" },
        "south": { "uv": [ 8.5, 0.375, 8.75, 0.5 ], "texture": "#texture" },
        "west":  { "uv": [ 8.375, 0.375, 8.75, 0.5 ], "texture": "#texture" },
        "east":  { "uv": [ 8.75, 0.375, 8.375, 0.5 ], "texture": "#texture" }
    }
},
{
    "__comment": "Glass_Knife",
    "from": [ 7.875, 15.375, 8.5 ],
    "to": [ 8.125, 15.625, 8.875 ],
    "faces": {
        "down":  { "uv": [ 8.125, 8.875, 7.875, 8.5 ], "texture": "#texture" },
        "up":    { "uv": [ 9.7500009536743164, 0.125, 10, 0.5 ], "texture": "#texture" },
        "south": { "uv": [ 8.625, 0.625, 8.875, 0.75 ], "texture": "#texture" },
        "west":  { "uv": [ 8.5, 0.625, 8.875, 0.75 ], "texture": "#texture" },
        "east":  { "uv": [ 8.875, 0.625, 8.5, 0.75 ], "texture": "#texture" }
    }
},
{
    "__comment": "Glass_Knife",
    "from": [ 7.875, 15.625, 8.5 ],
    "to": [ 8.125, 15.75, 8.625 ],
    "faces": {
        "south": { "uv": [ 8.5, 0.5, 8.75, 0.625 ], "texture": "#texture" },
        "west":  { "uv": [ 8.5, 0.5, 8.75, 0.625 ], "texture": "#texture" },
        "east":  { "uv": [ 8.75, 0.5, 8.5, 0.625 ], "texture": "#texture" }
    }
},
{
    "__comment": "Glass_Knife",
    "from": [ 7.875, 14.75, 8.625 ],
    "to": [ 8.125, 15, 9.125 ],
    "faces": {
        "down":  { "uv": [ 8.125, 9.125, 7.875, 8.625 ], "texture": "#texture" },
        "up":    { "uv": [ 9.5, 0.25, 9.75, 0.75 ], "texture": "#texture" },
        "south": { "uv": [ 8.875, 1, 9.125, 1.25 ], "texture": "#texture" },
        "west":  { "uv": [ 8.625, 1, 9.125, 1.25 ], "texture": "#texture" },
        "east":  { "uv": [ 9.125, 1, 8.625, 1.25 ], "texture": "#texture" }
    }
},
{
    "__comment": "Glass_Knife",
    "from": [ 7.875, 15, 8.625 ],
    "to": [ 8.125, 15.375, 9 ],
    "faces": {
        "up":    { "uv": [ 10, 0.5, 10.25, 0.875 ], "texture": "#texture" },
        "south": { "uv": [ 8.75, 0.75, 9, 1 ], "texture": "#texture" },
        "west":  { "uv": [ 8.625, 0.75, 9, 1 ], "texture": "#texture" },
        "east":  { "uv": [ 9, 0.75, 8.625, 1 ], "texture": "#texture" }
    }
},
{
    "__comment": "Glass_Knife",
    "from": [ 7.875, 13.875, 8.75 ],
    "to": [ 8.125, 14.125, 9.375 ],
    "faces": {
        "down":  { "uv": [ 8.125, 9.375, 7.875, 8.75 ], "texture": "#texture" },
        "up":    { "uv": [ 9.75, 0.125, 10, 0.75 ], "texture": "#texture" },
        "south": { "uv": [ 9.125, 1.875, 9.375, 2.125 ], "texture": "#texture" },
        "west":  { "uv": [ 8.75, 1.875, 9.375, 2.125 ], "texture": "#texture" },
        "east":  { "uv": [ 9.375, 1.875, 8.75, 2.125 ], "texture": "#texture" }
    }
},
{
    "__comment": "Glass_Knife",
    "from": [ 7.875, 14.125, 8.75 ],
    "to": [ 8.125, 14.625, 9.25 ],
    "faces": {
        "up":    { "uv": [ 9.75, 0.375, 10, 0.875 ], "texture": "#texture" },
        "south": { "uv": [ 9, 1.375, 9.25, 1.875 ], "texture": "#texture" },
        "west":  { "uv": [ 8.75, 1.375, 9.25, 1.875 ], "texture": "#texture" },
        "east":  { "uv": [ 9.25, 1.375, 8.75, 1.875 ], "texture": "#texture" }
    }
},
{
    "__comment": "Glass_Knife",
    "from": [ 7.875, 14.625, 8.75 ],
    "to": [ 8.125, 14.75, 9.125 ],
    "faces": {
        "south": { "uv": [ 9.125, 1.25, 9, 1.375 ], "texture": "#texture" },
        "west":  { "uv": [ 8.75, 1.25, 9.125, 1.375 ], "texture": "#texture" },
        "east":  { "uv": [ 9.125, 1.25, 8.75, 1.375 ], "texture": "#texture" }
    }
},
{
    "__comment": "Glass_Knife",
    "from": [ 7.875, 6.75, 8.875 ],
    "to": [ 8.125, 6.875, 9.125 ],
    "faces": {
        "down":  { "uv": [ 9.625, 0.625, 9.375, 0.375 ], "texture": "#texture" },
        "up":    { "uv": [ 7.875, 8.875, 8.125, 9.125 ], "texture": "#texture" },
        "south": { "uv": [ 8.875, 9.125, 9.125, 9.25 ], "texture": "#texture" },
        "west":  { "uv": [ 8.875, 9.125, 9.125, 9.25 ], "texture": "#texture" },
        "east":  { "uv": [ 9.125, 9.125, 8.875, 9.25 ], "texture": "#texture" }
    }
},
{
    "__comment": "Glass_Knife",
    "from": [ 7.875, 7.5, 8.875 ],
    "to": [ 8.125, 13.875, 9.375 ],
    "faces": {
        "down":  { "uv": [ 8.125, 9.375, 7.875, 8.875 ], "texture": "#texture" },
        "south": { "uv": [ 9.125, 2.125, 9.375, 8.5 ], "texture": "#texture" },
        "west":  { "uv": [ 8.875, 2.125, 9.375, 8.5 ], "texture": "#texture" },
        "east":  { "uv": [ 9.375, 2.125, 8.875, 8.5 ], "texture": "#texture" }
    }
},
{
    "__comment": "Glass_Knife",
    "from": [ 7.875, 6.875, 9 ],
    "to": [ 8.125, 7.5, 9.25 ],
    "faces": {
        "down":  { "uv": [ 9.75, 0.375, 9.5, 0.125 ], "texture": "#texture" },
        "south": { "uv": [ 9, 8.5, 9.25, 9.125 ], "texture": "#texture" },
        "west":  { "uv": [ 9, 8.5, 9.25, 9.125 ], "texture": "#texture" },
        "east":  { "uv": [ 9.25, 8.5, 9, 9.125 ], "texture": "#texture" }
    }
},
{
    "__comment": "Glass_Knife",
    "from": [ 7.875, 7.25, 9.25 ],
    "to": [ 8.125, 7.5, 9.375 ],
    "faces": {
        "down":  { "uv": [ 10, 0.625, 9.75, 0.5 ], "texture": "#texture" },
        "south": { "uv": [ 9.125, 8.5, 9.375, 8.75 ], "texture": "#texture" },
        "west":  { "uv": [ 9.25, 8.5, 9.375, 8.75 ], "texture": "#texture" },
        "east":  { "uv": [ 9.375, 8.5, 9.25, 8.75 ], "texture": "#texture" }
    }
},
{
    "__comment": "Glass_Knife",
    "from": [ 7.875, 14.125, 6.75 ],
    "to": [ 8.125, 14.625, 7.25 ],
    "faces": {
        "up":    { "uv": [ 6.625, 6.875, 6.875, 7.25 ], "texture": "#texture" },
        "north": { "uv": [ 6.875, 1, 7.125, 1.375 ], "texture": "#texture" },
        "south": { "uv": [ 7.875, 1, 8.125, 1.375 ], "texture": "#texture" },
        "west":  { "uv": [ 6.875, 1, 7.375, 1.375 ], "texture": "#texture" },
        "east":  { "uv": [ 7.375, 1, 6.875, 1.375 ], "texture": "#texture" }
    }
},
{
    "__comment": "Glass_Knife",
    "from": [ 7.875, 16, 8.25 ],
    "to": [ 8.125, 16.125, 8.5 ],
    "faces": {
        "up":    { "uv": [ 9.7499990463256836, 0.5, 9.9999990463256836, 0.625 ], "texture": "#texture" },
        "south": { "uv": [ 8.125, 0.125, 8.375, 0.25 ], "texture": "#texture" },
        "west":  { "uv": [ 8.25, 0.125, 8.375, 0.25 ], "texture": "#texture" },
        "east":  { "uv": [ 8.375, 0.125, 8.25, 0.25 ], "texture": "#texture" }
    }
},
{
    "__comment": "Glass_Knife",
    "from": [ 7.875, 16, 7.5 ],
    "to": [ 8.125, 16.125, 7.75 ],
    "faces": {
        "up":    { "uv": [ 6.625, 7.75, 6.875, 7.875 ], "texture": "#texture" },
        "north": { "uv": [ 7.625, 0.125, 7.875, 0.25 ], "texture": "#texture" },
        "west":  { "uv": [ 7.625, 0.125, 7.75, 0.25 ], "texture": "#texture" },
        "east":  { "uv": [ 7.625, 0.125, 7.875, 0.25 ], "texture": "#texture" }
    }
},
{
    "__comment": "Glass_Knife",
    "from": [ 7.875, 16.25, 7.75 ],
    "to": [ 8.125, 16.375, 8 ],
    "faces": {
        "up":    { "uv": [ 6.625, 7.75, 6.875, 7.875 ], "texture": "#texture" },
        "north": { "uv": [ 7.625, 0.125, 7.875, 0.25 ], "texture": "#texture" },
        "west":  { "uv": [ 7.625, 0.125, 7.75, 0.25 ], "texture": "#texture" },
        "east":  { "uv": [ 7.625, 0.125, 7.875, 0.25 ], "texture": "#texture" }
    }
},
{
    "__comment": "Glass_Knife",
    "from": [ 7.875, 16.25, 8 ],
    "to": [ 8.125, 16.375, 8.25 ],
    "faces": {
        "up":    { "uv": [ 9.7499990463256836, 0.5, 9.9999990463256836, 0.625 ], "texture": "#texture" },
        "south": { "uv": [ 8.125, 0.125, 8.375, 0.25 ], "texture": "#texture" },
        "west":  { "uv": [ 8.25, 0.125, 8.375, 0.25 ], "texture": "#texture" },
        "east":  { "uv": [ 8.375, 0.125, 8.25, 0.25 ], "texture": "#texture" }
    }
},
{
    "__comment": "Glass_Knife",
    "from": [ 7.875, 15.625, 8.625 ],
    "to": [ 8.125, 15.75, 8.75 ],
    "faces": {
        "south": { "uv": [ 8.5, 0.5, 8.75, 0.625 ], "texture": "#texture" },
        "west":  { "uv": [ 8.5, 0.5, 8.75, 0.625 ], "texture": "#texture" },
        "east":  { "uv": [ 8.75, 0.5, 8.5, 0.625 ], "texture": "#texture" }
    }
},
{
    "__comment": "Glass_Knife",
    "from": [ 7.875, 15.625, 7.25 ],
    "to": [ 8.125, 15.75, 7.5 ],
    "faces": {
        "down":  { "uv": [ 8.125, 7.625, 7.875, 7.25 ], "texture": "#texture" },
        "up":    { "uv": [ 6.625, 7, 6.875, 7.375 ], "texture": "#texture" },
        "north": { "uv": [ 7.25, 0.375, 7.5, 0.5 ], "texture": "#texture" },
        "west":  { "uv": [ 7.25, 0.375, 7.5, 0.5 ], "texture": "#texture" },
        "east":  { "uv": [ 7.5, 0.375, 7.25, 0.5 ], "texture": "#texture" }
    }
},
{
    "__comment": "Glass_Knife",
    "from": [ 7.75, 15.875, 7.75 ],
    "to": [ 8.25, 16.125, 7.875 ],
    "faces": {
        "up":    { "uv": [ 9.125, 2.25, 9.375, 2.125 ], "texture": "#texture" },
        "north": { "uv": [ 9.375, 2.125, 9.125, 2.5 ], "texture": "#texture" },
        "south": { "uv": [ 9.125, 2.125, 9.375, 2.5 ], "texture": "#texture" },
        "west":  { "uv": [ 9.125, 2.125, 9.25, 2.5 ], "texture": "#texture" },
        "east":  { "uv": [ 9.375, 2.125, 9.25, 2.5 ], "texture": "#texture" }
    }
},
{
    "__comment": "Glass_Knife",
    "from": [ 7.75, 15.875, 7.625 ],
    "to": [ 8.25, 16, 7.75 ],
    "faces": {
        "up":    { "uv": [ 9.125, 2.375, 9.375, 2.25 ], "texture": "#texture" },
        "north": { "uv": [ 9.375, 2.25, 9.125, 2.625 ], "texture": "#texture" },
        "south": { "uv": [ 9.125, 2.25, 9.375, 2.625 ], "texture": "#texture" },
        "west":  { "uv": [ 9.125, 2.25, 9.25, 2.625 ], "texture": "#texture" },
        "east":  { "uv": [ 9.375, 2.25, 9.25, 2.625 ], "texture": "#texture" }
    }
},
{
    "__comment": "Glass_Knife",
    "from": [ 7.75, 15.875, 8.25 ],
    "to": [ 8.25, 16, 8.375 ],
    "faces": {
        "up":    { "uv": [ 7.75, 0.25, 8.25, 0.375 ], "rotation": 90, "texture": "#texture" },
        "north": { "uv": [ 6.625, 2.75, 6.875, 3.125 ], "texture": "#texture" },
        "south": { "uv": [ 9.125, 2.125, 9.375, 2.5 ], "texture": "#texture" },
        "west":  { "uv": [ 7.75, 0.25, 8.25, 0.625 ], "texture": "#texture" },
        "east":  { "uv": [ 8.25, 0.25, 7.75, 0.625 ], "texture": "#texture" }
    }
},
{
    "__comment": "Glass_Knife",
    "from": [ 7.75, 15.875, 8.125 ],
    "to": [ 8.25, 16.125, 8.25 ],
    "faces": {
        "up":    { "uv": [ 7.75, 0.25, 8.25, 0.375 ], "rotation": 90, "texture": "#texture" },
        "north": { "uv": [ 6.625, 2.75, 6.875, 3.125 ], "texture": "#texture" },
        "south": { "uv": [ 9.125, 2.25, 9.375, 2.625 ], "texture": "#texture" },
        "west":  { "uv": [ 7.75, 0.25, 8.25, 0.625 ], "texture": "#texture" },
        "east":  { "uv": [ 8.25, 0.25, 7.75, 0.625 ], "texture": "#texture" }
    }
}
],
"display": {
    "thirdperson": {
        "rotation": [ -90, 20, -20 ],
        "translation": [ 0.2, 1, -2.4 ],
        "scale": [ 0.85, 0.85, 0.85 ]
    },
    "firstperson": {
        "rotation": [ -20, 0, 0 ],
        "translation": [ 0, 3, 0 ],
        "scale": [ 1.4, 1.4, 1.4 ]
    },
    "gui": {
        "rotation": [ 45, 45, 0 ],
        "translation": [ 0, 0, 0 ],
        "scale": [ 2.3, 2.3, 2.3 ]
    },
    "ground": {
        "rotation": [ 0, 0, 0 ],
        "translation": [ 0, 0, 0 ],
        "scale": [ 2.5, 2.5, 2.5 ]
    }
}
}