{
  "christmas.general_lets_go": {
    "category": "master",
    "sounds": [
      {
        "name": "christmas/general_lets_go",
        "stream": true
      }]
  },
  "christmas.general_follow_me": {
    "category": "master",
    "sounds": [
      {
        "name": "christmas/general_follow_me",
        "stream": true
      }]
  },
  "christmas.general_well_done": {
    "category": "master",
    "sounds": [
      {
        "name": "christmas/general_well_done",
        "stream": true
      }]
  },
  "christmas.general_collect_presents": {
    "category": "master",
    "sounds": [
      {
        "name": "christmas/general_collect_presents",
        "stream": true
      }]
  },
  
  "christmas.intro": {
    "category": "master",
    "sounds": [
      {
        "name": "christmas/intro",
        "stream": true
      }]
  },
  
  "christmas.elf1": {
    "category": "master",
    "sounds": [
      {
        "name": "christmas/elf1",
        "stream": true
      }]
  },
  "christmas.elf2": {
    "category": "master",
    "sounds": [
      {
        "name": "christmas/elf2",
        "stream": true
      }]
  },
  "christmas.elf3": {
    "category": "master",
    "sounds": [
      {
        "name": "christmas/elf3",
        "stream": true
      }]
  },
  "christmas.elf4": {
    "category": "master",
    "sounds": [
      {
        "name": "christmas/elf4",
        "stream": true
      }]
  },
  "christmas.elf5": {
    "category": "master",
    "sounds": [
      {
        "name": "christmas/elf5",
        "stream": true
      }]
  },
  
  "christmas.p1_a": {
    "category": "master",
    "sounds": [
      {
        "name": "christmas/p1_a",
        "stream": true
      }]
  },
  "christmas.p1_b": {
    "category": "master",
    "sounds": [
      {
        "name": "christmas/p1_b",
        "stream": true
      }]
  },
  "christmas.p1_c": {
    "category": "master",
    "sounds": [
      {
        "name": "christmas/p1_c",
        "stream": true
      }]
  },
  "christmas.p1_d": {
    "category": "master",
    "sounds": [
      {
        "name": "christmas/p1_d",
        "stream": true
      }]
  },
  
  "christmas.p2_a": {
    "category": "master",
    "sounds": [
      {
        "name": "christmas/p2_a",
        "stream": true
      }]
  },
  "christmas.p2_b": {
    "category": "master",
    "sounds": [
      {
        "name": "christmas/p2_b",
        "stream": true
      }]
  },
  "christmas.p2_c": {
    "category": "master",
    "sounds": [
      {
        "name": "christmas/p2_c",
        "stream": true
      }]
  },
  "christmas.p2_d": {
    "category": "master",
    "sounds": [
      {
        "name": "christmas/p2_d",
        "stream": true
      }]
  },
  "christmas.p2_e": {
    "category": "master",
    "sounds": [
      {
        "name": "christmas/p2_e",
        "stream": true
      }]
  },
  "christmas.p2_f": {
    "category": "master",
    "sounds": [
      {
        "name": "christmas/p2_f",
        "stream": true
      }]
  },
  
  "christmas.p3_boss_intro": {
    "category": "master",
    "sounds": [
      {
        "name": "christmas/p3_boss_intro",
        "stream": true
      }]
  },
  "christmas.p3_shoot_heart": {
    "category": "master",
    "sounds": [
      {
        "name": "christmas/p3_shoot_heart",
        "stream": true
      }]
  },
  "christmas.p3_use_sword": {
    "category": "master",
    "sounds": [
      {
        "name": "christmas/p3_use_sword",
        "stream": true
      }]
  },
  "christmas.p3_get_presents": {
    "category": "master",
    "sounds": [
      {
        "name": "christmas/p3_get_presents",
        "stream": true
      }]
  },
  "christmas.p3_joke": {
    "category": "master",
    "sounds": [
      {
        "name": "christmas/p3_joke",
        "stream": true
      }]
  },
  
  "christmas.p4_a": {
    "category": "master",
    "sounds": [
      {
        "name": "christmas/p4_a",
        "stream": true
      }]
  },
  "christmas.p4_b": {
    "category": "master",
    "sounds": [
      {
        "name": "christmas/p4_b",
        "stream": true
      }]
  },
  "christmas.p4_c": {
    "category": "master",
    "sounds": [
      {
        "name": "christmas/p4_c",
        "stream": true
      }]
  },
  
  "christmas.banter_a": {
    "category": "master",
    "sounds": [
      {
        "name": "christmas/banter_a",
        "stream": true
      }]
  },
  "christmas.banter_b": {
    "category": "master",
    "sounds": [
      {
        "name": "christmas/banter_b",
        "stream": true
      }]
  },
  "christmas.banter_c": {
    "category": "master",
    "sounds": [
      {
        "name": "christmas/banter_c",
        "stream": true
      }]
  },
  "christmas.banter_d": {
    "category": "master",
    "sounds": [
      {
        "name": "christmas/banter_d",
        "stream": true
      }]
  },
  "christmas.banter_e": {
    "category": "master",
    "sounds": [
      {
        "name": "christmas/banter_e",
        "stream": true
      }]
  },
  "christmas.banter_f": {
    "category": "master",
    "sounds": [
      {
        "name": "christmas/banter_f",
        "stream": true
      }]
  },
  "christmas.banter_g": {
    "category": "master",
    "sounds": [
      {
        "name": "christmas/banter_g",
        "stream": true
      }]
  },
  "christmas.banter_h": {
    "category": "master",
    "sounds": [
      {
        "name": "christmas/banter_h",
        "stream": true
      }]
  },
  
  "christmas.color_red": {
    "category": "master",
    "sounds": [
      {
        "name": "christmas/color_red",
        "stream": true
      }]
  },
  "christmas.color_yellow": {
    "category": "master",
    "sounds": [
      {
        "name": "christmas/color_yellow",
        "stream": true
      }]
  },
  "christmas.color_green": {
    "category": "master",
    "sounds": [
      {
        "name": "christmas/color_green",
        "stream": true
      }]
  },
  "christmas.color_white": {
    "category": "master",
    "sounds": [
      {
        "name": "christmas/color_white",
        "stream": true
      }]
  },
  
  "christmas.end_win": {
    "category": "master",
    "sounds": [
      {
        "name": "christmas/end_win",
        "stream": true
      }]
  },
  "christmas.end_win2": {
    "category": "master",
    "sounds": [
      {
        "name": "christmas/end_win2",
        "stream": true
      }]
  },
  "christmas.end_lose": {
    "category": "master",
    "sounds": [
      {
        "name": "christmas/end_lose",
        "stream": true
      }]
  }
}