{
	"__comment": "Designed by Mechanan with BDcraft Cubik PRO 0.96 Beta - http://bdcraft.net",
	"textures": {
		"texture": "items/ct_sword"
	},
	"elements": [
		{
			"__comment": "CT_Sword",
			"from": [ 7.25, 7.75, 2.75 ],
			"to": [ 8.75, 7.875, 9 ],
			"faces": {
				"down": { "uv": [ 9.25, 13.8125, 7.75, 7.5625 ], "texture": "#texture" },
				"up": { "uv": [ 8, 8.5625, 9.5, 14.8125 ], "texture": "#texture" },
				"north": { "uv": [ 8.75, 8.125, 7.25, 8.25 ], "texture": "#texture" },
				"south": { "uv": [ 7.25, 8.125, 8.75, 8.25 ], "texture": "#texture" },
				"west": { "uv": [ 2.75, 8.125, 9, 8.25 ], "texture": "#texture" },
				"east": { "uv": [ 9, 8.125, 2.75, 8.25 ], "texture": "#texture" }
			}
		},
		{
			"__comment": "CT_Sword",
			"from": [ 7.25, 7.875, 2.75 ],
			"to": [ 8.75, 8, 8.625 ],
			"faces": {
				"up": { "uv": [ 7.5, 7.875, 9, 13.75 ], "texture": "#texture" },
				"north": { "uv": [ 8.75, 8, 7.25, 8.125 ], "texture": "#texture" },
				"south": { "uv": [ 7.25, 8, 8.75, 8.125 ], "texture": "#texture" },
				"west": { "uv": [ 2.75, 8, 8.625, 8.125 ], "texture": "#texture" },
				"east": { "uv": [ 8.625, 8, 2.75, 8.125 ], "texture": "#texture" }
			}
		},
		{
			"__comment": "CT_Sword",
			"from": [ 7.25, 8, 2.75 ],
			"to": [ 8.75, 8.125, 7.75 ],
			"faces": {
				"up": { "uv": [ 7.375, 8.625, 8.875, 13.625 ], "texture": "#texture" },
				"north": { "uv": [ 8.75, 7.875, 7.25, 8 ], "texture": "#texture" },
				"south": { "uv": [ 7.25, 7.875, 8.75, 8 ], "texture": "#texture" },
				"west": { "uv": [ 2.75, 7.875, 7.75, 8 ], "texture": "#texture" },
				"east": { "uv": [ 7.75, 7.875, 2.75, 8 ], "texture": "#texture" }
			}
		},
		{
			"__comment": "CT_Sword",
			"from": [ 7.25, 8.125, 2.875 ],
			"to": [ 8.75, 8.25, 4.125 ],
			"faces": {
				"up": { "uv": [ 7.75, 9.062501, 9.25, 10.3125 ], "texture": "#texture" },
				"north": { "uv": [ 9, 7.75, 7.5, 7.875 ], "texture": "#texture" },
				"south": { "uv": [ 7.6875, 7.875, 9.1875, 8 ], "texture": "#texture" },
				"west": { "uv": [ 2.875, 7.75, 4.125, 7.875 ], "texture": "#texture" },
				"east": { "uv": [ 4.125, 7.75, 2.875, 7.875 ], "texture": "#texture" }
			}
		},
		{
			"__comment": "CT_Sword",
			"from": [ 7.25, 8.25, 2.875 ],
			"to": [ 8.75, 8.375, 3.875 ],
			"faces": {
				"up": { "uv": [ 7.4375, 8.75, 8.9375, 9.75 ], "texture": "#texture" },
				"north": { "uv": [ 9.125, 7.8125, 7.625, 7.9375 ], "texture": "#texture" },
				"south": { "uv": [ 7.625, 7.75, 9.125, 7.875 ], "texture": "#texture" },
				"west": { "uv": [ 2.875, 7.625, 3.875, 7.75 ], "texture": "#texture" },
				"east": { "uv": [ 3.875, 7.625, 2.875, 7.75 ], "texture": "#texture" }
			}
		},
		{
			"__comment": "CT_Sword",
			"from": [ 7.25, 8.375, 2.875 ],
			"to": [ 8.75, 8.5, 3.5 ],
			"faces": {
				"up": { "uv": [ 7.6875, 9.5625, 9.1875, 10.1875 ], "texture": "#texture" },
				"north": { "uv": [ 8.9375, 7.625, 7.4375, 7.75 ], "texture": "#texture" },
				"south": { "uv": [ 7.625, 7.625, 9.125, 7.75 ], "texture": "#texture" },
				"west": { "uv": [ 2.875, 7.5, 3.5, 7.625 ], "texture": "#texture" },
				"east": { "uv": [ 3.5, 7.5, 2.875, 7.625 ], "texture": "#texture" }
			}
		},
		{
			"__comment": "CT_Sword",
			"from": [ 7.25, 7.625, 3.75 ],
			"to": [ 8.75, 7.75, 9.375 ],
			"faces": {
				"down": { "uv": [ 9.375, 14.625, 7.875, 9 ], "texture": "#texture" },
				"up": { "uv": [ 7.25, 3.75, 8.75, 9.375 ], "texture": "#texture" },
				"north": { "uv": [ 8.75, 8.25, 7.25, 8.375 ], "texture": "#texture" },
				"south": { "uv": [ 7.25, 8.25, 8.75, 8.375 ], "texture": "#texture" },
				"west": { "uv": [ 3.75, 8.25, 9.375, 8.375 ], "texture": "#texture" },
				"east": { "uv": [ 9.375, 8.25, 3.75, 8.375 ], "texture": "#texture" }
			}
		},
		{
			"__comment": "CT_Sword",
			"from": [ 7.25, 7.5, 4.125 ],
			"to": [ 8.75, 7.625, 9.5 ],
			"faces": {
				"down": { "uv": [ 9.375, 13.75, 7.875, 8.375 ], "texture": "#texture" },
				"up": { "uv": [ 7.25, 4.125, 8.75, 9.5 ], "texture": "#texture" },
				"north": { "uv": [ 8.75, 8.375, 7.25, 8.5 ], "texture": "#texture" },
				"south": { "uv": [ 7.25, 8.375, 8.75, 8.5 ], "texture": "#texture" },
				"west": { "uv": [ 4.125, 8.375, 9.5, 8.5 ], "texture": "#texture" },
				"east": { "uv": [ 9.5, 8.375, 4.125, 8.5 ], "texture": "#texture" }
			}
		},
		{
			"__comment": "CT_Sword",
			"from": [ 7.25, 7.375, 4.5 ],
			"to": [ 8.75, 7.5, 9.625 ],
			"faces": {
				"down": { "uv": [ 9.1875, 13.6875, 7.6875, 8.4375 ], "texture": "#texture" },
				"up": { "uv": [ 7.25, 4.5, 8.75, 9.75 ], "texture": "#texture" },
				"north": { "uv": [ 8.75, 8.5, 7.25, 8.625 ], "texture": "#texture" },
				"south": { "uv": [ 7.25, 8.5, 8.75, 8.625 ], "texture": "#texture" },
				"west": { "uv": [ 4.5, 8.5, 9.75, 8.625 ], "texture": "#texture" },
				"east": { "uv": [ 9.75, 8.5, 4.5, 8.625 ], "texture": "#texture" }
			}
		},
		{
			"__comment": "CT_Sword",
			"from": [ 7.25, 7.25, 4.75 ],
			"to": [ 8.75, 7.375, 9.625 ],
			"faces": {
				"down": { "uv": [ 9.125, 13.1875, 7.625, 8.3125 ], "texture": "#texture" },
				"north": { "uv": [ 8.75, 8.625, 7.25, 8.75 ], "texture": "#texture" },
				"south": { "uv": [ 7.25, 8.625, 8.75, 8.75 ], "texture": "#texture" },
				"west": { "uv": [ 4.75, 8.625, 9.625, 8.75 ], "texture": "#texture" },
				"east": { "uv": [ 9.625, 8.625, 4.75, 8.75 ], "texture": "#texture" }
			}
		},
		{
			"__comment": "CT_Sword",
			"from": [ 7.25, 7.125, 8.75 ],
			"to": [ 8.75, 7.25, 9.625 ],
			"faces": {
				"down": { "uv": [ 8.75, 9.625, 7.25, 8.75 ], "texture": "#texture" },
				"north": { "uv": [ 8.75, 8.75, 7.25, 8.875 ], "texture": "#texture" },
				"south": { "uv": [ 7.25, 8.75, 8.75, 8.875 ], "texture": "#texture" },
				"west": { "uv": [ 8.75, 8.75, 9.625, 8.875 ], "texture": "#texture" },
				"east": { "uv": [ 9.625, 8.75, 8.75, 8.875 ], "texture": "#texture" }
			}
		},
		{
			"__comment": "CT_Sword",
			"from": [ 7.25, 7, 9.125 ],
			"to": [ 8.75, 7.125, 9.625 ],
			"faces": {
				"down": { "uv": [ 8.75, 9.625, 7.25, 9.125 ], "texture": "#texture" },
				"north": { "uv": [ 8.75, 8.875, 7.25, 9 ], "texture": "#texture" },
				"south": { "uv": [ 7.25, 8.875, 8.75, 9 ], "texture": "#texture" },
				"west": { "uv": [ 9.125, 8.875, 9.625, 9 ], "texture": "#texture" },
				"east": { "uv": [ 9.625, 8.875, 9.125, 9 ], "texture": "#texture" }
			}
		},
		{
			"__comment": "CT_Sword",
			"from": [ 7.25, 6.875, 9.375 ],
			"to": [ 8.75, 7, 9.5 ],
			"faces": {
				"down": { "uv": [ 8.75, 9.5, 7.25, 9.375 ], "texture": "#texture" },
				"north": { "uv": [ 8.75, 9, 7.25, 9.125 ], "texture": "#texture" },
				"south": { "uv": [ 7.25, 9, 8.75, 9.125 ], "texture": "#texture" },
				"west": { "uv": [ 9.375, 9, 9.5, 9.125 ], "texture": "#texture" },
				"east": { "uv": [ 9.5, 9, 9.375, 9.125 ], "texture": "#texture" }
			}
		},
		{
			"__comment": "CT_Sword",
			"from": [ 7.375, 7.625, 2.75 ],
			"to": [ 8.625, 7.75, 3.75 ],
			"faces": {
				"down": { "uv": [ 9.375, 9.375, 8.125, 8.375 ], "texture": "#texture" },
				"north": { "uv": [ 8.625, 8.25, 7.375, 8.375 ], "texture": "#texture" },
				"west": { "uv": [ 2.75, 8.25, 3.75, 8.375 ], "texture": "#texture" },
				"east": { "uv": [ 3.75, 8.25, 2.75, 8.375 ], "texture": "#texture" }
			}
		},
		{
			"__comment": "CT_Sword",
			"from": [ 7.375, 7.5, 3.625 ],
			"to": [ 8.625, 7.625, 4.125 ],
			"faces": {
				"down": { "uv": [ 9.1875, 9.75, 7.9375, 9.25 ], "texture": "#texture" },
				"up": { "uv": [ 7.375, 3.625, 8.625, 4.125 ], "texture": "#texture" },
				"north": { "uv": [ 8.625, 8.375, 7.375, 8.5 ], "texture": "#texture" },
				"west": { "uv": [ 3.625, 8.375, 4.125, 8.5 ], "texture": "#texture" },
				"east": { "uv": [ 4.125, 8.375, 3.625, 8.5 ], "texture": "#texture" }
			}
		},
		{
			"__comment": "CT_Sword",
			"from": [ 7.375, 7.375, 4.125 ],
			"to": [ 8.625, 7.5, 4.5 ],
			"faces": {
				"down": { "uv": [ 9.125, 8.25, 7.875, 7.875 ], "texture": "#texture" },
				"north": { "uv": [ 8.625, 8.5, 7.375, 8.625 ], "texture": "#texture" },
				"west": { "uv": [ 4.125, 8.5, 4.5, 8.625 ], "texture": "#texture" },
				"east": { "uv": [ 4.5, 8.5, 4.125, 8.625 ], "texture": "#texture" }
			}
		},
		{
			"__comment": "CT_Sword",
			"from": [ 7.375, 7.25, 4.375 ],
			"to": [ 8.625, 7.375, 4.75 ],
			"faces": {
				"down": { "uv": [ 8.8125, 9.3125, 7.5625, 8.9375 ], "texture": "#texture" },
				"up": { "uv": [ 7.375, 4.375, 8.625, 4.75 ], "texture": "#texture" },
				"north": { "uv": [ 8.625, 8.625, 7.375, 8.75 ], "texture": "#texture" },
				"west": { "uv": [ 4.375, 8.625, 4.75, 8.75 ], "texture": "#texture" },
				"east": { "uv": [ 4.75, 8.625, 4.375, 8.75 ], "texture": "#texture" }
			}
		},
		{
			"__comment": "CT_Sword",
			"from": [ 7.375, 7.125, 4.75 ],
			"to": [ 8.625, 7.25, 8.75 ],
			"faces": {
				"down": { "uv": [ 9.0625, 12.75, 7.8125, 8.75 ], "texture": "#texture" },
				"north": { "uv": [ 8.625, 8.75, 7.375, 8.875 ], "texture": "#texture" },
				"west": { "uv": [ 4.6875, 8.5625, 8.6875, 8.6875 ], "texture": "#texture" },
				"east": { "uv": [ 8.75, 8.5625, 4.75, 8.6875 ], "texture": "#texture" }
			}
		},
		{
			"__comment": "CT_Sword",
			"from": [ 7.375, 7, 8.625 ],
			"to": [ 8.625, 7.125, 9.125 ],
			"faces": {
				"down": { "uv": [ 8.625, 9.125, 7.375, 8.625 ], "texture": "#texture" },
				"up": { "uv": [ 7.375, 8.625, 8.625, 9.125 ], "texture": "#texture" },
				"north": { "uv": [ 8.625, 8.875, 7.375, 9 ], "texture": "#texture" },
				"west": { "uv": [ 8.625, 8.875, 9.125, 9 ], "texture": "#texture" },
				"east": { "uv": [ 9.125, 8.875, 8.625, 9 ], "texture": "#texture" }
			}
		},
		{
			"__comment": "CT_Sword",
			"from": [ 7.375, 6.875, 9.125 ],
			"to": [ 8.625, 7, 9.375 ],
			"faces": {
				"down": { "uv": [ 8.625, 9.375, 7.375, 9.125 ], "texture": "#texture" },
				"north": { "uv": [ 8.625, 9, 7.375, 9.125 ], "texture": "#texture" },
				"west": { "uv": [ 9.125, 9, 9.375, 9.125 ], "texture": "#texture" },
				"east": { "uv": [ 9.375, 9, 9.125, 9.125 ], "texture": "#texture" }
			}
		},
		{
			"__comment": "CT_Sword",
			"from": [ 7.5, 1.125, 4.875 ],
			"to": [ 8.5, 1.25, 6.625 ],
			"faces": {
				"down": { "uv": [ 6.1875, 13.3125, 5.1875, 11.5625 ], "texture": "#texture" },
				"up": { "uv": [ 5.25, 13.3125, 6.25, 15.0625 ], "texture": "#texture" },
				"north": { "uv": [ 8.5, 14.75, 7.5, 14.875 ], "texture": "#texture" },
				"south": { "uv": [ 7.5, 14.75, 8.5, 14.875 ], "texture": "#texture" },
				"west": { "uv": [ 4.875, 14.75, 6.625, 14.875 ], "texture": "#texture" },
				"east": { "uv": [ 6.625, 14.75, 4.875, 14.875 ], "texture": "#texture" }
			}
		},
		{
			"__comment": "CT_Sword",
			"from": [ 7.5, 0.625, 5 ],
			"to": [ 8.5, 1.125, 6.5 ],
			"faces": {
				"down": { "uv": [ 6.125, 14.1875, 5.125, 12.6875 ], "texture": "#texture" },
				"north": { "uv": [ 8.5, 14.875, 7.5, 15.375 ], "texture": "#texture" },
				"south": { "uv": [ 7.5, 14.875, 8.5, 15.375 ], "texture": "#texture" },
				"west": { "uv": [ 5, 14.875, 6.5, 15.375 ], "texture": "#texture" },
				"east": { "uv": [ 6.5, 14.875, 5, 15.375 ], "texture": "#texture" }
			}
		},
		{
			"__comment": "CT_Sword",
			"from": [ 7.5, 1.25, 5 ],
			"to": [ 8.5, 1.625, 6.625 ],
			"faces": {
				"up": { "uv": [ 5.125, 12.125, 6.125, 13.75 ], "texture": "#texture" },
				"north": { "uv": [ 8.5, 14.375, 7.5, 14.75 ], "texture": "#texture" },
				"south": { "uv": [ 7.5, 14.375, 8.5, 14.75 ], "texture": "#texture" },
				"west": { "uv": [ 5, 14.375, 6.625, 14.75 ], "texture": "#texture" },
				"east": { "uv": [ 6.625, 14.375, 5, 14.75 ], "texture": "#texture" }
			}
		},
		{
			"__comment": "CT_Sword",
			"from": [ 7.5, 1.625, 5 ],
			"to": [ 8.5, 1.75, 6.5 ],
			"faces": {
				"up": { "uv": [ 5.1875, 12.625, 6.1875, 14.125 ], "texture": "#texture" },
				"north": { "uv": [ 8.5, 14.25, 7.5, 14.375 ], "texture": "#texture" },
				"south": { "uv": [ 7.5, 14.25, 8.5, 14.375 ], "texture": "#texture" },
				"west": { "uv": [ 5, 14.25, 6.5, 14.375 ], "texture": "#texture" },
				"east": { "uv": [ 6.5, 14.25, 5, 14.375 ], "texture": "#texture" }
			}
		},
		{
			"__comment": "CT_Sword",
			"from": [ 7.5, 2.625, 5 ],
			"to": [ 8.375, 5.125, 6.5 ],
			"faces": {
				"down": { "uv": [ 5.875, 16, 5, 14.5 ], "texture": "#texture" },
				"up": { "uv": [ 5.25, 11.625, 6.125, 13.125 ], "texture": "#texture" },
				"north": { "uv": [ 8.375, 10.875, 7.5, 13.375 ], "texture": "#texture" },
				"south": { "uv": [ 7.5, 10.875, 8.375, 13.375 ], "texture": "#texture" },
				"west": { "uv": [ 5, 10.875, 6.5, 13.375 ], "texture": "#texture" },
				"east": { "uv": [ 6.5, 10.875, 5, 13.375 ], "texture": "#texture" }
			}
		},
		{
			"__comment": "CT_Sword",
			"from": [ 7.5, 6.625, 5 ],
			"to": [ 8.5, 7.125, 6.5 ],
			"faces": {
				"down": { "uv": [ 6.0625, 12.6875, 5.0625, 11.1875 ], "texture": "#texture" },
				"north": { "uv": [ 8.5, 8.875, 7.5, 9.375 ], "texture": "#texture" },
				"south": { "uv": [ 7.5, 8.875, 8.5, 9.375 ], "texture": "#texture" },
				"west": { "uv": [ 5, 8.875, 6.5, 9.375 ], "texture": "#texture" },
				"east": { "uv": [ 6.5, 8.875, 5, 9.375 ], "texture": "#texture" }
			}
		},
		{
			"__comment": "CT_Sword",
			"from": [ 7.5, 0.5, 5.125 ],
			"to": [ 8.5, 0.625, 6.5 ],
			"faces": {
				"down": { "uv": [ 6.25, 13.5, 5.25, 12.125 ], "texture": "#texture" },
				"north": { "uv": [ 8.5, 15.375, 7.5, 15.5 ], "texture": "#texture" },
				"south": { "uv": [ 7.5, 15.375, 8.5, 15.5 ], "texture": "#texture" },
				"west": { "uv": [ 5.125, 15.375, 6.5, 15.5 ], "texture": "#texture" },
				"east": { "uv": [ 6.5, 15.375, 5.125, 15.5 ], "texture": "#texture" }
			}
		},
		{
			"__comment": "CT_Sword",
			"from": [ 7.5, 1.75, 5.125 ],
			"to": [ 8.5, 2.625, 6.5 ],
			"faces": {
				"up": { "uv": [ 7.5, 5.125, 8.5, 6.5 ], "texture": "#texture" },
				"north": { "uv": [ 8.5, 13.375, 7.5, 14.25 ], "texture": "#texture" },
				"south": { "uv": [ 7.5, 13.375, 8.5, 14.25 ], "texture": "#texture" },
				"west": { "uv": [ 5.125, 13.375, 6.5, 14.25 ], "texture": "#texture" },
				"east": { "uv": [ 6.5, 13.375, 5.125, 14.25 ], "texture": "#texture" }
			}
		},
		{
			"__comment": "CT_Sword",
			"from": [ 7.5, 5.125, 5.125 ],
			"to": [ 8.5, 6.625, 6.5 ],
			"faces": {
				"down": { "uv": [ 8.5, 6.5, 7.5, 5.125 ], "texture": "#texture" },
				"north": { "uv": [ 8.5, 9.375, 7.5, 10.875 ], "texture": "#texture" },
				"south": { "uv": [ 7.5, 9.375, 8.5, 10.875 ], "texture": "#texture" },
				"west": { "uv": [ 5.125, 9.375, 6.5, 10.875 ], "texture": "#texture" },
				"east": { "uv": [ 6.5, 9.375, 5.125, 10.875 ], "texture": "#texture" }
			}
		},
		{
			"__comment": "CT_Sword",
			"from": [ 7.5, 0.375, 5.25 ],
			"to": [ 8.5, 0.5, 6.375 ],
			"faces": {
				"down": { "uv": [ 6.125, 13.625, 5.125, 12.5 ], "texture": "#texture" },
				"north": { "uv": [ 8.5, 15.5, 7.5, 15.625 ], "texture": "#texture" },
				"south": { "uv": [ 7.5, 15.5, 8.5, 15.625 ], "texture": "#texture" },
				"west": { "uv": [ 5.25, 15.5, 6.375, 15.625 ], "texture": "#texture" },
				"east": { "uv": [ 6.375, 15.5, 5.25, 15.625 ], "texture": "#texture" }
			}
		},
		{
			"__comment": "CT_Sword",
			"from": [ 7.5, 0.25, 5.375 ],
			"to": [ 8.5, 0.375, 6.25 ],
			"faces": {
				"down": { "uv": [ 6.1875, 16, 5.1875, 15.125 ], "texture": "#texture" },
				"north": { "uv": [ 8.5, 15.625, 7.5, 15.75 ], "texture": "#texture" },
				"south": { "uv": [ 7.5, 15.625, 8.5, 15.75 ], "texture": "#texture" },
				"west": { "uv": [ 5.375, 15.625, 6.25, 15.75 ], "texture": "#texture" },
				"east": { "uv": [ 6.25, 15.625, 5.375, 15.75 ], "texture": "#texture" }
			}
		},
		{
			"__comment": "CT_Sword",
			"from": [ 7.5, 0.75, 6.5 ],
			"to": [ 8.5, 1.125, 6.625 ],
			"faces": {
				"down": { "uv": [ 6.1875, 12.9375, 5.1875, 12.8125 ], "texture": "#texture" },
				"south": { "uv": [ 7.5, 14.875, 8.5, 15.25 ], "texture": "#texture" },
				"west": { "uv": [ 6.5, 14.875, 6.625, 15.25 ], "texture": "#texture" },
				"east": { "uv": [ 6.625, 14.875, 6.5, 15.25 ], "texture": "#texture" }
			}
		},
		{
			"__comment": "CT_Sword",
			"from": [ 7.5, 4, 6.5 ],
			"to": [ 8.5, 4.375, 6.625 ],
			"faces": {
				"down": { "uv": [ 6.125, 12.75, 5.125, 12.625 ], "texture": "#texture" },
				"up": { "uv": [ 5.25, 12.25, 6.25, 12.375 ], "texture": "#texture" },
				"north": { "uv": [ 8.5, 11.625, 7.5, 12 ], "texture": "#texture" },
				"south": { "uv": [ 7.5, 11.625, 8.5, 12 ], "texture": "#texture" },
				"west": { "uv": [ 6.5, 11.625, 6.625, 12 ], "texture": "#texture" },
				"east": { "uv": [ 6.625, 11.625, 6.5, 12 ], "texture": "#texture" }
			}
		},
		{
			"__comment": "CT_Sword",
			"from": [ 7.625, 8.125, 4.5 ],
			"to": [ 8.375, 8.75, 7.125 ],
			"faces": {
				"up": { "uv": [ 7.625, 4.5, 8.375, 7.125 ], "texture": "#texture" },
				"north": { "uv": [ 0.75, 7.5, 0, 8.125 ], "texture": "#texture" },
				"south": { "uv": [ 0.875, 7.25, 1.625, 7.875 ], "texture": "#texture" },
				"west": { "uv": [ 4.5, 7.25, 7.125, 7.875 ], "texture": "#texture" },
				"east": { "uv": [ 7.125, 7.25, 4.5, 7.875 ], "texture": "#texture" }
			}
		},
		{
			"__comment": "CT_Sword",
			"from": [ 7.625, 8.75, 4.5 ],
			"to": [ 8.375, 8.875, 7 ],
			"faces": {
				"up": { "uv": [ 7.625, 4.5, 8.375, 7 ], "texture": "#texture" },
				"north": { "uv": [ 0.8125, 7.3125, 0.0625, 7.4375 ], "texture": "#texture" },
				"south": { "uv": [ 7.625, 7.125, 8.375, 7.25 ], "texture": "#texture" },
				"west": { "uv": [ 4.5, 7.125, 7, 7.25 ], "texture": "#texture" },
				"east": { "uv": [ 7, 7.125, 4.5, 7.25 ], "texture": "#texture" }
			}
		},
		{
			"__comment": "CT_Sword",
			"from": [ 7.625, 8.875, 4.625 ],
			"to": [ 8.375, 9, 6.875 ],
			"faces": {
				"up": { "uv": [ 7.625, 4.625, 8.375, 6.875 ], "texture": "#texture" },
				"north": { "uv": [ 8.375, 7, 7.625, 7.125 ], "texture": "#texture" },
				"south": { "uv": [ 7.625, 7, 8.375, 7.125 ], "texture": "#texture" },
				"west": { "uv": [ 4.625, 7, 6.875, 7.125 ], "texture": "#texture" },
				"east": { "uv": [ 6.875, 7, 4.625, 7.125 ], "texture": "#texture" }
			}
		},
		{
			"__comment": "CT_Sword",
			"from": [ 7.625, 1, 4.75 ],
			"to": [ 8.375, 1.125, 5 ],
			"faces": {
				"down": { "uv": [ 6, 12.4375, 5.25, 12.1875 ], "texture": "#texture" },
				"up": { "uv": [ 7.625, 4.75, 8.375, 5 ], "texture": "#texture" },
				"north": { "uv": [ 8.375, 14.875, 7.625, 15 ], "texture": "#texture" },
				"west": { "uv": [ 4.75, 14.875, 5, 15 ], "texture": "#texture" },
				"east": { "uv": [ 5, 14.875, 4.75, 15 ], "texture": "#texture" }
			}
		},
		{
			"__comment": "CT_Sword",
			"from": [ 7.625, 1.125, 4.75 ],
			"to": [ 8.375, 1.375, 4.875 ],
			"faces": {
				"up": { "uv": [ 5.375, 12.5, 6.125, 12.625 ], "texture": "#texture" },
				"north": { "uv": [ 8.375, 14.625, 7.625, 14.875 ], "texture": "#texture" },
				"south": { "uv": [ 7.625, 14.625, 8.375, 14.875 ], "texture": "#texture" },
				"west": { "uv": [ 4.75, 14.625, 4.875, 14.875 ], "texture": "#texture" },
				"east": { "uv": [ 4.875, 14.625, 4.75, 14.875 ], "texture": "#texture" }
			}
		},
		{
			"__comment": "CT_Sword",
			"from": [ 7.625, 9, 4.75 ],
			"to": [ 8.375, 9.125, 6.75 ],
			"faces": {
				"up": { "uv": [ 7.625, 4.75, 8.375, 6.75 ], "texture": "#texture" },
				"north": { "uv": [ 8.375, 6.875, 7.625, 7 ], "texture": "#texture" },
				"south": { "uv": [ 7.625, 6.875, 8.375, 7 ], "texture": "#texture" },
				"west": { "uv": [ 4.75, 6.875, 6.75, 7 ], "texture": "#texture" },
				"east": { "uv": [ 6.75, 6.875, 4.75, 7 ], "texture": "#texture" }
			}
		},
		{
			"__comment": "CT_Sword",
			"from": [ 7.625, 0.5, 4.875 ],
			"to": [ 8.375, 0.625, 5.125 ],
			"faces": {
				"down": { "uv": [ 6.25, 11.75, 5.5, 11.5 ], "texture": "#texture" },
				"up": { "uv": [ 7.625, 4.875, 8.375, 5.125 ], "texture": "#texture" },
				"north": { "uv": [ 8.375, 15.375, 7.625, 15.5 ], "texture": "#texture" },
				"west": { "uv": [ 4.875, 15.375, 5.125, 15.5 ], "texture": "#texture" },
				"east": { "uv": [ 5.125, 15.375, 4.875, 15.5 ], "texture": "#texture" }
			}
		},
		{
			"__comment": "CT_Sword",
			"from": [ 7.625, 0.625, 4.875 ],
			"to": [ 8.375, 1, 5 ],
			"faces": {
				"north": { "uv": [ 8.375, 15, 7.625, 15.375 ], "texture": "#texture" },
				"west": { "uv": [ 4.875, 15, 5, 15.375 ], "texture": "#texture" },
				"east": { "uv": [ 5, 15, 4.875, 15.375 ], "texture": "#texture" }
			}
		},
		{
			"__comment": "CT_Sword",
			"from": [ 7.625, 1.25, 4.875 ],
			"to": [ 8.375, 1.875, 5 ],
			"faces": {
				"up": { "uv": [ 5.3125, 12.75, 6.0625, 12.875 ], "texture": "#texture" },
				"north": { "uv": [ 8.375, 14.125, 7.625, 14.75 ], "texture": "#texture" },
				"south": { "uv": [ 7.625, 14.125, 8.375, 14.75 ], "texture": "#texture" },
				"west": { "uv": [ 4.875, 14.125, 5, 14.75 ], "texture": "#texture" },
				"east": { "uv": [ 5, 14.125, 4.875, 14.75 ], "texture": "#texture" }
			}
		},
		{
			"__comment": "CT_Sword",
			"from": [ 7.625, 2.125, 4.875 ],
			"to": [ 8.375, 2.625, 5.125 ],
			"faces": {
				"down": { "uv": [ 5.9375, 12.125, 5.1875, 11.875 ], "texture": "#texture" },
				"up": { "uv": [ 7.625, 4.875, 8.375, 5.125 ], "texture": "#texture" },
				"north": { "uv": [ 8.375, 13.375, 7.625, 13.875 ], "texture": "#texture" },
				"west": { "uv": [ 4.875, 13.375, 5.125, 13.875 ], "texture": "#texture" },
				"east": { "uv": [ 5.125, 13.375, 4.875, 13.875 ], "texture": "#texture" }
			}
		},
		{
			"__comment": "CT_Sword",
			"from": [ 7.625, 2.625, 4.875 ],
			"to": [ 8.375, 7.125, 5 ],
			"faces": {
				"north": { "uv": [ 8.375, 8.875, 7.625, 13.375 ], "texture": "#texture" },
				"south": { "uv": [ 7.625, 8.875, 8.375, 13.375 ], "texture": "#texture" },
				"west": { "uv": [ 4.875, 8.875, 5, 13.375 ], "texture": "#texture" },
				"east": { "uv": [ 5, 8.875, 4.875, 13.375 ], "texture": "#texture" }
			}
		},
		{
			"__comment": "CT_Sword",
			"from": [ 7.625, 9.125, 4.875 ],
			"to": [ 8.25, 9.375, 6.75 ],
			"faces": {
				"up": { "uv": [ 7.625, 4.875, 8.25, 6.75 ], "texture": "#texture" },
				"north": { "uv": [ 8.25, 6.625, 7.625, 6.875 ], "texture": "#texture" },
				"south": { "uv": [ 7.625, 6.625, 8.25, 6.875 ], "texture": "#texture" },
				"west": { "uv": [ 4.875, 6.625, 6.75, 6.875 ], "texture": "#texture" },
				"east": { "uv": [ 6.75, 6.625, 4.875, 6.875 ], "texture": "#texture" }
			}
		},
		{
			"__comment": "CT_Sword",
			"from": [ 7.625, 0.375, 5 ],
			"to": [ 8.375, 0.5, 5.25 ],
			"faces": {
				"down": { "uv": [ 5.9375, 12, 5.1875, 11.75 ], "texture": "#texture" },
				"up": { "uv": [ 7.625, 5, 8.375, 5.25 ], "texture": "#texture" },
				"north": { "uv": [ 8.375, 15.5, 7.625, 15.625 ], "texture": "#texture" },
				"west": { "uv": [ 5, 15.5, 5.25, 15.625 ], "texture": "#texture" },
				"east": { "uv": [ 5.25, 15.5, 5, 15.625 ], "texture": "#texture" }
			}
		},
		{
			"__comment": "CT_Sword",
			"from": [ 7.625, 1.75, 5 ],
			"to": [ 8.375, 2.125, 5.125 ],
			"faces": {
				"north": { "uv": [ 8.375, 13.875, 7.625, 14.25 ], "texture": "#texture" },
				"west": { "uv": [ 5, 13.875, 5.125, 14.25 ], "texture": "#texture" },
				"east": { "uv": [ 5.125, 13.875, 5, 14.25 ], "texture": "#texture" }
			}
		},
		{
			"__comment": "CT_Sword",
			"from": [ 7.625, 5.125, 5 ],
			"to": [ 8.375, 6.625, 5.125 ],
			"faces": {
				"west": { "uv": [ 5, 9.375, 5.125, 10.875 ], "texture": "#texture" },
				"east": { "uv": [ 5.125, 9.375, 5, 10.875 ], "texture": "#texture" }
			}
		},
		{
			"__comment": "CT_Sword",
			"from": [ 7.625, 9.375, 5 ],
			"to": [ 8.25, 9.5, 6.75 ],
			"faces": {
				"up": { "uv": [ 7.625, 5, 8.25, 6.75 ], "texture": "#texture" },
				"north": { "uv": [ 8.25, 6.5, 7.625, 6.625 ], "texture": "#texture" },
				"south": { "uv": [ 7.625, 6.5, 8.25, 6.625 ], "texture": "#texture" },
				"west": { "uv": [ 5, 6.5, 6.75, 6.625 ], "texture": "#texture" },
				"east": { "uv": [ 6.75, 6.5, 5, 6.625 ], "texture": "#texture" }
			}
		},
		{
			"__comment": "CT_Sword",
			"from": [ 7.625, 9.5, 5 ],
			"to": [ 8.375, 9.625, 6.625 ],
			"faces": {
				"down": { "uv": [ 8.375, 6.625, 7.625, 5 ], "texture": "#texture" },
				"up": { "uv": [ 7.625, 5, 8.375, 6.625 ], "texture": "#texture" },
				"north": { "uv": [ 8.375, 6.375, 7.625, 6.5 ], "texture": "#texture" },
				"south": { "uv": [ 7.625, 6.375, 8.375, 6.5 ], "texture": "#texture" },
				"west": { "uv": [ 5, 6.375, 6.625, 6.5 ], "texture": "#texture" },
				"east": { "uv": [ 6.625, 6.375, 5, 6.5 ], "texture": "#texture" }
			}
		},
		{
			"__comment": "CT_Sword",
			"from": [ 7.625, 0.25, 5.125 ],
			"to": [ 8.375, 0.375, 5.375 ],
			"faces": {
				"down": { "uv": [ 6, 12.625, 5.25, 12.375 ], "texture": "#texture" },
				"up": { "uv": [ 7.625, 5.125, 8.375, 5.375 ], "texture": "#texture" },
				"north": { "uv": [ 8.375, 15.625, 7.625, 15.75 ], "texture": "#texture" },
				"west": { "uv": [ 5.125, 15.625, 5.375, 15.75 ], "texture": "#texture" },
				"east": { "uv": [ 5.375, 15.625, 5.125, 15.75 ], "texture": "#texture" }
			}
		},
		{
			"__comment": "CT_Sword",
			"from": [ 7.625, 9.625, 5.125 ],
			"to": [ 8.25, 9.75, 6.625 ],
			"faces": {
				"up": { "uv": [ 7.625, 5.125, 8.25, 6.625 ], "texture": "#texture" },
				"north": { "uv": [ 8.25, 6.25, 7.625, 6.375 ], "texture": "#texture" },
				"south": { "uv": [ 7.625, 6.25, 8.25, 6.375 ], "texture": "#texture" },
				"west": { "uv": [ 5.125, 6.25, 6.625, 6.375 ], "texture": "#texture" },
				"east": { "uv": [ 6.625, 6.25, 5.125, 6.375 ], "texture": "#texture" }
			}
		},
		{
			"__comment": "CT_Sword",
			"from": [ 7.625, 9.75, 5.125 ],
			"to": [ 8.375, 10, 6.5 ],
			"faces": {
				"down": { "uv": [ 8.375, 6.5, 7.625, 5.125 ], "texture": "#texture" },
				"up": { "uv": [ 7.625, 5.125, 8.375, 6.5 ], "texture": "#texture" },
				"north": { "uv": [ 8.375, 6, 7.625, 6.25 ], "texture": "#texture" },
				"south": { "uv": [ 7.625, 6, 8.375, 6.25 ], "texture": "#texture" },
				"west": { "uv": [ 5.125, 6, 6.5, 6.25 ], "texture": "#texture" },
				"east": { "uv": [ 6.5, 6, 5.125, 6.25 ], "texture": "#texture" }
			}
		},
		{
			"__comment": "CT_Sword",
			"from": [ 7.625, 0.125, 5.25 ],
			"to": [ 8.375, 0.25, 6.375 ],
			"faces": {
				"down": { "uv": [ 6, 16, 5.25, 14.875 ], "texture": "#texture" },
				"up": { "uv": [ 7.625, 5.25, 8.375, 6.375 ], "texture": "#texture" },
				"north": { "uv": [ 8.375, 15.75, 7.625, 15.875 ], "texture": "#texture" },
				"south": { "uv": [ 7.625, 15.75, 8.375, 15.875 ], "texture": "#texture" },
				"west": { "uv": [ 5.25, 15.75, 6.375, 15.875 ], "texture": "#texture" },
				"east": { "uv": [ 6.375, 15.75, 5.25, 15.875 ], "texture": "#texture" }
			}
		},
		{
			"__comment": "CT_Sword",
			"from": [ 7.625, 10, 5.25 ],
			"to": [ 8.25, 10.125, 6.5 ],
			"faces": {
				"up": { "uv": [ 7.625, 5.25, 8.25, 6.5 ], "texture": "#texture" },
				"north": { "uv": [ 8.25, 5.875, 7.625, 6 ], "texture": "#texture" },
				"south": { "uv": [ 7.625, 5.875, 8.25, 6 ], "texture": "#texture" },
				"west": { "uv": [ 5.25, 5.875, 6.5, 6 ], "texture": "#texture" },
				"east": { "uv": [ 6.5, 5.875, 5.25, 6 ], "texture": "#texture" }
			}
		},
		{
			"__comment": "CT_Sword",
			"from": [ 7.625, 10.125, 5.25 ],
			"to": [ 8.25, 11, 6.375 ],
			"faces": {
				"up": { "uv": [ 4.75, 5.125, 5.375, 6.25 ], "texture": "#texture" },
				"north": { "uv": [ 0.625, 5.75, 0, 6.625 ], "texture": "#texture" },
				"south": { "uv": [ 0.9375, 5.0625, 1.5625, 5.9375 ], "texture": "#texture" },
				"west": { "uv": [ 5.25, 5, 6.375, 5.875 ], "texture": "#texture" },
				"east": { "uv": [ 6.375, 5, 5.25, 5.875 ], "texture": "#texture" }
			}
		},
		{
			"__comment": "CT_Sword",
			"from": [ 7.625, 0, 5.375 ],
			"to": [ 8.375, 0.125, 6.25 ],
			"faces": {
				"down": { "uv": [ 6, 16, 5.25, 15.125 ], "texture": "#texture", "cullface": "down" },
				"north": { "uv": [ 8.375, 15.875, 7.625, 16 ], "texture": "#texture" },
				"south": { "uv": [ 7.625, 15.875, 8.375, 16 ], "texture": "#texture" },
				"west": { "uv": [ 5.375, 15.875, 6.25, 16 ], "texture": "#texture" },
				"east": { "uv": [ 6.25, 15.875, 5.375, 16 ], "texture": "#texture" }
			}
		},
		{
			"__comment": "CT_Sword",
			"from": [ 7.625, 11, 5.375 ],
			"to": [ 8.375, 14.25, 6.25 ],
			"faces": {
				"down": { "uv": [ 8.375, 6.25, 7.625, 5.375 ], "texture": "#texture" },
				"up": { "uv": [ 7.625, 5.375, 8.375, 6.25 ], "texture": "#texture" },
				"north": { "uv": [ 0.75, 2.5, 0, 5.75 ], "texture": "#texture" },
				"south": { "uv": [ 0.875, 0.75, 1.625, 4 ], "texture": "#texture" },
				"west": { "uv": [ 5.375, 1.75, 6.25, 5 ], "texture": "#texture" },
				"east": { "uv": [ 6.25, 1.75, 5.375, 5 ], "texture": "#texture" }
			}
		},
		{
			"__comment": "CT_Sword",
			"from": [ 7.625, 14.25, 5.375 ],
			"to": [ 8.375, 16, 6.125 ],
			"faces": {
				"up": { "uv": [ 7.625, 5.375, 8.375, 6.125 ], "texture": "#texture", "cullface": "up" },
				"north": { "uv": [ 0.75, 0, 0, 1.75 ], "texture": "#texture" },
				"south": { "uv": [ 7.625, 0, 8.375, 1.75 ], "texture": "#texture" },
				"west": { "uv": [ 5.375, 0, 6.125, 1.75 ], "texture": "#texture" },
				"east": { "uv": [ 6.125, 0, 5.375, 1.75 ], "texture": "#texture" }
			}
		},
		{
			"__comment": "CT_Sword",
			"from": [ 7.625, 0.25, 6.25 ],
			"to": [ 8.375, 0.375, 6.5 ],
			"faces": {
				"down": { "uv": [ 6.4375, 16, 5.6875, 15.75 ], "texture": "#texture" },
				"up": { "uv": [ 7.625, 6.25, 8.375, 6.5 ], "texture": "#texture" },
				"south": { "uv": [ 7.625, 15.625, 8.375, 15.75 ], "texture": "#texture" },
				"west": { "uv": [ 6.25, 15.625, 6.5, 15.75 ], "texture": "#texture" },
				"east": { "uv": [ 6.5, 15.625, 6.25, 15.75 ], "texture": "#texture" }
			}
		},
		{
			"__comment": "CT_Sword",
			"from": [ 7.625, 0.375, 6.375 ],
			"to": [ 8.375, 0.5, 6.625 ],
			"faces": {
				"down": { "uv": [ 6, 13.25, 5.25, 13 ], "texture": "#texture" },
				"up": { "uv": [ 7.625, 6.375, 8.375, 6.625 ], "texture": "#texture" },
				"south": { "uv": [ 7.625, 15.5, 8.375, 15.625 ], "texture": "#texture" },
				"west": { "uv": [ 6.375, 15.5, 6.625, 15.625 ], "texture": "#texture" },
				"east": { "uv": [ 6.625, 15.5, 6.375, 15.625 ], "texture": "#texture" }
			}
		},
		{
			"__comment": "CT_Sword",
			"from": [ 7.625, 0.5, 6.5 ],
			"to": [ 8.375, 0.75, 6.625 ],
			"faces": {
				"north": { "uv": [ 8.375, 15.25, 7.625, 15.5 ], "texture": "#texture" },
				"south": { "uv": [ 7.625, 15.25, 8.375, 15.5 ], "texture": "#texture" },
				"west": { "uv": [ 6.5, 15.25, 6.625, 15.5 ], "texture": "#texture" },
				"east": { "uv": [ 6.625, 15.25, 6.5, 15.5 ], "texture": "#texture" }
			}
		},
		{
			"__comment": "CT_Sword",
			"from": [ 7.625, 1.625, 6.5 ],
			"to": [ 8.375, 1.75, 6.75 ],
			"faces": {
				"down": { "uv": [ 8.375, 6.75, 7.625, 6.5 ], "texture": "#texture" },
				"up": { "uv": [ 5.5, 11.9375, 6.25, 12.1875 ], "texture": "#texture" },
				"south": { "uv": [ 7.625, 14.25, 8.375, 14.375 ], "texture": "#texture" },
				"west": { "uv": [ 6.5, 14.25, 6.75, 14.375 ], "texture": "#texture" },
				"east": { "uv": [ 6.75, 14.25, 6.5, 14.375 ], "texture": "#texture" }
			}
		},
		{
			"__comment": "CT_Sword",
			"from": [ 7.625, 1.75, 6.5 ],
			"to": [ 8.375, 4, 6.625 ],
			"faces": {
				"north": { "uv": [ 8.375, 12, 7.625, 14.25 ], "texture": "#texture" },
				"south": { "uv": [ 7.625, 12, 8.375, 14.25 ], "texture": "#texture" },
				"west": { "uv": [ 6.5, 12, 6.625, 14.25 ], "texture": "#texture" },
				"east": { "uv": [ 6.625, 12, 6.5, 14.25 ], "texture": "#texture" }
			}
		},
		{
			"__comment": "CT_Sword",
			"from": [ 7.625, 4.375, 6.5 ],
			"to": [ 8.375, 4.875, 6.75 ],
			"faces": {
				"down": { "uv": [ 8.375, 6.75, 7.625, 6.5 ], "texture": "#texture" },
				"up": { "uv": [ 5.375, 12.0625, 6.125, 12.3125 ], "texture": "#texture" },
				"south": { "uv": [ 7.625, 11.125, 8.375, 11.625 ], "texture": "#texture" },
				"west": { "uv": [ 6.5, 11.125, 6.75, 11.625 ], "texture": "#texture" },
				"east": { "uv": [ 6.75, 11.125, 6.5, 11.625 ], "texture": "#texture" }
			}
		},
		{
			"__comment": "CT_Sword",
			"from": [ 7.625, 4.875, 6.5 ],
			"to": [ 8.375, 7.125, 6.625 ],
			"faces": {
				"north": { "uv": [ 8.375, 8.875, 7.625, 11.125 ], "texture": "#texture" },
				"south": { "uv": [ 7.625, 8.875, 8.375, 11.125 ], "texture": "#texture" },
				"west": { "uv": [ 6.5, 8.875, 6.625, 11.125 ], "texture": "#texture" },
				"east": { "uv": [ 6.625, 8.875, 6.5, 11.125 ], "texture": "#texture" }
			}
		},
		{
			"__comment": "CT_Sword",
			"from": [ 7.625, 0.625, 6.625 ],
			"to": [ 8.375, 1.625, 6.75 ],
			"faces": {
				"down": { "uv": [ 6, 12.8125, 5.25, 12.6875 ], "texture": "#texture" },
				"north": { "uv": [ 8.375, 14.375, 7.625, 15.375 ], "texture": "#texture" },
				"south": { "uv": [ 7.625, 14.375, 8.375, 15.375 ], "texture": "#texture" },
				"west": { "uv": [ 6.625, 14.375, 6.75, 15.375 ], "texture": "#texture" },
				"east": { "uv": [ 6.75, 14.375, 6.625, 15.375 ], "texture": "#texture" }
			}
		},
		{
			"__comment": "CT_Sword",
			"from": [ 7.625, 3.125, 6.625 ],
			"to": [ 8.375, 4.375, 6.75 ],
			"faces": {
				"down": { "uv": [ 6, 11.875, 5.25, 11.75 ], "texture": "#texture" },
				"north": { "uv": [ 8.375, 11.625, 7.625, 12.875 ], "texture": "#texture" },
				"south": { "uv": [ 7.625, 11.625, 8.375, 12.875 ], "texture": "#texture" },
				"west": { "uv": [ 6.625, 11.625, 6.75, 12.875 ], "texture": "#texture" },
				"east": { "uv": [ 6.75, 11.625, 6.625, 12.875 ], "texture": "#texture" }
			}
		},
		{
			"__comment": "CT_Sword",
			"from": [ 7.625, 6.625, 6.625 ],
			"to": [ 8.375, 7.125, 6.75 ],
			"faces": {
				"down": { "uv": [ 6, 11.5625, 5.25, 11.4375 ], "texture": "#texture" },
				"south": { "uv": [ 7.625, 8.875, 8.375, 9.375 ], "texture": "#texture" },
				"west": { "uv": [ 6.625, 8.875, 6.75, 9.375 ], "texture": "#texture" },
				"east": { "uv": [ 6.75, 8.875, 6.625, 9.375 ], "texture": "#texture" }
			}
		},
		{
			"__comment": "CT_Sword",
			"from": [ 7.625, 16, 5.5 ],
			"to": [ 8.375, 16.25, 6.125 ],
			"faces": {
				"down": { "uv": [ 8.375, 12.375, 7.625, 11.625 ], "texture": "#texture", "cullface": "up" },
				"up": { "uv": [ 2.5, 5.375, 3.25, 6.125 ], "texture": "#texture", "cullface": "up" },
				"north": { "uv": [ 15.125, 5.75, 14.375, 6 ], "texture": "#texture", "cullface": "up" },
				"south": { "uv": [ 14.375, 6.5, 15.125, 6.75 ], "texture": "#texture", "cullface": "up" },
				"west": { "uv": [ 11.625, 14, 12.3125, 14.1875 ], "texture": "#texture", "cullface": "up" },
				"east": { "uv": [ 12.25, 13.8125, 11.5625, 14.125 ], "texture": "#texture", "cullface": "up" }
			}
		},
		{
			"__comment": "CT_Sword",
			"from": [ 7.625, 16.25, 5.5 ],
			"to": [ 8.375, 26.375, 6.125 ],
			"faces": {
				"up": { "uv": [ 7.625, 11.625, 8.375, 12.25 ], "texture": "#texture", "cullface": "up" },
				"north": { "uv": [ 15.125, 4.875, 14.375, 15 ], "texture": "#texture", "cullface": "up" },
				"south": { "uv": [ 15.25, 2.875, 16, 13 ], "texture": "#texture", "cullface": "up" },
				"west": { "uv": [ 11.625, 3.875, 12.25, 14 ], "texture": "#texture", "cullface": "up" },
				"east": { "uv": [ 12.25, 3.875, 11.625, 14 ], "texture": "#texture", "cullface": "up" }
			}
		},
		{
			"__comment": "CT_Sword",
			"from": [ 7.625, 26.375, 5.5 ],
			"to": [ 8.375, 26.625, 6 ],
			"faces": {
				"up": { "uv": [ 7.625, 11.625, 8.375, 12.125 ], "texture": "#texture", "cullface": "up" },
				"north": { "uv": [ 8.375, 3.625, 7.625, 3.875 ], "texture": "#texture", "cullface": "up" },
				"south": { "uv": [ 7.625, 3.625, 8.375, 3.875 ], "texture": "#texture", "cullface": "up" },
				"west": { "uv": [ 11.625, 3.625, 12.125, 3.875 ], "texture": "#texture", "cullface": "up" },
				"east": { "uv": [ 12.125, 3.625, 11.625, 3.875 ], "texture": "#texture", "cullface": "up" }
			}
		},
		{
			"__comment": "CT_Sword",
			"from": [ 7.625, 26.625, 5.625 ],
			"to": [ 8.375, 28.625, 6 ],
			"faces": {
				"up": { "uv": [ 7.625, 11.75, 8.375, 12.125 ], "texture": "#texture", "cullface": "up" },
				"north": { "uv": [ 8.375, 1.625, 7.625, 3.625 ], "texture": "#texture", "cullface": "up" },
				"south": { "uv": [ 7.625, 1.625, 8.375, 3.625 ], "texture": "#texture", "cullface": "up" },
				"west": { "uv": [ 11.75, 1.625, 12.125, 3.625 ], "texture": "#texture", "cullface": "up" },
				"east": { "uv": [ 12.125, 1.625, 11.75, 3.625 ], "texture": "#texture", "cullface": "up" }
			}
		},
		{
			"__comment": "CT_Sword",
			"from": [ 7.625, 28.625, 5.625 ],
			"to": [ 8.375, 28.875, 5.875 ],
			"faces": {
				"up": { "uv": [ 7.625, 11.75, 8.375, 12 ], "texture": "#texture", "cullface": "up" },
				"north": { "uv": [ 8.375, 1.375, 7.625, 1.625 ], "texture": "#texture", "cullface": "up" },
				"south": { "uv": [ 7.625, 1.375, 8.375, 1.625 ], "texture": "#texture", "cullface": "up" },
				"west": { "uv": [ 11.75, 1.375, 12, 1.625 ], "texture": "#texture", "cullface": "up" },
				"east": { "uv": [ 12, 1.375, 11.75, 1.625 ], "texture": "#texture", "cullface": "up" }
			}
		},
		{
			"__comment": "CT_Sword",
			"from": [ 7.625, 28.875, 5.75 ],
			"to": [ 8.375, 29, 5.875 ],
			"faces": {
				"up": { "uv": [ 7.625, 11.875, 8.375, 12 ], "texture": "#texture", "cullface": "up" },
				"north": { "uv": [ 8.375, 1.25, 7.625, 1.375 ], "texture": "#texture", "cullface": "up" },
				"south": { "uv": [ 7.625, 1.25, 8.375, 1.375 ], "texture": "#texture", "cullface": "up" },
				"west": { "uv": [ 11.875, 1.25, 12, 1.375 ], "texture": "#texture", "cullface": "up" },
				"east": { "uv": [ 12, 1.25, 11.875, 1.375 ], "texture": "#texture", "cullface": "up" }
			}
		},
		{
			"__comment": "CT_Sword",
			"from": [ 7.75, 8.875, 4.5 ],
			"to": [ 8.25, 9.125, 4.625 ],
			"faces": {
				"up": { "uv": [ 7.75, 4.5, 8.25, 4.625 ], "texture": "#texture" },
				"north": { "uv": [ 0.5625, 7.1875, 0.0625, 7.4375 ], "texture": "#texture" },
				"south": { "uv": [ 7.75, 6.875, 8.25, 7.125 ], "texture": "#texture" },
				"west": { "uv": [ 4.5, 6.875, 4.625, 7.125 ], "texture": "#texture" },
				"east": { "uv": [ 4.625, 6.875, 4.5, 7.125 ], "texture": "#texture" }
			}
		},
		{
			"__comment": "CT_Sword",
			"from": [ 7.75, 9, 4.625 ],
			"to": [ 8.25, 9.375, 4.75 ],
			"faces": {
				"up": { "uv": [ 7.75, 4.625, 8.25, 4.75 ], "texture": "#texture" },
				"north": { "uv": [ 8.25, 6.625, 7.75, 7 ], "texture": "#texture" },
				"south": { "uv": [ 7.75, 6.625, 8.25, 7 ], "texture": "#texture" },
				"west": { "uv": [ 4.625, 6.625, 4.75, 7 ], "texture": "#texture" },
				"east": { "uv": [ 4.75, 6.625, 4.625, 7 ], "texture": "#texture" }
			}
		},
		{
			"__comment": "CT_Sword",
			"from": [ 7.75, 0.875, 4.75 ],
			"to": [ 8.25, 1, 4.875 ],
			"faces": {
				"down": { "uv": [ 5.9375, 12.1875, 5.4375, 12.0625 ], "texture": "#texture" },
				"north": { "uv": [ 8.25, 15, 7.75, 15.125 ], "texture": "#texture" },
				"west": { "uv": [ 4.75, 15, 4.875, 15.125 ], "texture": "#texture" },
				"east": { "uv": [ 4.875, 15, 4.75, 15.125 ], "texture": "#texture" }
			}
		},
		{
			"__comment": "CT_Sword",
			"from": [ 7.75, 1.375, 4.75 ],
			"to": [ 8.25, 1.625, 4.875 ],
			"faces": {
				"up": { "uv": [ 5.4375, 12.0625, 5.9375, 12.1875 ], "texture": "#texture" },
				"north": { "uv": [ 8.25, 14.375, 7.75, 14.625 ], "texture": "#texture" },
				"west": { "uv": [ 4.75, 14.375, 4.875, 14.625 ], "texture": "#texture" },
				"east": { "uv": [ 4.875, 14.375, 4.75, 14.625 ], "texture": "#texture" }
			}
		},
		{
			"__comment": "CT_Sword",
			"from": [ 7.75, 9.125, 4.75 ],
			"to": [ 8.25, 15.75, 4.875 ],
			"faces": {
				"up": { "uv": [ 7.75, 4.75, 8.25, 4.875 ], "texture": "#texture" },
				"north": { "uv": [ 0.625, 0.5, 0.125, 7.125 ], "texture": "#texture" },
				"south": { "uv": [ 7.75, 0.25, 8.25, 6.875 ], "texture": "#texture" },
				"west": { "uv": [ 4.75, 0.25, 4.875, 6.875 ], "texture": "#texture" },
				"east": { "uv": [ 4.875, 0.25, 4.75, 6.875 ], "texture": "#texture" }
			}
		},
		{
			"__comment": "CT_Sword",
			"from": [ 7.75, 0.375, 4.875 ],
			"to": [ 8.25, 0.5, 5 ],
			"faces": {
				"down": { "uv": [ 5.9375, 12.9375, 5.4375, 12.8125 ], "texture": "#texture" },
				"north": { "uv": [ 8.25, 15.5, 7.75, 15.625 ], "texture": "#texture" },
				"west": { "uv": [ 4.875, 15.5, 5, 15.625 ], "texture": "#texture" },
				"east": { "uv": [ 5, 15.5, 4.875, 15.625 ], "texture": "#texture" }
			}
		},
		{
			"__comment": "CT_Sword",
			"from": [ 7.75, 1.875, 4.875 ],
			"to": [ 8.25, 2.125, 5 ],
			"faces": {
				"north": { "uv": [ 8.25, 13.875, 7.75, 14.125 ], "texture": "#texture" },
				"west": { "uv": [ 4.875, 13.875, 5, 14.125 ], "texture": "#texture" },
				"east": { "uv": [ 5, 13.875, 4.875, 14.125 ], "texture": "#texture" }
			}
		},
		{
			"__comment": "CT_Sword",
			"from": [ 7.75, 9.375, 4.875 ],
			"to": [ 8.25, 16, 5 ],
			"faces": {
				"north": { "uv": [ 8.25, 0, 7.75, 6.625 ], "texture": "#texture" },
				"south": { "uv": [ 7.75, 0, 8.25, 6.625 ], "texture": "#texture" },
				"west": { "uv": [ 4.875, 0, 5, 6.625 ], "texture": "#texture" },
				"east": { "uv": [ 5, 0, 4.875, 6.625 ], "texture": "#texture" }
			}
		},
		{
			"__comment": "CT_Sword",
			"from": [ 7.75, 0.25, 5 ],
			"to": [ 8.25, 0.375, 5.125 ],
			"faces": {
				"down": { "uv": [ 5.875, 12.1875, 5.375, 12.0625 ], "texture": "#texture" },
				"north": { "uv": [ 8.25, 15.625, 7.75, 15.75 ], "texture": "#texture" },
				"west": { "uv": [ 5, 15.625, 5.125, 15.75 ], "texture": "#texture" },
				"east": { "uv": [ 5.125, 15.625, 5, 15.75 ], "texture": "#texture" }
			}
		},
		{
			"__comment": "CT_Sword",
			"from": [ 7.75, 9.625, 5 ],
			"to": [ 8.25, 16, 5.125 ],
			"faces": {
				"south": { "uv": [ 7.75, 0, 8.25, 6.375 ], "texture": "#texture" },
				"west": { "uv": [ 5, 0, 5.125, 6.375 ], "texture": "#texture" },
				"east": { "uv": [ 5.125, 0, 5, 6.375 ], "texture": "#texture" }
			}
		},
		{
			"__comment": "CT_Sword",
			"from": [ 7.75, 0.125, 5.125 ],
			"to": [ 8.25, 0.25, 5.25 ],
			"faces": {
				"down": { "uv": [ 5.875, 15.625, 5.375, 15.5 ], "texture": "#texture" },
				"north": { "uv": [ 8.25, 15.75, 7.75, 15.875 ], "texture": "#texture" },
				"west": { "uv": [ 5.125, 15.75, 5.25, 15.875 ], "texture": "#texture" },
				"east": { "uv": [ 5.25, 15.75, 5.125, 15.875 ], "texture": "#texture" }
			}
		},
		{
			"__comment": "CT_Sword",
			"from": [ 7.75, 10, 5.125 ],
			"to": [ 8.25, 16, 5.25 ],
			"faces": {
				"south": { "uv": [ 7.75, 0, 8.25, 6 ], "texture": "#texture" },
				"west": { "uv": [ 5.125, 0, 5.25, 6 ], "texture": "#texture" },
				"east": { "uv": [ 5.25, 0, 5.125, 6 ], "texture": "#texture" }
			}
		},
		{
			"__comment": "CT_Sword",
			"from": [ 7.75, 0, 5.25 ],
			"to": [ 8.25, 0.125, 5.375 ],
			"faces": {
				"down": { "uv": [ 5.375, 16, 4.875, 15.875 ], "texture": "#texture", "cullface": "down" },
				"north": { "uv": [ 8.25, 15.875, 7.75, 16 ], "texture": "#texture" },
				"west": { "uv": [ 5.25, 15.875, 5.375, 16 ], "texture": "#texture" },
				"east": { "uv": [ 5.375, 15.875, 5.25, 16 ], "texture": "#texture" }
			}
		},
		{
			"__comment": "CT_Sword",
			"from": [ 7.75, 11, 5.25 ],
			"to": [ 8.25, 16, 5.375 ],
			"faces": {
				"south": { "uv": [ 7.75, 0, 8.25, 5 ], "texture": "#texture" },
				"west": { "uv": [ 5.25, 0, 5.375, 5 ], "texture": "#texture" },
				"east": { "uv": [ 5.375, 0, 5.25, 5 ], "texture": "#texture" }
			}
		},
		{
			"__comment": "CT_Sword",
			"from": [ 7.75, 14.25, 6.125 ],
			"to": [ 8.25, 16, 6.75 ],
			"faces": {
				"down": { "uv": [ 8.25, 6.75, 7.75, 6.125 ], "texture": "#texture" },
				"up": { "uv": [ 7.75, 6.125, 8.25, 6.75 ], "texture": "#texture", "cullface": "up" },
				"south": { "uv": [ 7.75, 0, 8.25, 1.75 ], "texture": "#texture" },
				"west": { "uv": [ 6.125, 0, 6.75, 1.75 ], "texture": "#texture" },
				"east": { "uv": [ 6.75, 0, 6.125, 1.75 ], "texture": "#texture" }
			}
		},
		{
			"__comment": "CT_Sword",
			"from": [ 7.75, 11, 6.25 ],
			"to": [ 8.125, 11.625, 6.875 ],
			"faces": {
				"down": { "uv": [ 8.25, 6.875, 7.875, 6.25 ], "texture": "#texture" },
				"up": { "uv": [ 7.75, 6.25, 8.125, 6.875 ], "texture": "#texture" },
				"south": { "uv": [ 0.25, 6.625, 0.625, 7.25 ], "texture": "#texture" },
				"west": { "uv": [ 6.25, 4.375, 6.875, 5 ], "texture": "#texture" },
				"east": { "uv": [ 6.875, 4.375, 6.25, 5 ], "texture": "#texture" }
			}
		},
		{
			"__comment": "CT_Sword",
			"from": [ 7.75, 11.625, 6.25 ],
			"to": [ 8.25, 14.25, 6.75 ],
			"faces": {
				"down": { "uv": [ 8.25, 6.75, 7.75, 6.25 ], "texture": "#texture" },
				"south": { "uv": [ 1, 1.25, 1.5, 3.875 ], "texture": "#texture" },
				"west": { "uv": [ 6.25, 1.75, 6.75, 4.375 ], "texture": "#texture" },
				"east": { "uv": [ 6.75, 1.75, 6.25, 4.375 ], "texture": "#texture" }
			}
		},
		{
			"__comment": "CT_Sword",
			"from": [ 7.75, 10.125, 6.375 ],
			"to": [ 8.125, 11, 6.875 ],
			"faces": {
				"down": { "uv": [ 8.25, 6.875, 7.875, 6.375 ], "texture": "#texture" },
				"south": { "uv": [ 1.0625, 6.1875, 1.4375, 7.0625 ], "texture": "#texture" },
				"west": { "uv": [ 6.375, 5, 6.875, 5.875 ], "texture": "#texture" },
				"east": { "uv": [ 6.875, 5, 6.375, 5.875 ], "texture": "#texture" }
			}
		},
		{
			"__comment": "CT_Sword",
			"from": [ 7.75, 0.25, 6.5 ],
			"to": [ 8.25, 0.375, 6.625 ],
			"faces": {
				"down": { "uv": [ 5.6875, 13.125, 5.1875, 13 ], "texture": "#texture" },
				"south": { "uv": [ 7.75, 15.625, 8.25, 15.75 ], "texture": "#texture" },
				"west": { "uv": [ 6.5, 15.625, 6.625, 15.75 ], "texture": "#texture" },
				"east": { "uv": [ 6.625, 15.625, 6.5, 15.75 ], "texture": "#texture" }
			}
		},
		{
			"__comment": "CT_Sword",
			"from": [ 7.75, 9.75, 6.5 ],
			"to": [ 8.125, 10.125, 7 ],
			"faces": {
				"down": { "uv": [ 8.25, 7, 7.875, 6.5 ], "texture": "#texture" },
				"up": { "uv": [ 7.75, 6.5, 8.125, 7 ], "texture": "#texture" },
				"north": { "uv": [ 8.125, 5.875, 7.75, 6.25 ], "texture": "#texture" },
				"south": { "uv": [ 7.75, 5.875, 8.125, 6.25 ], "texture": "#texture" },
				"west": { "uv": [ 6.5, 5.875, 7, 6.25 ], "texture": "#texture" },
				"east": { "uv": [ 7, 5.875, 6.5, 6.25 ], "texture": "#texture" }
			}
		},
		{
			"__comment": "CT_Sword",
			"from": [ 7.75, 0.5, 6.625 ],
			"to": [ 8.25, 0.625, 6.75 ],
			"faces": {
				"down": { "uv": [ 6.8125, 15.5625, 6.3125, 15.4375 ], "texture": "#texture" },
				"south": { "uv": [ 7.75, 15.375, 8.25, 15.5 ], "texture": "#texture" },
				"west": { "uv": [ 6.625, 15.375, 6.75, 15.5 ], "texture": "#texture" },
				"east": { "uv": [ 6.75, 15.375, 6.625, 15.5 ], "texture": "#texture" }
			}
		},
		{
			"__comment": "CT_Sword",
			"from": [ 7.75, 1.75, 6.625 ],
			"to": [ 8.25, 3.125, 6.75 ],
			"faces": {
				"south": { "uv": [ 7.75, 12.875, 8.25, 14.25 ], "texture": "#texture" },
				"west": { "uv": [ 6.625, 12.875, 6.75, 14.25 ], "texture": "#texture" },
				"east": { "uv": [ 6.75, 12.875, 6.625, 14.25 ], "texture": "#texture" }
			}
		},
		{
			"__comment": "CT_Sword",
			"from": [ 7.75, 4.875, 6.625 ],
			"to": [ 8.25, 6.625, 6.75 ],
			"faces": {
				"south": { "uv": [ 7.75, 9.375, 8.25, 11.125 ], "texture": "#texture" },
				"west": { "uv": [ 6.625, 9.375, 6.75, 11.125 ], "texture": "#texture" },
				"east": { "uv": [ 6.75, 9.375, 6.625, 11.125 ], "texture": "#texture" }
			}
		},
		{
			"__comment": "CT_Sword",
			"from": [ 7.75, 9.5, 6.625 ],
			"to": [ 8.125, 9.75, 7 ],
			"faces": {
				"down": { "uv": [ 8.25, 7, 7.875, 6.625 ], "texture": "#texture" },
				"north": { "uv": [ 8.125, 6.25, 7.75, 6.5 ], "texture": "#texture" },
				"south": { "uv": [ 7.75, 6.25, 8.125, 6.5 ], "texture": "#texture" },
				"west": { "uv": [ 6.625, 6.25, 7, 6.5 ], "texture": "#texture" },
				"east": { "uv": [ 7, 6.25, 6.625, 6.5 ], "texture": "#texture" }
			}
		},
		{
			"__comment": "CT_Sword",
			"from": [ 7.75, 1, 6.75 ],
			"to": [ 8.25, 1.375, 6.875 ],
			"faces": {
				"down": { "uv": [ 6.875, 14.625, 6.375, 14.5 ], "texture": "#texture" },
				"up": { "uv": [ 6.5, 14.4375, 7, 14.5625 ], "texture": "#texture" },
				"south": { "uv": [ 7.75, 14.625, 8.25, 15 ], "texture": "#texture" },
				"west": { "uv": [ 6.75, 14.625, 6.875, 15 ], "texture": "#texture" },
				"east": { "uv": [ 6.875, 14.625, 6.75, 15 ], "texture": "#texture" }
			}
		},
		{
			"__comment": "CT_Sword",
			"from": [ 7.75, 9, 6.75 ],
			"to": [ 8.125, 9.5, 7 ],
			"faces": {
				"down": { "uv": [ 8.25, 7, 7.875, 6.75 ], "texture": "#texture" },
				"north": { "uv": [ 8.125, 6.5, 7.75, 7 ], "texture": "#texture" },
				"south": { "uv": [ 7.75, 6.5, 8.125, 7 ], "texture": "#texture" },
				"west": { "uv": [ 6.75, 6.5, 7, 7 ], "texture": "#texture" },
				"east": { "uv": [ 7, 6.5, 6.75, 7 ], "texture": "#texture" }
			}
		},
		{
			"__comment": "CT_Sword",
			"from": [ 7.75, 8.875, 6.875 ],
			"to": [ 8.25, 9, 7.125 ],
			"faces": {
				"down": { "uv": [ 8.25, 7.125, 7.75, 6.875 ], "texture": "#texture" },
				"up": { "uv": [ 7.75, 6.875, 8.25, 7.125 ], "texture": "#texture" },
				"south": { "uv": [ 1, 6.875, 1.5, 7 ], "texture": "#texture" },
				"west": { "uv": [ 6.875, 7, 7.125, 7.125 ], "texture": "#texture" },
				"east": { "uv": [ 7.125, 7, 6.875, 7.125 ], "texture": "#texture" }
			}
		},
		{
			"__comment": "CT_Sword",
			"from": [ 7.75, 8.75, 7 ],
			"to": [ 8.25, 8.875, 7.125 ],
			"faces": {
				"south": { "uv": [ 7.75, 7.125, 8.25, 7.25 ], "texture": "#texture" },
				"west": { "uv": [ 7, 7.125, 7.125, 7.25 ], "texture": "#texture" },
				"east": { "uv": [ 7.125, 7.125, 7, 7.25 ], "texture": "#texture" }
			}
		},
		{
			"__comment": "CT_Sword",
			"from": [ 7.75, 16, 4.875 ],
			"to": [ 8.25, 25.375, 5.5 ],
			"faces": {
				"down": { "uv": [ 8.25, 11.625, 7.75, 11 ], "texture": "#texture", "cullface": "up" },
				"up": { "uv": [ 7.75, 11, 8.25, 11.625 ], "texture": "#texture", "cullface": "up" },
				"north": { "uv": [ 15, 5.375, 14.5, 14.75 ], "texture": "#texture", "cullface": "up" },
				"south": { "uv": [ 7.75, 4.875, 8.25, 14.25 ], "texture": "#texture", "cullface": "up" },
				"west": { "uv": [ 11, 4.875, 11.625, 14.25 ], "texture": "#texture", "cullface": "up" },
				"east": { "uv": [ 11.625, 4.875, 11, 14.25 ], "texture": "#texture", "cullface": "up" }
			}
		},
		{
			"__comment": "CT_Sword",
			"from": [ 7.75, 25.375, 5 ],
			"to": [ 8.25, 27, 5.5 ],
			"faces": {
				"up": { "uv": [ 7.75, 11.125, 8.25, 11.625 ], "texture": "#texture", "cullface": "up" },
				"north": { "uv": [ 8.25, 3.25, 7.75, 4.875 ], "texture": "#texture", "cullface": "up" },
				"south": { "uv": [ 7.75, 3.25, 8.25, 4.875 ], "texture": "#texture", "cullface": "up" },
				"west": { "uv": [ 11.125, 3.25, 11.625, 4.875 ], "texture": "#texture", "cullface": "up" },
				"east": { "uv": [ 11.625, 3.25, 11.125, 4.875 ], "texture": "#texture", "cullface": "up" }
			}
		},
		{
			"__comment": "CT_Sword",
			"from": [ 7.75, 27, 5.125 ],
			"to": [ 8.125, 28.375, 5.625 ],
			"faces": {
				"down": { "uv": [ 8.25, 11.75, 7.875, 11.25 ], "texture": "#texture", "cullface": "up" },
				"up": { "uv": [ 7.75, 11.25, 8.125, 11.75 ], "texture": "#texture", "cullface": "up" },
				"north": { "uv": [ 8.125, 1.875, 7.75, 3.25 ], "texture": "#texture", "cullface": "up" },
				"west": { "uv": [ 11.25, 1.875, 11.75, 3.25 ], "texture": "#texture", "cullface": "up" },
				"east": { "uv": [ 11.75, 1.875, 11.25, 3.25 ], "texture": "#texture", "cullface": "up" }
			}
		},
		{
			"__comment": "CT_Sword",
			"from": [ 7.75, 28.375, 5.25 ],
			"to": [ 8.25, 28.875, 5.625 ],
			"faces": {
				"down": { "uv": [ 8.25, 11.75, 7.75, 11.375 ], "texture": "#texture", "cullface": "up" },
				"up": { "uv": [ 7.75, 11.375, 8.25, 11.75 ], "texture": "#texture", "cullface": "up" },
				"north": { "uv": [ 8.25, 1.375, 7.75, 1.875 ], "texture": "#texture", "cullface": "up" },
				"south": { "uv": [ 7.75, 1.375, 8.25, 1.875 ], "texture": "#texture", "cullface": "up" },
				"west": { "uv": [ 11.375, 1.375, 11.75, 1.875 ], "texture": "#texture", "cullface": "up" },
				"east": { "uv": [ 11.75, 1.375, 11.375, 1.875 ], "texture": "#texture", "cullface": "up" }
			}
		},
		{
			"__comment": "CT_Sword",
			"from": [ 7.75, 28.875, 5.375 ],
			"to": [ 8.25, 29.25, 5.75 ],
			"faces": {
				"down": { "uv": [ 8.25, 11.875, 7.75, 11.5 ], "texture": "#texture", "cullface": "up" },
				"up": { "uv": [ 7.75, 11.5, 8.25, 11.875 ], "texture": "#texture", "cullface": "up" },
				"north": { "uv": [ 8.25, 1, 7.75, 1.375 ], "texture": "#texture", "cullface": "up" },
				"south": { "uv": [ 7.75, 1, 8.25, 1.375 ], "texture": "#texture", "cullface": "up" },
				"west": { "uv": [ 11.5, 1, 11.875, 1.375 ], "texture": "#texture", "cullface": "up" },
				"east": { "uv": [ 11.875, 1, 11.5, 1.375 ], "texture": "#texture", "cullface": "up" }
			}
		},
		{
			"__comment": "CT_Sword",
			"from": [ 7.75, 26.625, 5.5 ],
			"to": [ 8.25, 27, 5.625 ],
			"faces": {
				"up": { "uv": [ 7.75, 11.625, 8.25, 11.75 ], "texture": "#texture", "cullface": "up" },
				"west": { "uv": [ 11.625, 3.25, 11.75, 3.625 ], "texture": "#texture", "cullface": "up" },
				"east": { "uv": [ 11.75, 3.25, 11.625, 3.625 ], "texture": "#texture", "cullface": "up" }
			}
		},
		{
			"__comment": "CT_Sword",
			"from": [ 7.75, 29.25, 5.5 ],
			"to": [ 8.25, 29.625, 6.25 ],
			"faces": {
				"down": { "uv": [ 8.25, 12.25, 7.75, 11.625 ], "texture": "#texture", "cullface": "up" },
				"up": { "uv": [ 7.75, 11.625, 8.25, 12.25 ], "texture": "#texture", "cullface": "up" },
				"north": { "uv": [ 8.25, 0.625, 7.75, 1 ], "texture": "#texture", "cullface": "up" },
				"south": { "uv": [ 14.5, 0.625, 15, 1 ], "texture": "#texture", "cullface": "up" },
				"west": { "uv": [ 11.625, 0.625, 12.25, 1 ], "texture": "#texture", "cullface": "up" },
				"east": { "uv": [ 12.25, 0.625, 11.625, 1 ], "texture": "#texture", "cullface": "up" }
			}
		},
		{
			"__comment": "CT_Sword",
			"from": [ 7.75, 29.625, 5.625 ],
			"to": [ 8.25, 29.75, 6 ],
			"faces": {
				"up": { "uv": [ 7.75, 11.75, 8.25, 12.125 ], "texture": "#texture", "cullface": "up" },
				"north": { "uv": [ 8.25, 0.5, 7.75, 0.625 ], "texture": "#texture", "cullface": "up" },
				"south": { "uv": [ 7.75, 0.5, 8.25, 0.625 ], "texture": "#texture", "cullface": "up" },
				"west": { "uv": [ 11.75, 0.5, 12.125, 0.625 ], "texture": "#texture", "cullface": "up" },
				"east": { "uv": [ 12.125, 0.5, 11.75, 0.625 ], "texture": "#texture", "cullface": "up" }
			}
		},
		{
			"__comment": "CT_Sword",
			"from": [ 7.75, 29.75, 5.625 ],
			"to": [ 8.25, 29.875, 5.875 ],
			"faces": {
				"up": { "uv": [ 7.75, 11.75, 8.25, 12 ], "texture": "#texture", "cullface": "up" },
				"north": { "uv": [ 8.25, 0.375, 7.75, 0.5 ], "texture": "#texture", "cullface": "up" },
				"south": { "uv": [ 7.75, 0.375, 8.25, 0.5 ], "texture": "#texture", "cullface": "up" },
				"west": { "uv": [ 11.75, 0.375, 12, 0.5 ], "texture": "#texture", "cullface": "up" },
				"east": { "uv": [ 12, 0.375, 11.75, 0.5 ], "texture": "#texture", "cullface": "up" }
			}
		},
		{
			"__comment": "CT_Sword",
			"from": [ 7.75, 29, 5.75 ],
			"to": [ 8.25, 29.125, 6.25 ],
			"faces": {
				"down": { "uv": [ 8.25, 12.375, 7.75, 11.875 ], "texture": "#texture", "cullface": "up" },
				"up": { "uv": [ 7.75, 11.875, 8.25, 12.375 ], "texture": "#texture", "cullface": "up" },
				"south": { "uv": [ 7.75, 1.125, 8.25, 1.25 ], "texture": "#texture", "cullface": "up" },
				"west": { "uv": [ 11.875, 1.125, 12.375, 1.25 ], "texture": "#texture", "cullface": "up" },
				"east": { "uv": [ 12.375, 1.125, 11.875, 1.25 ], "texture": "#texture", "cullface": "up" }
			}
		},
		{
			"__comment": "CT_Sword",
			"from": [ 7.75, 29.125, 5.75 ],
			"to": [ 8.25, 29.25, 6.125 ],
			"faces": {
				"south": { "uv": [ 7.75, 1, 8.25, 1.125 ], "texture": "#texture", "cullface": "up" },
				"west": { "uv": [ 11.875, 1, 12.25, 1.125 ], "texture": "#texture", "cullface": "up" },
				"east": { "uv": [ 12.25, 1, 11.875, 1.125 ], "texture": "#texture", "cullface": "up" }
			}
		},
		{
			"__comment": "CT_Sword",
			"from": [ 7.75, 28.625, 5.875 ],
			"to": [ 8.25, 28.75, 6.375 ],
			"faces": {
				"down": { "uv": [ 8.25, 12.5, 7.75, 12 ], "texture": "#texture", "cullface": "up" },
				"up": { "uv": [ 7.75, 12, 8.25, 12.5 ], "texture": "#texture", "cullface": "up" },
				"south": { "uv": [ 7.75, 1.5, 8.25, 1.625 ], "texture": "#texture", "cullface": "up" },
				"west": { "uv": [ 12, 1.5, 12.5, 1.625 ], "texture": "#texture", "cullface": "up" },
				"east": { "uv": [ 12.5, 1.5, 12, 1.625 ], "texture": "#texture", "cullface": "up" }
			}
		},
		{
			"__comment": "CT_Sword",
			"from": [ 7.75, 28.75, 5.875 ],
			"to": [ 8.25, 29, 6.25 ],
			"faces": {
				"north": { "uv": [ 8.25, 1.25, 7.75, 1.5 ], "texture": "#texture", "cullface": "up" },
				"south": { "uv": [ 7.75, 1.25, 8.25, 1.5 ], "texture": "#texture", "cullface": "up" },
				"west": { "uv": [ 12, 1.25, 12.375, 1.5 ], "texture": "#texture", "cullface": "up" },
				"east": { "uv": [ 12.375, 1.25, 12, 1.5 ], "texture": "#texture", "cullface": "up" }
			}
		},
		{
			"__comment": "CT_Sword",
			"from": [ 7.75, 26.375, 6 ],
			"to": [ 8.25, 26.875, 6.625 ],
			"faces": {
				"down": { "uv": [ 8.25, 12.75, 7.75, 12.125 ], "texture": "#texture", "cullface": "up" },
				"up": { "uv": [ 7.75, 12.125, 8.25, 12.75 ], "texture": "#texture", "cullface": "up" },
				"north": { "uv": [ 8.25, 3.375, 7.75, 3.875 ], "texture": "#texture", "cullface": "up" },
				"south": { "uv": [ 7.75, 3.375, 8.25, 3.875 ], "texture": "#texture", "cullface": "up" },
				"west": { "uv": [ 12.125, 3.375, 12.75, 3.875 ], "texture": "#texture", "cullface": "up" },
				"east": { "uv": [ 12.75, 3.375, 12.125, 3.875 ], "texture": "#texture", "cullface": "up" }
			}
		},
		{
			"__comment": "CT_Sword",
			"from": [ 7.75, 26.875, 6 ],
			"to": [ 8.25, 28.125, 6.5 ],
			"faces": {
				"up": { "uv": [ 7.75, 12.125, 8.25, 12.625 ], "texture": "#texture", "cullface": "up" },
				"south": { "uv": [ 7.75, 2.125, 8.25, 3.375 ], "texture": "#texture", "cullface": "up" },
				"west": { "uv": [ 12.125, 2.125, 12.625, 3.375 ], "texture": "#texture", "cullface": "up" },
				"east": { "uv": [ 12.625, 2.125, 12.125, 3.375 ], "texture": "#texture", "cullface": "up" }
			}
		},
		{
			"__comment": "CT_Sword",
			"from": [ 7.75, 28.125, 6 ],
			"to": [ 8.25, 28.625, 6.375 ],
			"faces": {
				"south": { "uv": [ 7.75, 1.625, 8.25, 2.125 ], "texture": "#texture", "cullface": "up" },
				"west": { "uv": [ 12.125, 1.625, 12.5, 2.125 ], "texture": "#texture", "cullface": "up" },
				"east": { "uv": [ 12.5, 1.625, 12.125, 2.125 ], "texture": "#texture", "cullface": "up" }
			}
		},
		{
			"__comment": "CT_Sword",
			"from": [ 7.75, 16.25, 6.125 ],
			"to": [ 8.25, 25.125, 6.75 ],
			"faces": {
				"down": { "uv": [ 8.25, 12.875, 7.75, 12.25 ], "texture": "#texture", "cullface": "up" },
				"up": { "uv": [ 5.0625, 4.1875, 5.5625, 4.8125 ], "texture": "#texture", "cullface": "up" },
				"south": { "uv": [ 15.375, 4.875, 15.875, 13.75 ], "texture": "#texture", "cullface": "up" },
				"west": { "uv": [ 12.25, 5.125, 12.875, 14 ], "texture": "#texture", "cullface": "up" },
				"east": { "uv": [ 12.875, 5.125, 12.25, 14 ], "texture": "#texture", "cullface": "up" }
			}
		},
		{
			"__comment": "CT_Sword",
			"from": [ 7.75, 25.125, 6.125 ],
			"to": [ 8.25, 26.375, 6.625 ],
			"faces": {
				"south": { "uv": [ 5.8125, 1.625, 6.3125, 2.875 ], "texture": "#texture", "cullface": "up" },
				"west": { "uv": [ 12.25, 3.875, 12.75, 5.125 ], "texture": "#texture", "cullface": "up" },
				"east": { "uv": [ 12.75, 3.875, 12.25, 5.125 ], "texture": "#texture", "cullface": "up" }
			}
		},
		{
			"__comment": "CT_Sword",
			"from": [ 7.75, 16, 6.125 ],
			"to": [ 8.25, 16.25, 6.75 ],
			"faces": {
				"south": { "uv": [ 14.5, 6.375, 15, 6.625 ], "texture": "#texture", "cullface": "up" },
				"west": { "uv": [ 12.375, 14, 12.875, 14.25 ], "texture": "#texture", "cullface": "up" },
				"east": { "uv": [ 12.875, 14, 12.375, 14.25 ], "texture": "#texture", "cullface": "up" }
			}
		},
		{
			"__comment": "CT_Sword",
			"from": [ 7.875, 9.125, 4.5 ],
			"to": [ 8.125, 16, 4.625 ],
			"faces": {
				"north": { "uv": [ 0.5, 0, 0.25, 6.875 ], "texture": "#texture" },
				"south": { "uv": [ 7.875, 0, 8.125, 6.875 ], "texture": "#texture" },
				"west": { "uv": [ 4.5, 0, 4.625, 6.875 ], "texture": "#texture" },
				"east": { "uv": [ 4.625, 0, 4.5, 6.875 ], "texture": "#texture" }
			}
		},
		{
			"__comment": "CT_Sword",
			"from": [ 7.875, 9.375, 4.625 ],
			"to": [ 8.125, 16, 4.75 ],
			"faces": {
				"south": { "uv": [ 7.875, 0, 8.125, 6.625 ], "texture": "#texture" },
				"west": { "uv": [ 4.625, 0, 4.75, 6.625 ], "texture": "#texture" },
				"east": { "uv": [ 4.75, 0, 4.625, 6.625 ], "texture": "#texture" }
			}
		},
		{
			"__comment": "CT_Sword",
			"from": [ 7.75, 15.75, 4.75 ],
			"to": [ 8.25, 16, 4.875 ],
			"faces": {
				"up": { "uv": [ 7.875, 4.75, 8.125, 4.875 ], "texture": "#texture", "cullface": "up" },
				"north": { "uv": [ 6.5, 1.5, 6.25, 1.75 ], "texture": "#texture" },
				"west": { "uv": [ 4.75, 0, 4.875, 0.25 ], "texture": "#texture" },
				"east": { "uv": [ 4.875, 0, 4.75, 0.25 ], "texture": "#texture" }
			}
		},
		{
			"__comment": "CT_Sword",
			"from": [ 7.875, 11.625, 6.75 ],
			"to": [ 8.125, 16, 7.125 ],
			"faces": {
				"down": { "uv": [ 8.125, 7.125, 7.875, 6.75 ], "texture": "#texture" },
				"north": { "uv": [ 8.125, 0, 7.875, 4.375 ], "texture": "#texture" },
				"south": { "uv": [ 1.125, 0, 1.375, 4.375 ], "texture": "#texture" },
				"west": { "uv": [ 6.75, 0, 7.125, 4.375 ], "texture": "#texture" },
				"east": { "uv": [ 7.125, 0, 6.75, 4.375 ], "texture": "#texture" }
			}
		},
		{
			"__comment": "CT_Sword",
			"from": [ 7.875, 10.125, 6.875 ],
			"to": [ 8.125, 11.625, 7.125 ],
			"faces": {
				"down": { "uv": [ 8.125, 7.125, 7.875, 6.875 ], "texture": "#texture" },
				"north": { "uv": [ 8.125, 4.375, 7.875, 5.875 ], "texture": "#texture" },
				"south": { "uv": [ 1.125, 4.375, 1.375, 5.875 ], "texture": "#texture" },
				"west": { "uv": [ 6.875, 4.375, 7.125, 5.875 ], "texture": "#texture" },
				"east": { "uv": [ 7.125, 4.375, 6.875, 5.875 ], "texture": "#texture" }
			}
		},
		{
			"__comment": "CT_Sword",
			"from": [ 7.875, 9, 7 ],
			"to": [ 8.125, 10.125, 7.125 ],
			"faces": {
				"north": { "uv": [ 8.125, 5.875, 7.875, 7 ], "texture": "#texture" },
				"south": { "uv": [ 1.125, 5.75, 1.375, 6.875 ], "texture": "#texture" },
				"west": { "uv": [ 7, 5.875, 7.125, 7 ], "texture": "#texture" },
				"east": { "uv": [ 7.125, 5.875, 7, 7 ], "texture": "#texture" }
			}
		},
		{
			"__comment": "CT_Sword",
			"from": [ 7.875, 16, 4.5 ],
			"to": [ 8.125, 25.125, 4.875 ],
			"faces": {
				"down": { "uv": [ 8.125, 11, 7.875, 10.625 ], "texture": "#texture", "cullface": "up" },
				"up": { "uv": [ 7.875, 10.625, 8.125, 11 ], "texture": "#texture", "cullface": "up" },
				"north": { "uv": [ 14.875, 5.125, 14.625, 14.25 ], "texture": "#texture", "cullface": "up" },
				"west": { "uv": [ 10.625, 5.125, 11, 14.25 ], "texture": "#texture", "cullface": "up" },
				"east": { "uv": [ 11, 5.125, 10.625, 14.25 ], "texture": "#texture", "cullface": "up" }
			}
		},
		{
			"__comment": "CT_Sword",
			"from": [ 7.875, 25.125, 4.625 ],
			"to": [ 8.125, 26.625, 4.875 ],
			"faces": {
				"up": { "uv": [ 7.875, 10.75, 8.125, 11 ], "texture": "#texture", "cullface": "up" },
				"north": { "uv": [ 14.875, 3.375, 14.625, 4.875 ], "texture": "#texture", "cullface": "up" },
				"south": { "uv": [ 7.875, 3.625, 8.125, 5.125 ], "texture": "#texture", "cullface": "up" },
				"west": { "uv": [ 10.75, 3.625, 11, 5.125 ], "texture": "#texture", "cullface": "up" },
				"east": { "uv": [ 11, 3.625, 10.75, 5.125 ], "texture": "#texture", "cullface": "up" }
			}
		},
		{
			"__comment": "CT_Sword",
			"from": [ 7.875, 26.625, 4.75 ],
			"to": [ 8.125, 27.5, 5 ],
			"faces": {
				"down": { "uv": [ 8.125, 11.125, 7.875, 10.875 ], "texture": "#texture", "cullface": "up" },
				"up": { "uv": [ 7.875, 10.875, 8.125, 11.125 ], "texture": "#texture", "cullface": "up" },
				"north": { "uv": [ 14.875, 4.375, 14.625, 5.25 ], "texture": "#texture", "cullface": "up" },
				"south": { "uv": [ 7.875, 2.75, 8.125, 3.625 ], "texture": "#texture", "cullface": "up" },
				"west": { "uv": [ 10.875, 2.75, 11.125, 3.625 ], "texture": "#texture", "cullface": "up" },
				"east": { "uv": [ 11.125, 2.75, 10.875, 3.625 ], "texture": "#texture", "cullface": "up" }
			}
		},
		{
			"__comment": "CT_Sword",
			"from": [ 7.875, 25.375, 4.875 ],
			"to": [ 8.125, 26.625, 5 ],
			"faces": {
				"west": { "uv": [ 11, 3.625, 11.125, 4.875 ], "texture": "#texture", "cullface": "up" },
				"east": { "uv": [ 11.125, 3.625, 11, 4.875 ], "texture": "#texture", "cullface": "up" }
			}
		},
		{
			"__comment": "CT_Sword",
			"from": [ 7.875, 27.5, 4.875 ],
			"to": [ 8.125, 28.25, 5.125 ],
			"faces": {
				"down": { "uv": [ 8.125, 11.25, 7.875, 11 ], "texture": "#texture", "cullface": "up" },
				"up": { "uv": [ 7.875, 11, 8.125, 11.25 ], "texture": "#texture", "cullface": "up" },
				"north": { "uv": [ 14.875, 1.875, 14.625, 2.625 ], "texture": "#texture", "cullface": "up" },
				"west": { "uv": [ 11, 2, 11.25, 2.75 ], "texture": "#texture", "cullface": "up" },
				"east": { "uv": [ 11.25, 2, 11, 2.75 ], "texture": "#texture", "cullface": "up" }
			}
		},
		{
			"__comment": "CT_Sword",
			"from": [ 7.875, 27, 5 ],
			"to": [ 8.125, 27.5, 5.125 ],
			"faces": {
				"west": { "uv": [ 11.125, 2.75, 11.25, 3.25 ], "texture": "#texture", "cullface": "up" },
				"east": { "uv": [ 11.25, 2.75, 11.125, 3.25 ], "texture": "#texture", "cullface": "up" }
			}
		},
		{
			"__comment": "CT_Sword",
			"from": [ 7.875, 28.25, 5 ],
			"to": [ 8.125, 28.75, 5.125 ],
			"faces": {
				"up": { "uv": [ 7.875, 11.125, 8.125, 11.25 ], "texture": "#texture", "cullface": "up" },
				"north": { "uv": [ 14.875, 1.625, 14.625, 2.125 ], "texture": "#texture", "cullface": "up" },
				"south": { "uv": [ 7.875, 1.5, 8.125, 2 ], "texture": "#texture", "cullface": "up" },
				"west": { "uv": [ 11.125, 1.5, 11.25, 2 ], "texture": "#texture", "cullface": "up" },
				"east": { "uv": [ 11.25, 1.5, 11.125, 2 ], "texture": "#texture", "cullface": "up" }
			}
		},
		{
			"__comment": "CT_Sword",
			"from": [ 7.875, 28.375, 5.125 ],
			"to": [ 8.125, 29.125, 5.25 ],
			"faces": {
				"up": { "uv": [ 7.875, 11.25, 8.125, 11.375 ], "texture": "#texture", "cullface": "up" },
				"north": { "uv": [ 14.875, 1.25, 14.625, 2 ], "texture": "#texture", "cullface": "up" },
				"south": { "uv": [ 7.875, 1.125, 8.125, 1.875 ], "texture": "#texture", "cullface": "up" },
				"west": { "uv": [ 11.25, 1.125, 11.375, 1.875 ], "texture": "#texture", "cullface": "up" },
				"east": { "uv": [ 11.375, 1.125, 11.25, 1.875 ], "texture": "#texture", "cullface": "up" }
			}
		},
		{
			"__comment": "CT_Sword",
			"from": [ 7.875, 28.875, 5.25 ],
			"to": [ 8.125, 29.375, 5.375 ],
			"faces": {
				"up": { "uv": [ 7.875, 11.375, 8.125, 11.5 ], "texture": "#texture", "cullface": "up" },
				"north": { "uv": [ 14.875, 1, 14.625, 1.5 ], "texture": "#texture", "cullface": "up" },
				"south": { "uv": [ 7.875, 0.875, 8.125, 1.375 ], "texture": "#texture", "cullface": "up" },
				"west": { "uv": [ 11.375, 0.875, 11.5, 1.375 ], "texture": "#texture", "cullface": "up" },
				"east": { "uv": [ 11.5, 0.875, 11.375, 1.375 ], "texture": "#texture", "cullface": "up" }
			}
		},
		{
			"__comment": "CT_Sword",
			"from": [ 7.875, 29.25, 5.375 ],
			"to": [ 8.125, 29.625, 5.5 ],
			"faces": {
				"up": { "uv": [ 7.875, 11.5, 8.125, 11.625 ], "texture": "#texture", "cullface": "up" },
				"north": { "uv": [ 15.75, 0.875, 15.5, 1.25 ], "texture": "#texture", "cullface": "up" },
				"west": { "uv": [ 11.5, 0.625, 11.625, 1 ], "texture": "#texture", "cullface": "up" },
				"east": { "uv": [ 11.625, 0.625, 11.5, 1 ], "texture": "#texture", "cullface": "up" }
			}
		},
		{
			"__comment": "CT_Sword",
			"from": [ 7.875, 29.625, 5.5 ],
			"to": [ 8.125, 29.875, 5.625 ],
			"faces": {
				"up": { "uv": [ 7.875, 11.625, 8.125, 11.75 ], "texture": "#texture", "cullface": "up" },
				"north": { "uv": [ 15.75, 0.5, 15.5, 0.75 ], "texture": "#texture", "cullface": "up" },
				"south": { "uv": [ 7.875, 0.375, 8.125, 0.625 ], "texture": "#texture", "cullface": "up" },
				"west": { "uv": [ 11.625, 0.375, 11.75, 0.625 ], "texture": "#texture", "cullface": "up" },
				"east": { "uv": [ 11.75, 0.375, 11.625, 0.625 ], "texture": "#texture", "cullface": "up" }
			}
		},
		{
			"__comment": "CT_Sword",
			"from": [ 7.875, 29.875, 5.625 ],
			"to": [ 8.125, 30, 6 ],
			"faces": {
				"down": { "uv": [ 8.125, 12.125, 7.875, 11.75 ], "texture": "#texture", "cullface": "up" },
				"up": { "uv": [ 7.875, 11.75, 8.125, 12.125 ], "texture": "#texture", "cullface": "up" },
				"north": { "uv": [ 15.75, 0.25, 15.5, 0.375 ], "texture": "#texture", "cullface": "up" },
				"south": { "uv": [ 15.5, 0.375, 15.75, 0.5 ], "texture": "#texture", "cullface": "up" },
				"west": { "uv": [ 11.75, 0.25, 12.125, 0.375 ], "texture": "#texture", "cullface": "up" },
				"east": { "uv": [ 12.125, 0.25, 11.75, 0.375 ], "texture": "#texture", "cullface": "up" }
			}
		},
		{
			"__comment": "CT_Sword",
			"from": [ 7.875, 30, 5.75 ],
			"to": [ 8.125, 30.125, 5.875 ],
			"faces": {
				"up": { "uv": [ 7.875, 11.875, 8.125, 12 ], "texture": "#texture", "cullface": "up" },
				"north": { "uv": [ 15.75, 0, 15.5, 0.125 ], "texture": "#texture", "cullface": "up" },
				"south": { "uv": [ 15.5, 0.125, 15.75, 0.25 ], "texture": "#texture", "cullface": "up" },
				"west": { "uv": [ 11.875, 0.125, 12, 0.25 ], "texture": "#texture", "cullface": "up" },
				"east": { "uv": [ 12, 0.125, 11.875, 0.25 ], "texture": "#texture", "cullface": "up" }
			}
		},
		{
			"__comment": "CT_Sword",
			"from": [ 7.875, 29.75, 5.875 ],
			"to": [ 8.125, 29.875, 6.125 ],
			"faces": {
				"down": { "uv": [ 8.125, 12.25, 7.875, 12 ], "texture": "#texture", "cullface": "up" },
				"up": { "uv": [ 7.875, 12, 8.125, 12.25 ], "texture": "#texture", "cullface": "up" },
				"south": { "uv": [ 15.5, 0.5, 15.75, 0.625 ], "texture": "#texture", "cullface": "up" },
				"west": { "uv": [ 12, 0.375, 12.25, 0.5 ], "texture": "#texture", "cullface": "up" },
				"east": { "uv": [ 12.25, 0.375, 12, 0.5 ], "texture": "#texture", "cullface": "up" }
			}
		},
		{
			"__comment": "CT_Sword",
			"from": [ 7.875, 29.625, 6 ],
			"to": [ 8.125, 29.75, 6.125 ],
			"faces": {
				"south": { "uv": [ 14.625, 0.875, 14.875, 1 ], "texture": "#texture", "cullface": "up" },
				"west": { "uv": [ 12.125, 0.5, 12.25, 0.625 ], "texture": "#texture", "cullface": "up" },
				"east": { "uv": [ 12.25, 0.5, 12.125, 0.625 ], "texture": "#texture", "cullface": "up" }
			}
		},
		{
			"__comment": "CT_Sword",
			"from": [ 7.875, 29.125, 6.125 ],
			"to": [ 8.125, 29.375, 6.375 ],
			"faces": {
				"down": { "uv": [ 8.125, 12.5, 7.875, 12.25 ], "texture": "#texture", "cullface": "up" },
				"up": { "uv": [ 7.875, 12.25, 8.125, 12.5 ], "texture": "#texture", "cullface": "up" },
				"north": { "uv": [ 8.125, 0.875, 7.875, 1.125 ], "texture": "#texture", "cullface": "up" },
				"south": { "uv": [ 15.5, 0.875, 15.75, 1.125 ], "texture": "#texture", "cullface": "up" },
				"west": { "uv": [ 12.25, 0.875, 12.5, 1.125 ], "texture": "#texture", "cullface": "up" },
				"east": { "uv": [ 12.5, 0.875, 12.25, 1.125 ], "texture": "#texture", "cullface": "up" }
			}
		},
		{
			"__comment": "CT_Sword",
			"from": [ 8, 29.5, 6 ],
			"to": [ 8.25, 29.75, 6.125 ],
			"faces": {
				"up": { "uv": [ 7.875, 12.25, 8.125, 12.375 ], "texture": "#texture", "cullface": "up" },
				"south": { "uv": [ 15.5, 0.625, 15.75, 0.875 ], "texture": "#texture", "cullface": "up" },
				"west": { "uv": [ 12.25, 0.625, 12.375, 0.875 ], "texture": "#texture", "cullface": "up" },
				"east": { "uv": [ 12.375, 0.625, 12.25, 0.875 ], "texture": "#texture", "cullface": "up" }
			}
		},
		{
			"__comment": "CT_Sword",
			"from": [ 7.875, 28.75, 6.25 ],
			"to": [ 8.125, 29, 6.5 ],
			"faces": {
				"down": { "uv": [ 8.125, 12.625, 7.875, 12.375 ], "texture": "#texture", "cullface": "up" },
				"up": { "uv": [ 7.875, 12.375, 8.125, 12.625 ], "texture": "#texture", "cullface": "up" },
				"south": { "uv": [ 15.5, 1.375, 15.75, 1.625 ], "texture": "#texture", "cullface": "up" },
				"west": { "uv": [ 12.375, 1.25, 12.625, 1.5 ], "texture": "#texture", "cullface": "up" },
				"east": { "uv": [ 12.625, 1.25, 12.375, 1.5 ], "texture": "#texture", "cullface": "up" }
			}
		},
		{
			"__comment": "CT_Sword",
			"from": [ 7.875, 29, 6.25 ],
			"to": [ 8.125, 29.125, 6.375 ],
			"faces": {
				"south": { "uv": [ 15.5, 3.25, 15.75, 3.375 ], "texture": "#texture", "cullface": "up" },
				"west": { "uv": [ 12.375, 1.125, 12.5, 1.25 ], "texture": "#texture", "cullface": "up" },
				"east": { "uv": [ 12.5, 1.125, 12.375, 1.25 ], "texture": "#texture", "cullface": "up" }
			}
		},
		{
			"__comment": "CT_Sword",
			"from": [ 7.875, 28.125, 6.375 ],
			"to": [ 8.125, 28.625, 6.625 ],
			"faces": {
				"down": { "uv": [ 8.125, 12.75, 7.875, 12.5 ], "texture": "#texture", "cullface": "up" },
				"up": { "uv": [ 7.875, 12.5, 8.125, 12.75 ], "texture": "#texture", "cullface": "up" },
				"south": { "uv": [ 15.5, 1.75, 15.75, 2.25 ], "texture": "#texture", "cullface": "up" },
				"west": { "uv": [ 12.5, 1.625, 12.75, 2.125 ], "texture": "#texture", "cullface": "up" },
				"east": { "uv": [ 12.75, 1.625, 12.5, 2.125 ], "texture": "#texture", "cullface": "up" }
			}
		},
		{
			"__comment": "CT_Sword",
			"from": [ 7.875, 28.625, 6.375 ],
			"to": [ 8.125, 28.75, 6.5 ],
			"faces": {
				"south": { "uv": [ 7.875, 1.5, 8.125, 1.625 ], "texture": "#texture", "cullface": "up" },
				"west": { "uv": [ 12.5, 1.5, 12.625, 1.625 ], "texture": "#texture", "cullface": "up" },
				"east": { "uv": [ 12.625, 1.5, 12.5, 1.625 ], "texture": "#texture", "cullface": "up" }
			}
		},
		{
			"__comment": "CT_Sword",
			"from": [ 7.875, 26.875, 6.5 ],
			"to": [ 8.125, 27.375, 6.875 ],
			"faces": {
				"down": { "uv": [ 8.125, 13, 7.875, 12.625 ], "texture": "#texture", "cullface": "up" },
				"up": { "uv": [ 7.875, 12.625, 8.125, 13 ], "texture": "#texture", "cullface": "up" },
				"south": { "uv": [ 15.5, 2.625, 15.75, 3.125 ], "texture": "#texture", "cullface": "up" },
				"west": { "uv": [ 12.625, 2.875, 13, 3.375 ], "texture": "#texture", "cullface": "up" },
				"east": { "uv": [ 13, 2.875, 12.625, 3.375 ], "texture": "#texture", "cullface": "up" }
			}
		},
		{
			"__comment": "CT_Sword",
			"from": [ 7.875, 27.375, 6.5 ],
			"to": [ 8.125, 28.125, 6.75 ],
			"faces": {
				"up": { "uv": [ 7.875, 12.625, 8.125, 12.875 ], "texture": "#texture", "cullface": "up" },
				"south": { "uv": [ 15.5, 2.125, 15.75, 2.875 ], "texture": "#texture", "cullface": "up" },
				"west": { "uv": [ 12.625, 2.125, 12.875, 2.875 ], "texture": "#texture", "cullface": "up" },
				"east": { "uv": [ 12.875, 2.125, 12.625, 2.875 ], "texture": "#texture", "cullface": "up" }
			}
		},
		{
			"__comment": "CT_Sword",
			"from": [ 7.875, 25.125, 6.625 ],
			"to": [ 8.125, 26.5, 7 ],
			"faces": {
				"down": { "uv": [ 8.125, 13.125, 7.875, 12.75 ], "texture": "#texture", "cullface": "up" },
				"up": { "uv": [ 7.875, 12.75, 8.125, 13.125 ], "texture": "#texture", "cullface": "up" },
				"north": { "uv": [ 8.125, 3.75, 7.875, 5.125 ], "texture": "#texture", "cullface": "up" },
				"south": { "uv": [ 15.5, 3.75, 15.75, 5.125 ], "texture": "#texture", "cullface": "up" },
				"west": { "uv": [ 12.75, 3.75, 13.125, 5.125 ], "texture": "#texture", "cullface": "up" },
				"east": { "uv": [ 13.125, 3.75, 12.75, 5.125 ], "texture": "#texture", "cullface": "up" }
			}
		},
		{
			"__comment": "CT_Sword",
			"from": [ 7.875, 26.5, 6.625 ],
			"to": [ 8.125, 26.875, 6.875 ],
			"faces": {
				"south": { "uv": [ 15.5, 3.375, 15.75, 3.75 ], "texture": "#texture", "cullface": "up" },
				"west": { "uv": [ 12.75, 3.375, 13, 3.75 ], "texture": "#texture", "cullface": "up" },
				"east": { "uv": [ 13, 3.375, 12.75, 3.75 ], "texture": "#texture", "cullface": "up" }
			}
		},
		{
			"__comment": "CT_Sword",
			"from": [ 7.875, 16, 6.75 ],
			"to": [ 8.125, 25, 7.125 ],
			"faces": {
				"up": { "uv": [ 7.875, 12.875, 8.125, 13.25 ], "texture": "#texture", "cullface": "up" },
				"north": { "uv": [ 8.125, 5.25, 7.875, 14.25 ], "texture": "#texture", "cullface": "up" },
				"south": { "uv": [ 15.5, 5.25, 15.75, 14.25 ], "texture": "#texture", "cullface": "up" },
				"west": { "uv": [ 12.875, 5.25, 13.25, 14.25 ], "texture": "#texture", "cullface": "up" },
				"east": { "uv": [ 13.25, 5.25, 12.875, 14.25 ], "texture": "#texture", "cullface": "up" }
			}
		},
		{
			"__comment": "CT_Sword",
			"from": [ 7.875, 25, 6.75 ],
			"to": [ 8.125, 25.125, 7 ],
			"faces": {
				"south": { "uv": [ 7.875, 5.125, 8.125, 5.25 ], "texture": "#texture", "cullface": "up" },
				"west": { "uv": [ 12.875, 5.125, 13.125, 5.25 ], "texture": "#texture", "cullface": "up" },
				"east": { "uv": [ 13.125, 5.125, 12.875, 5.25 ], "texture": "#texture", "cullface": "up" }
			}
		},
		{
			"__comment": "CT_Sword",
			"from": [ 8.125, 9.375, 4.625 ],
			"to": [ 8.25, 10.25, 4.75 ],
			"faces": {
				"up": { "uv": [ 8.125, 4.625, 8.25, 4.75 ], "texture": "#texture" },
				"north": { "uv": [ 8.25, 5.75, 8.125, 6.625 ], "texture": "#texture" },
				"east": { "uv": [ 4.75, 5.75, 4.625, 6.625 ], "texture": "#texture" }
			}
		},
		{
			"__comment": "CT_Sword",
			"from": [ 8.125, 11, 6.25 ],
			"to": [ 8.25, 11.625, 6.75 ],
			"faces": {
				"down": { "uv": [ 7.875, 6.75, 7.75, 6.25 ], "texture": "#texture" },
				"south": { "uv": [ 8.125, 4.375, 8.25, 5 ], "texture": "#texture" },
				"east": { "uv": [ 6.75, 4.375, 6.25, 5 ], "texture": "#texture" }
			}
		},
		{
			"__comment": "CT_Sword",
			"from": [ 8.125, 10.125, 6.375 ],
			"to": [ 8.25, 10.625, 6.875 ],
			"faces": {
				"down": { "uv": [ 7.875, 6.875, 7.75, 6.375 ], "texture": "#texture" },
				"up": { "uv": [ 8.125, 6.375, 8.25, 6.875 ], "texture": "#texture" },
				"south": { "uv": [ 8.125, 5.375, 8.25, 5.875 ], "texture": "#texture" },
				"east": { "uv": [ 6.875, 5.375, 6.375, 5.875 ], "texture": "#texture" }
			}
		},
		{
			"__comment": "CT_Sword",
			"from": [ 8.125, 10.625, 6.375 ],
			"to": [ 8.25, 11, 6.75 ],
			"faces": {
				"south": { "uv": [ 8.125, 5, 8.25, 5.375 ], "texture": "#texture" },
				"east": { "uv": [ 6.75, 5, 6.375, 5.375 ], "texture": "#texture" }
			}
		},
		{
			"__comment": "CT_Sword",
			"from": [ 8.125, 9.75, 6.5 ],
			"to": [ 8.25, 10.125, 6.875 ],
			"faces": {
				"down": { "uv": [ 7.875, 6.875, 7.75, 6.5 ], "texture": "#texture" },
				"north": { "uv": [ 8.25, 5.875, 8.125, 6.25 ], "texture": "#texture" },
				"south": { "uv": [ 8.125, 5.875, 8.25, 6.25 ], "texture": "#texture" },
				"east": { "uv": [ 6.875, 5.875, 6.5, 6.25 ], "texture": "#texture" }
			}
		},
		{
			"__comment": "CT_Sword",
			"from": [ 8.125, 9.5, 6.625 ],
			"to": [ 8.25, 9.75, 6.875 ],
			"faces": {
				"down": { "uv": [ 7.875, 6.875, 7.75, 6.625 ], "texture": "#texture" },
				"north": { "uv": [ 8.25, 6.25, 8.125, 6.5 ], "texture": "#texture" },
				"south": { "uv": [ 8.125, 6.25, 8.25, 6.5 ], "texture": "#texture" },
				"east": { "uv": [ 6.875, 6.25, 6.625, 6.5 ], "texture": "#texture" }
			}
		},
		{
			"__comment": "CT_Sword",
			"from": [ 8.125, 9, 6.75 ],
			"to": [ 8.25, 9.25, 7 ],
			"faces": {
				"down": { "uv": [ 7.875, 7, 7.75, 6.75 ], "texture": "#texture" },
				"up": { "uv": [ 8.125, 6.75, 8.25, 7 ], "texture": "#texture" },
				"north": { "uv": [ 8.25, 6.75, 8.125, 7 ], "texture": "#texture" },
				"south": { "uv": [ 8.125, 6.75, 8.25, 7 ], "texture": "#texture" },
				"east": { "uv": [ 7, 6.75, 6.75, 7 ], "texture": "#texture" }
			}
		},
		{
			"__comment": "CT_Sword",
			"from": [ 8.125, 9.25, 6.75 ],
			"to": [ 8.25, 9.5, 6.875 ],
			"faces": {
				"north": { "uv": [ 8.25, 6.5, 8.125, 6.75 ], "texture": "#texture" },
				"south": { "uv": [ 8.125, 6.5, 8.25, 6.75 ], "texture": "#texture" },
				"east": { "uv": [ 6.875, 6.5, 6.75, 6.75 ], "texture": "#texture" }
			}
		},
		{
			"__comment": "CT_Sword",
			"from": [ 8.125, 27, 5.125 ],
			"to": [ 8.25, 28.25, 5.625 ],
			"faces": {
				"down": { "uv": [ 7.875, 11.75, 7.75, 11.25 ], "texture": "#texture", "cullface": "up" },
				"up": { "uv": [ 8.125, 11.25, 8.25, 11.75 ], "texture": "#texture", "cullface": "up" },
				"north": { "uv": [ 8.25, 2, 8.125, 3.25 ], "texture": "#texture", "cullface": "up" },
				"east": { "uv": [ 11.75, 2, 11.25, 3.25 ], "texture": "#texture", "cullface": "up" }
			}
		},
		{
			"__comment": "CT_Sword",
			"from": [ 8.125, 28.25, 5.25 ],
			"to": [ 8.25, 28.375, 5.625 ],
			"faces": {
				"north": { "uv": [ 8.25, 1.875, 8.125, 2 ], "texture": "#texture", "cullface": "up" },
				"east": { "uv": [ 11.75, 1.875, 11.375, 2 ], "texture": "#texture", "cullface": "up" }
			}
		},
		{
			"__comment": "CT_Sword",
			"from": [ 8.25, 9.125, 4.875 ],
			"to": [ 8.375, 9.25, 6.75 ],
			"faces": {
				"up": { "uv": [ 8.25, 4.875, 8.375, 6.75 ], "texture": "#texture" },
				"north": { "uv": [ 8.375, 6.75, 8.25, 6.875 ], "texture": "#texture" },
				"south": { "uv": [ 8.25, 6.75, 8.375, 6.875 ], "texture": "#texture" },
				"east": { "uv": [ 6.75, 6.75, 4.875, 6.875 ], "texture": "#texture" }
			}
		},
		{
			"__comment": "CT_Sword",
			"from": [ 8.25, 9.25, 4.875 ],
			"to": [ 8.375, 9.5, 6.625 ],
			"faces": {
				"up": { "uv": [ 8.25, 4.875, 8.375, 6.625 ], "texture": "#texture" },
				"north": { "uv": [ 8.375, 6.5, 8.25, 6.75 ], "texture": "#texture" },
				"south": { "uv": [ 8.25, 6.5, 8.375, 6.75 ], "texture": "#texture" },
				"west": { "uv": [ 4.875, 6.5, 6.625, 6.75 ], "texture": "#texture" },
				"east": { "uv": [ 6.625, 6.5, 4.875, 6.75 ], "texture": "#texture" }
			}
		},
		{
			"__comment": "CT_Sword",
			"from": [ 8.25, 9.625, 5 ],
			"to": [ 8.375, 9.75, 6.5 ],
			"faces": {
				"up": { "uv": [ 8.25, 5, 8.375, 6.5 ], "texture": "#texture" },
				"north": { "uv": [ 8.375, 6.25, 8.25, 6.375 ], "texture": "#texture" },
				"south": { "uv": [ 8.25, 6.25, 8.375, 6.375 ], "texture": "#texture" },
				"west": { "uv": [ 5, 6.25, 6.5, 6.375 ], "texture": "#texture" },
				"east": { "uv": [ 6.5, 6.25, 5, 6.375 ], "texture": "#texture" }
			}
		},
		{
			"__comment": "CT_Sword",
			"from": [ 8.25, 9.75, 5 ],
			"to": [ 8.375, 9.875, 5.125 ],
			"faces": {
				"up": { "uv": [ 8.25, 5, 8.375, 5.125 ], "texture": "#texture" },
				"north": { "uv": [ 8.375, 6.125, 8.25, 6.25 ], "texture": "#texture" },
				"east": { "uv": [ 5.125, 6.125, 5, 6.25 ], "texture": "#texture" }
			}
		},
		{
			"__comment": "CT_Sword",
			"from": [ 8.25, 10, 5.125 ],
			"to": [ 8.375, 10.25, 6.375 ],
			"faces": {
				"up": { "uv": [ 8.25, 5.125, 8.375, 6.375 ], "texture": "#texture" },
				"north": { "uv": [ 8.375, 5.75, 8.25, 6 ], "texture": "#texture" },
				"south": { "uv": [ 8.25, 5.75, 8.375, 6 ], "texture": "#texture" },
				"west": { "uv": [ 5.125, 5.75, 6.375, 6 ], "texture": "#texture" },
				"east": { "uv": [ 6.375, 5.75, 5.125, 6 ], "texture": "#texture" }
			}
		},
		{
			"__comment": "CT_Sword",
			"from": [ 8.25, 10.25, 5.25 ],
			"to": [ 8.375, 10.75, 6.375 ],
			"faces": {
				"up": { "uv": [ 8.25, 5.25, 8.375, 6.375 ], "texture": "#texture" },
				"north": { "uv": [ 8.375, 5.25, 8.25, 5.75 ], "texture": "#texture" },
				"south": { "uv": [ 8.25, 5.25, 8.375, 5.75 ], "texture": "#texture" },
				"east": { "uv": [ 6.375, 5.25, 5.25, 5.75 ], "texture": "#texture" }
			}
		},
		{
			"__comment": "CT_Sword",
			"from": [ 8.25, 10.75, 5.25 ],
			"to": [ 8.375, 11, 6.25 ],
			"faces": {
				"up": { "uv": [ 8.25, 5.25, 8.375, 6.25 ], "texture": "#texture" },
				"north": { "uv": [ 8.375, 5, 8.25, 5.25 ], "texture": "#texture" },
				"south": { "uv": [ 8.25, 5, 8.375, 5.25 ], "texture": "#texture" },
				"east": { "uv": [ 6.25, 5, 5.25, 5.25 ], "texture": "#texture" }
			}
		},
		{
			"__comment": "CT_Sword",
			"from": [ 8.25, 11, 5.25 ],
			"to": [ 8.375, 11.25, 5.375 ],
			"faces": {
				"up": { "uv": [ 8.25, 5.25, 8.375, 5.375 ], "texture": "#texture" },
				"north": { "uv": [ 8.375, 4.75, 8.25, 5 ], "texture": "#texture" },
				"east": { "uv": [ 5.375, 4.75, 5.25, 5 ], "texture": "#texture" }
			}
		},
		{
			"__comment": "CT_Sword",
			"from": [ 8.25, 3, 6.625 ],
			"to": [ 8.375, 3.125, 6.75 ],
			"faces": {
				"down": { "uv": [ 5.75, 12.3125, 5.625, 12.1875 ], "texture": "#texture" },
				"south": { "uv": [ 8.25, 12.875, 8.375, 13 ], "texture": "#texture" },
				"east": { "uv": [ 6.75, 12.875, 6.625, 13 ], "texture": "#texture" }
			}
		},
		{
			"__comment": "CT_Sword",
			"from": [ 8.375, 2.75, 5 ],
			"to": [ 8.5, 5.125, 6.5 ],
			"faces": {
				"down": { "uv": [ 5, 13, 4.875, 11.5 ], "texture": "#texture" },
				"up": { "uv": [ 8.375, 5, 8.5, 6.5 ], "texture": "#texture" },
				"north": { "uv": [ 8.5, 10.875, 8.375, 13.25 ], "texture": "#texture" },
				"south": { "uv": [ 8.375, 10.875, 8.5, 13.25 ], "texture": "#texture" },
				"east": { "uv": [ 6.5, 10.875, 5, 13.25 ], "texture": "#texture" }
			}
		},
		{
			"__comment": "CT_Sword",
			"from": [ 8.375, 5.125, 5 ],
			"to": [ 8.5, 5.25, 5.125 ],
			"faces": {
				"up": { "uv": [ 5.875, 10.5, 6, 10.625 ], "texture": "#texture" },
				"north": { "uv": [ 8.5, 10.75, 8.375, 10.875 ], "texture": "#texture" },
				"east": { "uv": [ 5.125, 10.75, 5, 10.875 ], "texture": "#texture" }
			}
		},
		{
			"__comment": "CT_Sword",
			"from": [ 8.375, 2.625, 5.125 ],
			"to": [ 8.5, 2.75, 6.5 ],
			"faces": {
				"north": { "uv": [ 8.5, 13.25, 8.375, 13.375 ], "texture": "#texture" },
				"south": { "uv": [ 8.375, 13.25, 8.5, 13.375 ], "texture": "#texture" },
				"east": { "uv": [ 6.5, 13.25, 5.125, 13.375 ], "texture": "#texture" }
			}
		},
		{
			"__comment": "CT_Sword",
			"from": [ 8.375, 3.875, 6.5 ],
			"to": [ 8.5, 4, 6.625 ],
			"faces": {
				"down": { "uv": [ 5.75, 12.0625, 5.625, 11.9375 ], "texture": "#texture" },
				"south": { "uv": [ 8.375, 12, 8.5, 12.125 ], "texture": "#texture" },
				"east": { "uv": [ 6.625, 12, 6.5, 12.125 ], "texture": "#texture" }
			}
		}
	],
	"display": {
	    "thirdperson": {
	        "rotation": [ -90, 20, -20 ],
	        "translation": [ 0.2, 1.5, -1.85 ],
	        "scale": [ 0.8, 0.8, 0.8 ]
	    },
	    "firstperson": {
	        "rotation": [ -20, 0, 0 ],
	        "translation": [ 7, 0, 4 ],
	        "scale": [ 1.22, 1.22, 1.22 ]
	    },
	    "gui": {
	        "rotation": [ 45, 45, 0 ],
	        "translation": [ -5, -7, 0 ],
	        "scale": [ 1.6, 1.6, 1.6 ]
	    },
	    "ground": {
	        "rotation": [ 0, 0, 0 ],
	        "translation": [ 0, 0, 0 ],
	        "scale": [ 2.5, 2.5, 2.5 ]
	    }
	}
}