{
"__comment": "Designed by Syclonesjs with BDcraft Cubik PRO 0.95 Beta - http://bdcraft.net",
"ambientocclusion": false,
"textures": {
    "texture": "items/windblade",
    "windspin": "items/windspin"
},
"elements": [ 
{
    "__comment": "Wind Blade vox",
    "from": [ 6.375, 7.125, 14.25 ],
    "to": [ 7.375, 7.375, 16 ],
    "faces": {
        "down":  { "uv": [ 9.625, 16, 8.625, 14.25 ], "texture": "#texture" },
        "up":    { "uv": [ 6.375, 14.25, 7.375, 16 ], "texture": "#texture" },
        "north": { "uv": [ 7.375, 8.625, 6.375, 8.875 ], "texture": "#texture" },
        "west":  { "uv": [ 14.25, 8.625, 16, 8.875 ], "texture": "#texture" },
        "east":  { "uv": [ 16, 8.625, 14.25, 8.875 ], "texture": "#texture" }
    }
},
{
    "__comment": "Wind Blade vox",
    "from": [ 6.375, 7, 14.375 ],
    "to": [ 7.375, 7.125, 16 ],
    "faces": {
        "down":  { "uv": [ 9.625, 16, 8.625, 14.375 ], "texture": "#texture" },
        "north": { "uv": [ 7.375, 8.875, 6.375, 9 ], "texture": "#texture" },
        "west":  { "uv": [ 14.375, 8.875, 16, 9 ], "texture": "#texture" },
        "east":  { "uv": [ 16, 8.875, 14.375, 9 ], "texture": "#texture" }
    }
},
{
    "__comment": "Wind Blade vox",
    "from": [ 6.375, 7.375, 14.375 ],
    "to": [ 7.375, 7.5, 16 ],
    "faces": {
        "up":    { "uv": [ 6.375, 14.375, 7.375, 16 ], "texture": "#texture" },
        "north": { "uv": [ 7.375, 8.5, 6.375, 8.625 ], "texture": "#texture" },
        "south": { "uv": [ 6.375, 8.5, 7.375, 8.625 ], "texture": "#texture" },
        "west":  { "uv": [ 14.375, 8.5, 16, 8.625 ], "texture": "#texture" },
        "east":  { "uv": [ 16, 8.5, 14.375, 8.625 ], "texture": "#texture" }
    }
},
{
    "__comment": "Wind Blade vox",
    "from": [ 6.375, 6.75, 14.5 ],
    "to": [ 7.25, 7, 15 ],
    "faces": {
        "down":  { "uv": [ 9.625, 15, 8.75, 14.5 ], "texture": "#texture" },
        "north": { "uv": [ 7.25, 9, 6.375, 9.25 ], "texture": "#texture" },
        "south": { "uv": [ 6.375, 9, 7.25, 9.25 ], "texture": "#texture" },
        "west":  { "uv": [ 14.5, 9, 15, 9.25 ], "texture": "#texture" },
        "east":  { "uv": [ 15, 9, 14.5, 9.25 ], "texture": "#texture" }
    }
},
{
    "__comment": "Wind Blade vox",
    "from": [ 6.375, 7.5, 14.5 ],
    "to": [ 7.375, 7.625, 16 ],
    "faces": {
        "up":    { "uv": [ 6.375, 14.5, 7.375, 16 ], "texture": "#texture" },
        "north": { "uv": [ 7.375, 8.375, 6.375, 8.5 ], "texture": "#texture" },
        "south": { "uv": [ 6.375, 8.375, 7.375, 8.5 ], "texture": "#texture" },
        "west":  { "uv": [ 14.5, 8.375, 16, 8.5 ], "texture": "#texture" },
        "east":  { "uv": [ 16, 8.375, 14.5, 8.5 ], "texture": "#texture" }
    }
},
{
    "__comment": "Wind Blade vox",
    "from": [ 6.375, 7.625, 14.5 ],
    "to": [ 7.25, 7.75, 15 ],
    "faces": {
        "up":    { "uv": [ 6.375, 14.5, 7.25, 15 ], "texture": "#texture" },
        "north": { "uv": [ 7.25, 8.25, 6.375, 8.375 ], "texture": "#texture" },
        "south": { "uv": [ 6.375, 8.25, 7.25, 8.375 ], "texture": "#texture" },
        "west":  { "uv": [ 14.5, 8.25, 15, 8.375 ], "texture": "#texture" },
        "east":  { "uv": [ 15, 8.25, 14.5, 8.375 ], "texture": "#texture" }
    }
},
{
    "__comment": "Wind Blade vox",
    "from": [ 6.375, 6.625, 14.625 ],
    "to": [ 7.375, 6.75, 14.875 ],
    "faces": {
        "down":  { "uv": [ 9.625, 14.875, 8.625, 14.625 ], "texture": "#texture" },
        "up":    { "uv": [ 6.375, 14.625, 7.375, 14.875 ], "texture": "#texture" },
        "north": { "uv": [ 7.375, 9.25, 6.375, 9.375 ], "texture": "#texture" },
        "south": { "uv": [ 6.375, 9.25, 7.375, 9.375 ], "texture": "#texture" },
        "west":  { "uv": [ 14.625, 9.25, 14.875, 9.375 ], "texture": "#texture" },
        "east":  { "uv": [ 14.875, 9.25, 14.625, 9.375 ], "texture": "#texture" }
    }
},
{
    "__comment": "Wind Blade vox",
    "from": [ 6.375, 7.75, 14.625 ],
    "to": [ 7.375, 7.875, 14.875 ],
    "faces": {
        "down":  { "uv": [ 9.625, 14.875, 8.625, 14.625 ], "texture": "#texture" },
        "up":    { "uv": [ 6.375, 14.625, 7.375, 14.875 ], "texture": "#texture" },
        "north": { "uv": [ 7.375, 8.125, 6.375, 8.25 ], "texture": "#texture" },
        "south": { "uv": [ 6.375, 8.125, 7.375, 8.25 ], "texture": "#texture" },
        "west":  { "uv": [ 14.625, 8.125, 14.875, 8.25 ], "texture": "#texture" },
        "east":  { "uv": [ 14.875, 8.125, 14.625, 8.25 ], "texture": "#texture" }
    }
},
{
    "__comment": "Wind Blade vox",
    "from": [ 6.375, 6.875, 15 ],
    "to": [ 7.375, 7, 16 ],
    "faces": {
        "down":  { "uv": [ 9.625, 16, 8.625, 15 ], "texture": "#texture" },
        "north": { "uv": [ 7.375, 9, 6.375, 9.125 ], "texture": "#texture" },
        "west":  { "uv": [ 15, 9, 16, 9.125 ], "texture": "#texture" },
        "east":  { "uv": [ 16, 9, 15, 9.125 ], "texture": "#texture" }
    }
},
{
    "__comment": "Wind Blade vox",
    "from": [ 6.375, 6.75, 15.5 ],
    "to": [ 7.375, 6.875, 16 ],
    "faces": {
        "down":  { "uv": [ 9.625, 16, 8.625, 15.5 ], "texture": "#texture" },
        "north": { "uv": [ 7.375, 9.125, 6.375, 9.25 ], "texture": "#texture" },
        "south": { "uv": [ 6.375, 9.125, 7.375, 9.25 ], "texture": "#texture" },
        "west":  { "uv": [ 15.5, 9.125, 16, 9.25 ], "texture": "#texture" },
        "east":  { "uv": [ 16, 9.125, 15.5, 9.25 ], "texture": "#texture" }
    }
},
{
    "__comment": "Wind Blade vox",
    "from": [ 6.375, 7.625, 15.5 ],
    "to": [ 7.375, 7.75, 16 ],
    "faces": {
        "up":    { "uv": [ 6.375, 15.5, 7.375, 16 ], "texture": "#texture" },
        "north": { "uv": [ 7.375, 8.25, 6.375, 8.375 ], "texture": "#texture" },
        "south": { "uv": [ 6.375, 8.25, 7.375, 8.375 ], "texture": "#texture" },
        "west":  { "uv": [ 15.5, 8.25, 16, 8.375 ], "texture": "#texture" },
        "east":  { "uv": [ 16, 8.25, 15.5, 8.375 ], "texture": "#texture" }
    }
},
{
    "__comment": "Wind Blade vox",
    "from": [ 6.375, 6.625, 15.625 ],
    "to": [ 7.375, 6.75, 16 ],
    "faces": {
        "down":  { "uv": [ 9.625, 16, 8.625, 15.625 ], "texture": "#texture" },
        "north": { "uv": [ 7.375, 9.25, 6.375, 9.375 ], "texture": "#texture" },
        "south": { "uv": [ 6.375, 9.25, 7.375, 9.375 ], "texture": "#texture" },
        "west":  { "uv": [ 15.625, 9.25, 16, 9.375 ], "texture": "#texture" },
        "east":  { "uv": [ 16, 9.25, 15.625, 9.375 ], "texture": "#texture" }
    }
},
{
    "__comment": "Wind Blade vox",
    "from": [ 6.375, 6.125, 15.75 ],
    "to": [ 7.375, 6.625, 16 ],
    "faces": {
        "down":  { "uv": [ 9.625, 16, 8.625, 15.75 ], "texture": "#texture" },
        "north": { "uv": [ 7.375, 9.375, 6.375, 9.875 ], "texture": "#texture" },
        "south": { "uv": [ 3.5, 5.875, 4.5, 6.375 ], "texture": "#texture" },
        "west":  { "uv": [ 15.75, 9.375, 16, 9.875 ], "texture": "#texture" },
        "east":  { "uv": [ 16, 9.375, 15.75, 9.875 ], "texture": "#texture" }
    }
},
{
    "__comment": "Wind Blade vox",
    "from": [ 6.375, 7.75, 15.75 ],
    "to": [ 7.375, 8.375, 16 ],
    "faces": {
        "up":    { "uv": [ 6.375, 15.75, 7.375, 16 ], "texture": "#texture" },
        "north": { "uv": [ 4.375, 5.75, 3.375, 6.375 ], "texture": "#texture" },
        "south": { "uv": [ 3.375, 5.75, 4.375, 6.375 ], "texture": "#texture" },
        "west":  { "uv": [ 15.75, 7.625, 16, 8.25 ], "texture": "#texture" },
        "east":  { "uv": [ 16, 7.625, 15.75, 8.25 ], "texture": "#texture" }
    }
},
{
    "__comment": "Wind Blade vox",
    "from": [ 6.375, 5.875, 15.875 ],
    "to": [ 7.375, 6.125, 16 ],
    "faces": {
        "down":  { "uv": [ 9.625, 16, 8.625, 15.875 ], "texture": "#texture" },
        "north": { "uv": [ 7.375, 9.875, 6.375, 10.125 ], "texture": "#texture" },
        "south": { "uv": [ 3.5, 6, 4.5, 6.25 ], "texture": "#texture" },
        "west":  { "uv": [ 15.875, 9.875, 16, 10.125 ], "texture": "#texture" },
        "east":  { "uv": [ 16, 9.875, 15.875, 10.125 ], "texture": "#texture" }
    }
},
{
    "__comment": "Wind Blade vox",
    "from": [ 6.375, 8.375, 15.875 ],
    "to": [ 7.375, 8.625, 16 ],
    "faces": {
        "up":    { "uv": [ 6.375, 15.875, 7.375, 16 ], "texture": "#texture" },
        "north": { "uv": [ 4.625, 6, 3.625, 6.25 ], "texture": "#texture" },
        "south": { "uv": [ 3.5, 6, 4.5, 6.25 ], "texture": "#texture" },
        "west":  { "uv": [ 15.875, 7.375, 16, 7.625 ], "texture": "#texture" },
        "east":  { "uv": [ 16, 7.375, 15.875, 7.625 ], "texture": "#texture" }
    }
},
{
    "__comment": "Wind Blade vox",
    "from": [ 6.5, 7.125, 14.125 ],
    "to": [ 7.25, 7.375, 14.25 ],
    "faces": {
        "down":  { "uv": [ 9.5, 14.25, 8.75, 14.125 ], "texture": "#texture" },
        "up":    { "uv": [ 6.5, 14.125, 7.25, 14.25 ], "texture": "#texture" },
        "north": { "uv": [ 7.25, 8.625, 6.5, 8.875 ], "texture": "#texture" },
        "west":  { "uv": [ 14.125, 8.625, 14.25, 8.875 ], "texture": "#texture" },
        "east":  { "uv": [ 14.25, 8.625, 14.125, 8.875 ], "texture": "#texture" }
    }
},
{
    "__comment": "Wind Blade vox",
    "from": [ 6.5, 7, 14.25 ],
    "to": [ 7.25, 7.125, 14.375 ],
    "faces": {
        "down":  { "uv": [ 9.5, 14.375, 8.75, 14.25 ], "texture": "#texture" },
        "north": { "uv": [ 7.25, 8.875, 6.5, 9 ], "texture": "#texture" },
        "west":  { "uv": [ 14.25, 8.875, 14.375, 9 ], "texture": "#texture" },
        "east":  { "uv": [ 14.375, 8.875, 14.25, 9 ], "texture": "#texture" }
    }
},
{
    "__comment": "Wind Blade vox",
    "from": [ 6.5, 7.375, 14.25 ],
    "to": [ 7.25, 7.5, 14.375 ],
    "faces": {
        "up":    { "uv": [ 6.5, 14.25, 7.25, 14.375 ], "texture": "#texture" },
        "north": { "uv": [ 7.25, 8.5, 6.5, 8.625 ], "texture": "#texture" },
        "west":  { "uv": [ 14.25, 8.5, 14.375, 8.625 ], "texture": "#texture" },
        "east":  { "uv": [ 14.375, 8.5, 14.25, 8.625 ], "texture": "#texture" }
    }
},
{
    "__comment": "Wind Blade vox",
    "from": [ 6.5, 6.75, 14.375 ],
    "to": [ 7.125, 7, 14.5 ],
    "faces": {
        "down":  { "uv": [ 9.5, 14.5, 8.875, 14.375 ], "texture": "#texture" },
        "north": { "uv": [ 7.125, 9, 6.5, 9.25 ], "texture": "#texture" },
        "west":  { "uv": [ 14.375, 9, 14.5, 9.25 ], "texture": "#texture" },
        "east":  { "uv": [ 14.5, 9, 14.375, 9.25 ], "texture": "#texture" }
    }
},
{
    "__comment": "Wind Blade vox",
    "from": [ 6.5, 7.5, 14.375 ],
    "to": [ 7.125, 7.75, 14.5 ],
    "faces": {
        "up":    { "uv": [ 6.5, 14.375, 7.125, 14.5 ], "texture": "#texture" },
        "north": { "uv": [ 7.125, 8.25, 6.5, 8.5 ], "texture": "#texture" },
        "south": { "uv": [ 6.5, 8.25, 7.125, 8.5 ], "texture": "#texture" },
        "west":  { "uv": [ 14.375, 8.25, 14.5, 8.5 ], "texture": "#texture" },
        "east":  { "uv": [ 14.5, 8.25, 14.375, 8.5 ], "texture": "#texture" }
    }
},
{
    "__comment": "Wind Blade vox",
    "from": [ 6.5, 6.625, 14.5 ],
    "to": [ 7.25, 6.75, 14.625 ],
    "faces": {
        "down":  { "uv": [ 9.5, 14.625, 8.75, 14.5 ], "texture": "#texture" },
        "north": { "uv": [ 7.25, 9.25, 6.5, 9.375 ], "texture": "#texture" },
        "west":  { "uv": [ 14.5, 9.25, 14.625, 9.375 ], "texture": "#texture" },
        "east":  { "uv": [ 14.625, 9.25, 14.5, 9.375 ], "texture": "#texture" }
    }
},
{
    "__comment": "Wind Blade vox",
    "from": [ 6.5, 7.75, 14.5 ],
    "to": [ 7.25, 7.875, 14.625 ],
    "faces": {
        "up":    { "uv": [ 6.5, 14.5, 7.25, 14.625 ], "texture": "#texture" },
        "north": { "uv": [ 7.25, 8.125, 6.5, 8.25 ], "texture": "#texture" },
        "west":  { "uv": [ 14.5, 8.125, 14.625, 8.25 ], "texture": "#texture" },
        "east":  { "uv": [ 14.625, 8.125, 14.5, 8.25 ], "texture": "#texture" }
    }
},
{
    "__comment": "Wind Blade vox",
    "from": [ 6.5, 6.5, 14.625 ],
    "to": [ 7.25, 6.625, 14.875 ],
    "faces": {
        "down":  { "uv": [ 9.5, 14.875, 8.75, 14.625 ], "texture": "#texture" },
        "north": { "uv": [ 7.25, 9.375, 6.5, 9.5 ], "texture": "#texture" },
        "south": { "uv": [ 6.5, 9.375, 7.25, 9.5 ], "texture": "#texture" },
        "west":  { "uv": [ 14.625, 9.375, 14.875, 9.5 ], "texture": "#texture" },
        "east":  { "uv": [ 14.875, 9.375, 14.625, 9.5 ], "texture": "#texture" }
    }
},
{
    "__comment": "Wind Blade vox",
    "from": [ 6.5, 7.875, 14.625 ],
    "to": [ 7.25, 8, 14.875 ],
    "faces": {
        "up":    { "uv": [ 6.5, 14.625, 7.25, 14.875 ], "texture": "#texture" },
        "north": { "uv": [ 7.25, 8, 6.5, 8.125 ], "texture": "#texture" },
        "south": { "uv": [ 6.5, 8, 7.25, 8.125 ], "texture": "#texture" },
        "west":  { "uv": [ 14.625, 8, 14.875, 8.125 ], "texture": "#texture" },
        "east":  { "uv": [ 14.875, 8, 14.625, 8.125 ], "texture": "#texture" }
    }
},
{
    "__comment": "Wind Blade vox",
    "from": [ 6.5, 6.625, 14.875 ],
    "to": [ 7.25, 6.75, 15 ],
    "faces": {
        "down":  { "uv": [ 9.5, 15, 8.75, 14.875 ], "texture": "#texture" },
        "south": { "uv": [ 6.5, 9.25, 7.25, 9.375 ], "texture": "#texture" },
        "west":  { "uv": [ 14.875, 9.25, 15, 9.375 ], "texture": "#texture" },
        "east":  { "uv": [ 15, 9.25, 14.875, 9.375 ], "texture": "#texture" }
    }
},
{
    "__comment": "Wind Blade vox",
    "from": [ 6.5, 7.75, 14.875 ],
    "to": [ 7.25, 7.875, 15 ],
    "faces": {
        "up":    { "uv": [ 6.5, 14.875, 7.25, 15 ], "texture": "#texture" },
        "south": { "uv": [ 6.5, 8.125, 7.25, 8.25 ], "texture": "#texture" },
        "west":  { "uv": [ 14.875, 8.125, 15, 8.25 ], "texture": "#texture" },
        "east":  { "uv": [ 15, 8.125, 14.875, 8.25 ], "texture": "#texture" }
    }
},
{
    "__comment": "Wind Blade vox",
    "from": [ 6.5, 6.75, 15 ],
    "to": [ 7.25, 6.875, 15.5 ],
    "faces": {
        "down":  { "uv": [ 9.5, 15.5, 8.75, 15 ], "texture": "#texture" },
        "west":  { "uv": [ 15, 9.125, 15.5, 9.25 ], "texture": "#texture" },
        "east":  { "uv": [ 15.5, 9.125, 15, 9.25 ], "texture": "#texture" }
    }
},
{
    "__comment": "Wind Blade vox",
    "from": [ 6.5, 7.625, 15 ],
    "to": [ 7.25, 7.75, 15.5 ],
    "faces": {
        "up":    { "uv": [ 6.5, 15, 7.25, 15.5 ], "texture": "#texture" },
        "west":  { "uv": [ 15, 8.25, 15.5, 8.375 ], "texture": "#texture" },
        "east":  { "uv": [ 15.5, 8.25, 15, 8.375 ], "texture": "#texture" }
    }
},
{
    "__comment": "Wind Blade vox",
    "from": [ 6.5, 6.125, 15.625 ],
    "to": [ 7.25, 6.625, 15.75 ],
    "faces": {
        "down":  { "uv": [ 9.5, 15.75, 8.75, 15.625 ], "texture": "#texture" },
        "north": { "uv": [ 7.25, 9.375, 6.5, 9.875 ], "texture": "#texture" },
        "west":  { "uv": [ 15.625, 9.375, 15.75, 9.875 ], "texture": "#texture" },
        "east":  { "uv": [ 15.75, 9.375, 15.625, 9.875 ], "texture": "#texture" }
    }
},
{
    "__comment": "Wind Blade vox",
    "from": [ 6.5, 7.75, 15.625 ],
    "to": [ 7.25, 8.375, 15.75 ],
    "faces": {
        "up":    { "uv": [ 6.5, 15.625, 7.25, 15.75 ], "texture": "#texture" },
        "north": { "uv": [ 7.25, 7.625, 6.5, 8.25 ], "texture": "#texture" },
        "west":  { "uv": [ 15.625, 7.625, 15.75, 8.25 ], "texture": "#texture" },
        "east":  { "uv": [ 15.75, 7.625, 15.625, 8.25 ], "texture": "#texture" }
    }
},
{
    "__comment": "Wind Blade vox",
    "from": [ 6.5, 5.875, 15.75 ],
    "to": [ 7.25, 6.125, 15.875 ],
    "faces": {
        "down":  { "uv": [ 9.5, 15.875, 8.75, 15.75 ], "texture": "#texture" },
        "north": { "uv": [ 7.25, 9.875, 6.5, 10.125 ], "texture": "#texture" },
        "west":  { "uv": [ 15.75, 9.875, 15.875, 10.125 ], "texture": "#texture" },
        "east":  { "uv": [ 15.875, 9.875, 15.75, 10.125 ], "texture": "#texture" }
    }
},
{
    "__comment": "Wind Blade vox",
    "from": [ 6.5, 8.375, 15.75 ],
    "to": [ 7.25, 8.625, 15.875 ],
    "faces": {
        "up":    { "uv": [ 6.5, 15.75, 7.25, 15.875 ], "texture": "#texture" },
        "north": { "uv": [ 7.25, 7.375, 6.5, 7.625 ], "texture": "#texture" },
        "west":  { "uv": [ 15.75, 7.375, 15.875, 7.625 ], "texture": "#texture" },
        "east":  { "uv": [ 15.875, 7.375, 15.75, 7.625 ], "texture": "#texture" }
    }
},
{
    "__comment": "Wind Blade vox",
    "from": [ 6.5, 5.75, 15.875 ],
    "to": [ 7.25, 5.875, 16 ],
    "faces": {
        "down":  { "uv": [ 9.5, 16, 8.75, 15.875 ], "texture": "#texture" },
        "north": { "uv": [ 7.25, 10.125, 6.5, 10.25 ], "texture": "#texture" },
        "south": { "uv": [ 3.625, 6.125, 4.375, 6.25 ], "texture": "#texture" },
        "west":  { "uv": [ 15.875, 10.125, 16, 10.25 ], "texture": "#texture" },
        "east":  { "uv": [ 16, 10.125, 15.875, 10.25 ], "texture": "#texture" }
    }
},
{
    "__comment": "Wind Blade vox",
    "from": [ 6.5, 8.625, 15.875 ],
    "to": [ 7.25, 8.75, 16 ],
    "faces": {
        "up":    { "uv": [ 6.5, 15.875, 7.25, 16 ], "texture": "#texture" },
        "north": { "uv": [ 7.25, 7.25, 6.5, 7.375 ], "texture": "#texture" },
        "south": { "uv": [ 3.5, 6.125, 4.25, 6.25 ], "texture": "#texture" },
        "west":  { "uv": [ 15.875, 7.25, 16, 7.375 ], "texture": "#texture" },
        "east":  { "uv": [ 16, 7.25, 15.875, 7.375 ], "texture": "#texture" }
    }
},
{
    "__comment": "Wind Blade vox",
    "from": [ 6.625, 7.125, 0.875 ],
    "to": [ 7.125, 7.375, 14.125 ],
    "faces": {
        "down":  { "uv": [ 9.375, 14.125, 8.875, 0.875 ], "texture": "#texture" },
        "up":    { "uv": [ 6.625, 0.875, 7.125, 14.125 ], "texture": "#texture" },
        "north": { "uv": [ 7.125, 8.625, 6.625, 8.875 ], "texture": "#texture" },
        "west":  { "uv": [ 0.875, 8.625, 14.125, 8.875 ], "texture": "#texture" },
        "east":  { "uv": [ 14.125, 8.625, 0.875, 8.875 ], "texture": "#texture" }
    }
},
{
    "__comment": "Wind Blade vox",
    "from": [ 6.625, 7, 1.25 ],
    "to": [ 7.125, 7.125, 14.25 ],
    "faces": {
        "down":  { "uv": [ 9.375, 14.25, 8.875, 1.25 ], "texture": "#texture" },
        "up":    { "uv": [ 6.625, 1.25, 7.125, 14.25 ], "texture": "#texture" },
        "north": { "uv": [ 7.125, 8.875, 6.625, 9 ], "texture": "#texture" },
        "west":  { "uv": [ 1.25, 8.875, 14.25, 9 ], "texture": "#texture" },
        "east":  { "uv": [ 14.25, 8.875, 1.25, 9 ], "texture": "#texture" }
    }
},
{
    "__comment": "Wind Blade vox",
    "from": [ 6.625, 7.375, 1.25 ],
    "to": [ 7.125, 7.5, 14.25 ],
    "faces": {
        "down":  { "uv": [ 9.375, 14.25, 8.875, 1.25 ], "texture": "#texture" },
        "up":    { "uv": [ 6.625, 1.25, 7.125, 14.25 ], "texture": "#texture" },
        "north": { "uv": [ 7.125, 8.5, 6.625, 8.625 ], "texture": "#texture" },
        "west":  { "uv": [ 1.25, 8.5, 14.25, 8.625 ], "texture": "#texture" },
        "east":  { "uv": [ 14.25, 8.5, 1.25, 8.625 ], "texture": "#texture" }
    }
},
{
    "__comment": "Wind Blade vox",
    "from": [ 6.625, 6.875, 1.75 ],
    "to": [ 7.125, 7, 14.375 ],
    "faces": {
        "down":  { "uv": [ 9.375, 14.375, 8.875, 1.75 ], "texture": "#texture" },
        "up":    { "uv": [ 6.625, 1.75, 7.125, 14.375 ], "texture": "#texture" },
        "north": { "uv": [ 7.125, 9, 6.625, 9.125 ], "texture": "#texture" },
        "west":  { "uv": [ 1.75, 9, 14.375, 9.125 ], "texture": "#texture" },
        "east":  { "uv": [ 14.375, 9, 1.75, 9.125 ], "texture": "#texture" }
    }
},
{
    "__comment": "Wind Blade vox",
    "from": [ 6.625, 7.5, 1.75 ],
    "to": [ 7.125, 7.625, 14.375 ],
    "faces": {
        "down":  { "uv": [ 9.375, 14.375, 8.875, 1.75 ], "texture": "#texture" },
        "up":    { "uv": [ 6.625, 1.75, 7.125, 14.375 ], "texture": "#texture" },
        "north": { "uv": [ 7.125, 8.375, 6.625, 8.5 ], "texture": "#texture" },
        "west":  { "uv": [ 1.75, 8.375, 14.375, 8.5 ], "texture": "#texture" },
        "east":  { "uv": [ 14.375, 8.375, 1.75, 8.5 ], "texture": "#texture" }
    }
},
{
    "__comment": "Wind Blade vox",
    "from": [ 6.625, 6.75, 3 ],
    "to": [ 7.125, 6.875, 14.375 ],
    "faces": {
        "down":  { "uv": [ 9.375, 14.375, 8.875, 3 ], "texture": "#texture" },
        "north": { "uv": [ 7.125, 9.125, 6.625, 9.25 ], "texture": "#texture" },
        "west":  { "uv": [ 3, 9.125, 14.375, 9.25 ], "texture": "#texture" },
        "east":  { "uv": [ 14.375, 9.125, 3, 9.25 ], "texture": "#texture" }
    }
},
{
    "__comment": "Wind Blade vox",
    "from": [ 6.625, 7.625, 3 ],
    "to": [ 7.125, 7.75, 14.375 ],
    "faces": {
        "up":    { "uv": [ 6.625, 3, 7.125, 14.375 ], "texture": "#texture" },
        "north": { "uv": [ 7.125, 8.25, 6.625, 8.375 ], "texture": "#texture" },
        "west":  { "uv": [ 3, 8.25, 14.375, 8.375 ], "texture": "#texture" },
        "east":  { "uv": [ 14.375, 8.25, 3, 8.375 ], "texture": "#texture" }
    }
},
{
    "__comment": "Wind Blade vox",
    "from": [ 6.625, 6.625, 5 ],
    "to": [ 7, 6.75, 11.25 ],
    "faces": {
        "down":  { "uv": [ 9.375, 11.25, 9, 5 ], "texture": "#texture" },
        "north": { "uv": [ 7, 9.25, 6.625, 9.375 ], "texture": "#texture" },
        "south": { "uv": [ 6.625, 9.25, 7, 9.375 ], "texture": "#texture" },
        "west":  { "uv": [ 5, 9.25, 11.25, 9.375 ], "texture": "#texture" },
        "east":  { "uv": [ 11.25, 9.25, 5, 9.375 ], "texture": "#texture" }
    }
},
{
    "__comment": "Wind Blade vox",
    "from": [ 6.625, 7.75, 5.25 ],
    "to": [ 7.125, 7.875, 11.25 ],
    "faces": {
        "up":    { "uv": [ 0.625, 10.125, 1, 14.125 ], "texture": "#texture" },
        "north": { "uv": [ 7.125, 8.125, 6.625, 8.25 ], "texture": "#texture" },
        "south": { "uv": [ 6.625, 8.125, 7.125, 8.25 ], "texture": "#texture" },
        "west":  { "uv": [ 5.25, 8.125, 11.25, 8.25 ], "texture": "#texture" },
        "east":  { "uv": [ 11.25, 8.125, 5.25, 8.25 ], "texture": "#texture" }
    }
},
{
    "__comment": "Wind Blade vox",
    "from": [ 6.625, 6.5, 8.25 ],
    "to": [ 7, 6.625, 11 ],
    "faces": {
        "down":  { "uv": [ 9.375, 11, 9, 8.25 ], "texture": "#texture" },
        "north": { "uv": [ 7, 9.375, 6.625, 9.5 ], "texture": "#texture" },
        "south": { "uv": [ 6.625, 9.375, 7, 9.5 ], "texture": "#texture" },
        "west":  { "uv": [ 8.25, 9.375, 11, 9.5 ], "texture": "#texture" },
        "east":  { "uv": [ 11, 9.375, 8.25, 9.5 ], "texture": "#texture" }
    }
},
{
    "__comment": "Wind Blade vox",
    "from": [ 6.625, 7.875, 8.375 ],
    "to": [ 7, 8, 11 ],
    "faces": {
        "up":    { "uv": [ 0.375, 10.5, 0.75, 13.125 ], "texture": "#texture" },
        "north": { "uv": [ 7, 8, 6.625, 8.125 ], "texture": "#texture" },
        "south": { "uv": [ 6.625, 8, 7, 8.125 ], "texture": "#texture" },
        "west":  { "uv": [ 8.375, 8, 11, 8.125 ], "texture": "#texture" },
        "east":  { "uv": [ 11, 8, 8.375, 8.125 ], "texture": "#texture" }
    }
},
{
    "__comment": "Wind Blade vox",
    "from": [ 6.625, 6.625, 12.375 ],
    "to": [ 7.125, 6.75, 14.5 ],
    "faces": {
        "down":  { "uv": [ 9.375, 14.5, 8.875, 12.375 ], "texture": "#texture" },
        "up":    { "uv": [ 6.625, 12.375, 7.125, 14.5 ], "texture": "#texture" },
        "north": { "uv": [ 7.125, 9.25, 6.625, 9.375 ], "texture": "#texture" },
        "west":  { "uv": [ 12.375, 9.25, 14.5, 9.375 ], "texture": "#texture" },
        "east":  { "uv": [ 14.5, 9.25, 12.375, 9.375 ], "texture": "#texture" }
    }
},
{
    "__comment": "Wind Blade vox",
    "from": [ 6.625, 7.75, 12.375 ],
    "to": [ 7.125, 7.875, 14.5 ],
    "faces": {
        "down":  { "uv": [ 9.375, 14.5, 8.875, 12.375 ], "texture": "#texture" },
        "up":    { "uv": [ 6.625, 12.375, 7.125, 14.5 ], "texture": "#texture" },
        "north": { "uv": [ 7.125, 8.125, 6.625, 8.25 ], "texture": "#texture" },
        "west":  { "uv": [ 12.375, 8.125, 14.5, 8.25 ], "texture": "#texture" },
        "east":  { "uv": [ 14.5, 8.125, 12.375, 8.25 ], "texture": "#texture" }
    }
},
{
    "__comment": "Wind Blade vox",
    "from": [ 6.625, 6.5, 12.625 ],
    "to": [ 7.125, 6.625, 14.625 ],
    "faces": {
        "down":  { "uv": [ 9.375, 14.625, 8.875, 12.625 ], "texture": "#texture" },
        "up":    { "uv": [ 6.625, 12.625, 7.125, 14.625 ], "texture": "#texture" },
        "north": { "uv": [ 7.125, 9.375, 6.625, 9.5 ], "texture": "#texture" },
        "west":  { "uv": [ 12.625, 9.375, 14.625, 9.5 ], "texture": "#texture" },
        "east":  { "uv": [ 14.625, 9.375, 12.625, 9.5 ], "texture": "#texture" }
    }
},
{
    "__comment": "Wind Blade vox",
    "from": [ 6.625, 7.875, 12.625 ],
    "to": [ 7.125, 8, 14.625 ],
    "faces": {
        "down":  { "uv": [ 9.375, 14.625, 8.875, 12.625 ], "texture": "#texture" },
        "up":    { "uv": [ 6.625, 12.625, 7.125, 14.625 ], "texture": "#texture" },
        "north": { "uv": [ 7.125, 8, 6.625, 8.125 ], "texture": "#texture" },
        "west":  { "uv": [ 12.625, 8, 14.625, 8.125 ], "texture": "#texture" },
        "east":  { "uv": [ 14.625, 8, 12.625, 8.125 ], "texture": "#texture" }
    }
},
{
    "__comment": "Wind Blade vox",
    "from": [ 6.625, 6.375, 12.75 ],
    "to": [ 7.125, 6.5, 15.125 ],
    "faces": {
        "down":  { "uv": [ 9.375, 15.125, 8.875, 12.75 ], "texture": "#texture" },
        "up":    { "uv": [ 6.625, 12.75, 7.125, 15.125 ], "texture": "#texture" },
        "north": { "uv": [ 7.125, 9.5, 6.625, 9.625 ], "texture": "#texture" },
        "south": { "uv": [ 6.625, 9.5, 7.125, 9.625 ], "texture": "#texture" },
        "west":  { "uv": [ 12.75, 9.5, 15.125, 9.625 ], "texture": "#texture" },
        "east":  { "uv": [ 15.125, 9.5, 12.75, 9.625 ], "texture": "#texture" }
    }
},
{
    "__comment": "Wind Blade vox",
    "from": [ 6.625, 8, 12.75 ],
    "to": [ 7.125, 8.125, 15.125 ],
    "faces": {
        "down":  { "uv": [ 9.375, 15.125, 8.875, 12.75 ], "texture": "#texture" },
        "up":    { "uv": [ 6.625, 12.75, 7.125, 15.125 ], "texture": "#texture" },
        "north": { "uv": [ 7.125, 7.875, 6.625, 8 ], "texture": "#texture" },
        "south": { "uv": [ 6.625, 7.875, 7.125, 8 ], "texture": "#texture" },
        "west":  { "uv": [ 12.75, 7.875, 15.125, 8 ], "texture": "#texture" },
        "east":  { "uv": [ 15.125, 7.875, 12.75, 8 ], "texture": "#texture" }
    }
},
{
    "__comment": "Wind Blade vox",
    "from": [ 6.625, 6.25, 12.875 ],
    "to": [ 7.125, 6.375, 14.125 ],
    "faces": {
        "down":  { "uv": [ 9.375, 14.125, 8.875, 12.875 ], "texture": "#texture" },
        "north": { "uv": [ 7.125, 9.625, 6.625, 9.75 ], "texture": "#texture" },
        "south": { "uv": [ 6.625, 9.625, 7.125, 9.75 ], "texture": "#texture" },
        "west":  { "uv": [ 12.875, 9.625, 14.125, 9.75 ], "texture": "#texture" },
        "east":  { "uv": [ 14.125, 9.625, 12.875, 9.75 ], "texture": "#texture" }
    }
},
{
    "__comment": "Wind Blade vox",
    "from": [ 6.625, 8.125, 12.875 ],
    "to": [ 7.125, 8.25, 14.125 ],
    "faces": {
        "up":    { "uv": [ 6.625, 12.875, 7.125, 14.125 ], "texture": "#texture" },
        "north": { "uv": [ 7.125, 7.75, 6.625, 7.875 ], "texture": "#texture" },
        "south": { "uv": [ 6.625, 7.75, 7.125, 7.875 ], "texture": "#texture" },
        "west":  { "uv": [ 12.875, 7.75, 14.125, 7.875 ], "texture": "#texture" },
        "east":  { "uv": [ 14.125, 7.75, 12.875, 7.875 ], "texture": "#texture" }
    }
},
{
    "__comment": "Wind Blade vox",
    "from": [ 6.625, 6.125, 13 ],
    "to": [ 7.125, 6.25, 13.625 ],
    "faces": {
        "down":  { "uv": [ 9.375, 13.625, 8.875, 13 ], "texture": "#texture" },
        "north": { "uv": [ 7.125, 9.75, 6.625, 9.875 ], "texture": "#texture" },
        "south": { "uv": [ 6.625, 9.75, 7.125, 9.875 ], "texture": "#texture" },
        "west":  { "uv": [ 13, 9.75, 13.625, 9.875 ], "texture": "#texture" },
        "east":  { "uv": [ 13.625, 9.75, 13, 9.875 ], "texture": "#texture" }
    }
},
{
    "__comment": "Wind Blade vox",
    "from": [ 6.625, 8.25, 13 ],
    "to": [ 7.125, 8.375, 13.625 ],
    "faces": {
        "up":    { "uv": [ 6.625, 13, 7.125, 13.625 ], "texture": "#texture" },
        "north": { "uv": [ 7.125, 7.625, 6.625, 7.75 ], "texture": "#texture" },
        "south": { "uv": [ 6.625, 7.625, 7.125, 7.75 ], "texture": "#texture" },
        "west":  { "uv": [ 13, 7.625, 13.625, 7.75 ], "texture": "#texture" },
        "east":  { "uv": [ 13.625, 7.625, 13, 7.75 ], "texture": "#texture" }
    }
},
{
    "__comment": "Wind Blade vox",
    "from": [ 6.625, 6.5, 14.875 ],
    "to": [ 7.125, 6.625, 15.125 ],
    "faces": {
        "up":    { "uv": [ 6.625, 14.875, 7.125, 15.125 ], "texture": "#texture" },
        "south": { "uv": [ 6.625, 9.375, 7.125, 9.5 ], "texture": "#texture" },
        "west":  { "uv": [ 14.875, 9.375, 15.125, 9.5 ], "texture": "#texture" },
        "east":  { "uv": [ 15.125, 9.375, 14.875, 9.5 ], "texture": "#texture" }
    }
},
{
    "__comment": "Wind Blade vox",
    "from": [ 6.625, 7.875, 14.875 ],
    "to": [ 7.125, 8, 15.125 ],
    "faces": {
        "down":  { "uv": [ 9.375, 15.125, 8.875, 14.875 ], "texture": "#texture" },
        "south": { "uv": [ 6.625, 8, 7.125, 8.125 ], "texture": "#texture" },
        "west":  { "uv": [ 14.875, 8, 15.125, 8.125 ], "texture": "#texture" },
        "east":  { "uv": [ 15.125, 8, 14.875, 8.125 ], "texture": "#texture" }
    }
},
{
    "__comment": "Wind Blade vox",
    "from": [ 6.625, 6.625, 15 ],
    "to": [ 7.125, 6.75, 15.125 ],
    "faces": {
        "south": { "uv": [ 6.625, 9.25, 7.125, 9.375 ], "texture": "#texture" },
        "west":  { "uv": [ 15, 9.25, 15.125, 9.375 ], "texture": "#texture" },
        "east":  { "uv": [ 15.125, 9.25, 15, 9.375 ], "texture": "#texture" }
    }
},
{
    "__comment": "Wind Blade vox",
    "from": [ 6.625, 7.75, 15 ],
    "to": [ 7.125, 7.875, 15.125 ],
    "faces": {
        "south": { "uv": [ 6.625, 8.125, 7.125, 8.25 ], "texture": "#texture" },
        "west":  { "uv": [ 15, 8.125, 15.125, 8.25 ], "texture": "#texture" },
        "east":  { "uv": [ 15.125, 8.125, 15, 8.25 ], "texture": "#texture" }
    }
},
{
    "__comment": "Wind Blade vox",
    "from": [ 6.625, 5.875, 15.625 ],
    "to": [ 7.125, 6.125, 15.75 ],
    "faces": {
        "down":  { "uv": [ 9.375, 15.75, 8.875, 15.625 ], "texture": "#texture" },
        "north": { "uv": [ 7.125, 9.875, 6.625, 10.125 ], "texture": "#texture" },
        "west":  { "uv": [ 15.625, 9.875, 15.75, 10.125 ], "texture": "#texture" },
        "east":  { "uv": [ 15.75, 9.875, 15.625, 10.125 ], "texture": "#texture" }
    }
},
{
    "__comment": "Wind Blade vox",
    "from": [ 6.625, 8.375, 15.625 ],
    "to": [ 7.125, 8.625, 15.75 ],
    "faces": {
        "up":    { "uv": [ 6.625, 15.625, 7.125, 15.75 ], "texture": "#texture" },
        "north": { "uv": [ 7.125, 7.375, 6.625, 7.625 ], "texture": "#texture" },
        "west":  { "uv": [ 15.625, 7.375, 15.75, 7.625 ], "texture": "#texture" },
        "east":  { "uv": [ 15.75, 7.375, 15.625, 7.625 ], "texture": "#texture" }
    }
},
{
    "__comment": "Wind Blade vox",
    "from": [ 6.625, 5.75, 15.75 ],
    "to": [ 7.125, 5.875, 15.875 ],
    "faces": {
        "down":  { "uv": [ 9.375, 15.875, 8.875, 15.75 ], "texture": "#texture" },
        "north": { "uv": [ 7.125, 10.125, 6.625, 10.25 ], "texture": "#texture" },
        "west":  { "uv": [ 15.75, 10.125, 15.875, 10.25 ], "texture": "#texture" },
        "east":  { "uv": [ 15.875, 10.125, 15.75, 10.25 ], "texture": "#texture" }
    }
},
{
    "__comment": "Wind Blade vox",
    "from": [ 6.625, 8.625, 15.75 ],
    "to": [ 7.125, 8.75, 15.875 ],
    "faces": {
        "up":    { "uv": [ 6.625, 15.75, 7.125, 15.875 ], "texture": "#texture" },
        "north": { "uv": [ 7.125, 7.25, 6.625, 7.375 ], "texture": "#texture" },
        "west":  { "uv": [ 15.75, 7.25, 15.875, 7.375 ], "texture": "#texture" },
        "east":  { "uv": [ 15.875, 7.25, 15.75, 7.375 ], "texture": "#texture" }
    }
},
{
    "__comment": "Wind Blade vox",
    "from": [ 6.75, 7.125, 0 ],
    "to": [ 7, 7.375, 0.875 ],
    "faces": {
        "down":  { "uv": [ 9.25, 0.875, 9, 0 ], "texture": "#texture" },
        "up":    { "uv": [ 6.75, 0, 7, 0.875 ], "texture": "#texture" },
        "north": { "uv": [ 7, 8.625, 6.75, 8.875 ], "texture": "#texture" },
        "west":  { "uv": [ 0, 8.625, 0.875, 8.875 ], "texture": "#texture" },
        "east":  { "uv": [ 0.875, 8.625, 0, 8.875 ], "texture": "#texture" }
    }
},
{
    "__comment": "Wind Blade vox",
    "from": [ 6.75, 7, 0.25 ],
    "to": [ 7, 7.125, 1.25 ],
    "faces": {
        "down":  { "uv": [ 9.25, 1.25, 9, 0.25 ], "texture": "#texture" },
        "up":    { "uv": [ 6.75, 0.25, 7, 1.25 ], "texture": "#texture" },
        "north": { "uv": [ 7, 8.875, 6.75, 9 ], "texture": "#texture" },
        "west":  { "uv": [ 0.25, 8.875, 1.25, 9 ], "texture": "#texture" },
        "east":  { "uv": [ 1.25, 8.875, 0.25, 9 ], "texture": "#texture" }
    }
},
{
    "__comment": "Wind Blade vox",
    "from": [ 6.75, 7.375, 0.25 ],
    "to": [ 7, 7.5, 1.25 ],
    "faces": {
        "down":  { "uv": [ 9.25, 1.25, 9, 0.25 ], "texture": "#texture" },
        "up":    { "uv": [ 6.75, 0.25, 7, 1.25 ], "texture": "#texture" },
        "north": { "uv": [ 7, 8.5, 6.75, 8.625 ], "texture": "#texture" },
        "west":  { "uv": [ 0.25, 8.5, 1.25, 8.625 ], "texture": "#texture" },
        "east":  { "uv": [ 1.25, 8.5, 0.25, 8.625 ], "texture": "#texture" }
    }
},
{
    "__comment": "Wind Blade vox",
    "from": [ 6.75, 6.875, 0.5 ],
    "to": [ 7, 7, 1.75 ],
    "faces": {
        "down":  { "uv": [ 9.25, 1.75, 9, 0.5 ], "texture": "#texture" },
        "up":    { "uv": [ 6.75, 0.5, 7, 1.75 ], "texture": "#texture" },
        "north": { "uv": [ 7, 9, 6.75, 9.125 ], "texture": "#texture" },
        "west":  { "uv": [ 0.5, 9, 1.75, 9.125 ], "texture": "#texture" },
        "east":  { "uv": [ 1.75, 9, 0.5, 9.125 ], "texture": "#texture" }
    }
},
{
    "__comment": "Wind Blade vox",
    "from": [ 6.75, 7.5, 0.5 ],
    "to": [ 7, 7.625, 1.75 ],
    "faces": {
        "down":  { "uv": [ 9.25, 1.75, 9, 0.5 ], "texture": "#texture" },
        "up":    { "uv": [ 6.75, 0.5, 7, 1.75 ], "texture": "#texture" },
        "north": { "uv": [ 7, 8.375, 6.75, 8.5 ], "texture": "#texture" },
        "west":  { "uv": [ 0.5, 8.375, 1.75, 8.5 ], "texture": "#texture" },
        "east":  { "uv": [ 1.75, 8.375, 0.5, 8.5 ], "texture": "#texture" }
    }
},
{
    "__comment": "Wind Blade vox",
    "from": [ 6.75, 6.75, 1.125 ],
    "to": [ 7, 6.875, 3 ],
    "faces": {
        "down":  { "uv": [ 9.25, 3, 9, 1.125 ], "texture": "#texture" },
        "up":    { "uv": [ 6.75, 1.125, 7, 3 ], "texture": "#texture" },
        "north": { "uv": [ 7, 9.125, 6.75, 9.25 ], "texture": "#texture" },
        "west":  { "uv": [ 1.125, 9.125, 3, 9.25 ], "texture": "#texture" },
        "east":  { "uv": [ 3, 9.125, 1.125, 9.25 ], "texture": "#texture" }
    }
},
{
    "__comment": "Wind Blade vox",
    "from": [ 6.75, 7.625, 1.125 ],
    "to": [ 7, 7.75, 3 ],
    "faces": {
        "down":  { "uv": [ 9.25, 3, 9, 1.125 ], "texture": "#texture" },
        "up":    { "uv": [ 6.75, 1.125, 7, 3 ], "texture": "#texture" },
        "north": { "uv": [ 7, 8.25, 6.75, 8.375 ], "texture": "#texture" },
        "west":  { "uv": [ 1.125, 8.25, 3, 8.375 ], "texture": "#texture" },
        "east":  { "uv": [ 3, 8.25, 1.125, 8.375 ], "texture": "#texture" }
    }
},
{
    "__comment": "Wind Blade vox",
    "from": [ 6.75, 6.625, 1.625 ],
    "to": [ 7, 6.75, 5 ],
    "faces": {
        "down":  { "uv": [ 9.25, 5, 9, 1.625 ], "texture": "#texture" },
        "up":    { "uv": [ 6.75, 1.625, 7, 5 ], "texture": "#texture" },
        "north": { "uv": [ 7, 9.25, 6.75, 9.375 ], "texture": "#texture" },
        "west":  { "uv": [ 1.625, 9.25, 5, 9.375 ], "texture": "#texture" },
        "east":  { "uv": [ 5, 9.25, 1.625, 9.375 ], "texture": "#texture" }
    }
},
{
    "__comment": "Wind Blade vox",
    "from": [ 6.75, 7.75, 1.75 ],
    "to": [ 7, 7.875, 5.25 ],
    "faces": {
        "down":  { "uv": [ 9.25, 5.25, 9, 1.75 ], "texture": "#texture" },
        "up":    { "uv": [ 6.75, 1.75, 7, 5.25 ], "texture": "#texture" },
        "north": { "uv": [ 7, 8.125, 6.75, 8.25 ], "texture": "#texture" },
        "west":  { "uv": [ 1.75, 8.125, 5.25, 8.25 ], "texture": "#texture" },
        "east":  { "uv": [ 5.25, 8.125, 1.75, 8.25 ], "texture": "#texture" }
    }
},
{
    "__comment": "Wind Blade vox",
    "from": [ 6.75, 6.5, 3 ],
    "to": [ 7, 6.625, 8.25 ],
    "faces": {
        "down":  { "uv": [ 9.25, 8.25, 9, 3 ], "texture": "#texture" },
        "up":    { "uv": [ 6.75, 3, 7, 8.25 ], "texture": "#texture" },
        "north": { "uv": [ 7, 9.375, 6.75, 9.5 ], "texture": "#texture" },
        "west":  { "uv": [ 3, 9.375, 8.25, 9.5 ], "texture": "#texture" },
        "east":  { "uv": [ 8.25, 9.375, 3, 9.5 ], "texture": "#texture" }
    }
},
{
    "__comment": "Wind Blade vox",
    "from": [ 6.75, 7.875, 3 ],
    "to": [ 7, 8, 8.375 ],
    "faces": {
        "down":  { "uv": [ 9.25, 8.375, 9, 3 ], "texture": "#texture" },
        "up":    { "uv": [ 6.75, 3, 7, 8.375 ], "texture": "#texture" },
        "north": { "uv": [ 7, 8, 6.75, 8.125 ], "texture": "#texture" },
        "west":  { "uv": [ 3, 8, 8.375, 8.125 ], "texture": "#texture" },
        "east":  { "uv": [ 8.375, 8, 3, 8.125 ], "texture": "#texture" }
    }
},
{
    "__comment": "Wind Blade vox",
    "from": [ 6.75, 6.375, 5 ],
    "to": [ 7, 6.5, 11.25 ],
    "faces": {
        "down":  { "uv": [ 9.25, 11.25, 9, 5 ], "texture": "#texture" },
        "up":    { "uv": [ 6.75, 5, 7, 11.25 ], "texture": "#texture" },
        "north": { "uv": [ 7, 9.5, 6.75, 9.625 ], "texture": "#texture" },
        "south": { "uv": [ 6.75, 9.5, 7, 9.625 ], "texture": "#texture" },
        "west":  { "uv": [ 5, 9.5, 11.25, 9.625 ], "texture": "#texture" },
        "east":  { "uv": [ 11.25, 9.5, 5, 9.625 ], "texture": "#texture" }
    }
},
{
    "__comment": "Wind Blade vox",
    "from": [ 6.75, 8, 5 ],
    "to": [ 7, 8.125, 11.25 ],
    "faces": {
        "down":  { "uv": [ 9.25, 11.25, 9, 5 ], "texture": "#texture" },
        "up":    { "uv": [ 6.875, 1, 7.125, 4.375 ], "texture": "#texture" },
        "north": { "uv": [ 7, 7.875, 6.75, 8 ], "texture": "#texture" },
        "south": { "uv": [ 6.75, 7.875, 7, 8 ], "texture": "#texture" },
        "west":  { "uv": [ 5, 7.875, 11.25, 8 ], "texture": "#texture" },
        "east":  { "uv": [ 11.25, 7.875, 5, 8 ], "texture": "#texture" }
    }
},
{
    "__comment": "Wind Blade vox",
    "from": [ 6.75, 6.25, 7.875 ],
    "to": [ 7, 6.375, 11 ],
    "faces": {
        "down":  { "uv": [ 0.625, 14.375, 0.375, 11.25 ], "texture": "#texture" },
        "north": { "uv": [ 7, 9.625, 6.75, 9.75 ], "texture": "#texture" },
        "south": { "uv": [ 6.75, 9.625, 7, 9.75 ], "texture": "#texture" },
        "west":  { "uv": [ 7.875, 9.625, 11, 9.75 ], "texture": "#texture" },
        "east":  { "uv": [ 11, 9.625, 7.875, 9.75 ], "texture": "#texture" }
    }
},
{
    "__comment": "Wind Blade vox",
    "from": [ 6.75, 8.125, 8.125 ],
    "to": [ 7, 8.25, 11 ],
    "faces": {
        "up":    { "uv": [ 0.625, 10.375, 0.875, 13.25 ], "texture": "#texture" },
        "north": { "uv": [ 7, 7.25, 6.75, 7.375 ], "texture": "#texture" },
        "south": { "uv": [ 6.75, 7.25, 7, 7.375 ], "texture": "#texture" },
        "west":  { "uv": [ 8.125, 7.75, 11, 7.875 ], "texture": "#texture" },
        "east":  { "uv": [ 11, 7.75, 8.125, 7.875 ], "texture": "#texture" }
    }
},
{
    "__comment": "Wind Blade vox",
    "from": [ 6.75, 6.5, 11 ],
    "to": [ 7, 6.625, 12.625 ],
    "faces": {
        "down":  { "uv": [ 9.25, 12.625, 9, 11 ], "texture": "#texture" },
        "up":    { "uv": [ 6.75, 11, 7, 12.625 ], "texture": "#texture" },
        "west":  { "uv": [ 11, 9.375, 12.625, 9.5 ], "texture": "#texture" },
        "east":  { "uv": [ 12.625, 9.375, 11, 9.5 ], "texture": "#texture" }
    }
},
{
    "__comment": "Wind Blade vox",
    "from": [ 6.75, 7.875, 11 ],
    "to": [ 7, 8, 12.625 ],
    "faces": {
        "down":  { "uv": [ 9.25, 12.625, 9, 11 ], "texture": "#texture" },
        "up":    { "uv": [ 6.75, 11, 7, 12.625 ], "texture": "#texture" },
        "west":  { "uv": [ 11, 8, 12.625, 8.125 ], "texture": "#texture" },
        "east":  { "uv": [ 12.625, 8, 11, 8.125 ], "texture": "#texture" }
    }
},
{
    "__comment": "Wind Blade vox",
    "from": [ 6.75, 6.625, 11.25 ],
    "to": [ 7, 6.75, 12.375 ],
    "faces": {
        "west":  { "uv": [ 11.25, 9.25, 12.375, 9.375 ], "texture": "#texture" },
        "east":  { "uv": [ 12.375, 9.25, 11.25, 9.375 ], "texture": "#texture" }
    }
},
{
    "__comment": "Wind Blade vox",
    "from": [ 6.75, 7.75, 11.25 ],
    "to": [ 7, 7.875, 12.375 ],
    "faces": {
        "west":  { "uv": [ 11.25, 8.125, 12.375, 8.25 ], "texture": "#texture" },
        "east":  { "uv": [ 12.375, 8.125, 11.25, 8.25 ], "texture": "#texture" }
    }
},
{
    "__comment": "Wind Blade vox",
    "from": [ 6.75, 6.375, 12.375 ],
    "to": [ 7, 6.5, 12.75 ],
    "faces": {
        "down":  { "uv": [ 9.25, 12.75, 9, 12.375 ], "texture": "#texture" },
        "up":    { "uv": [ 6.75, 12.375, 7, 12.75 ], "texture": "#texture" },
        "north": { "uv": [ 7, 9.5, 6.75, 9.625 ], "texture": "#texture" },
        "west":  { "uv": [ 12.375, 9.5, 12.75, 9.625 ], "texture": "#texture" },
        "east":  { "uv": [ 12.75, 9.5, 12.375, 9.625 ], "texture": "#texture" }
    }
},
{
    "__comment": "Wind Blade vox",
    "from": [ 6.75, 8, 12.375 ],
    "to": [ 7, 8.125, 12.75 ],
    "faces": {
        "down":  { "uv": [ 9.25, 12.75, 9, 12.375 ], "texture": "#texture" },
        "up":    { "uv": [ 6.75, 12.375, 7, 12.75 ], "texture": "#texture" },
        "north": { "uv": [ 7, 7.875, 6.75, 8 ], "texture": "#texture" },
        "west":  { "uv": [ 12.375, 7.875, 12.75, 8 ], "texture": "#texture" },
        "east":  { "uv": [ 12.75, 7.875, 12.375, 8 ], "texture": "#texture" }
    }
},
{
    "__comment": "Wind Blade vox",
    "from": [ 6.75, 6.25, 12.5 ],
    "to": [ 7, 6.375, 12.875 ],
    "faces": {
        "down":  { "uv": [ 9.25, 12.875, 9, 12.5 ], "texture": "#texture" },
        "up":    { "uv": [ 6.75, 12.5, 7, 12.875 ], "texture": "#texture" },
        "north": { "uv": [ 7, 9.625, 6.75, 9.75 ], "texture": "#texture" },
        "west":  { "uv": [ 12.5, 9.625, 12.875, 9.75 ], "texture": "#texture" },
        "east":  { "uv": [ 12.875, 9.625, 12.5, 9.75 ], "texture": "#texture" }
    }
},
{
    "__comment": "Wind Blade vox",
    "from": [ 6.75, 8.125, 12.5 ],
    "to": [ 7, 8.25, 12.875 ],
    "faces": {
        "down":  { "uv": [ 9.25, 12.875, 9, 12.5 ], "texture": "#texture" },
        "up":    { "uv": [ 6.75, 12.5, 7, 12.875 ], "texture": "#texture" },
        "north": { "uv": [ 7, 7.75, 6.75, 7.875 ], "texture": "#texture" },
        "west":  { "uv": [ 12.5, 7.75, 12.875, 7.875 ], "texture": "#texture" },
        "east":  { "uv": [ 12.875, 7.75, 12.5, 7.875 ], "texture": "#texture" }
    }
},
{
    "__comment": "Wind Blade vox",
    "from": [ 6.75, 6.125, 12.625 ],
    "to": [ 7, 6.25, 13 ],
    "faces": {
        "down":  { "uv": [ 9.25, 13, 9, 12.625 ], "texture": "#texture" },
        "up":    { "uv": [ 6.75, 12.625, 7, 13 ], "texture": "#texture" },
        "north": { "uv": [ 7, 9.75, 6.75, 9.875 ], "texture": "#texture" },
        "west":  { "uv": [ 12.625, 9.75, 13, 9.875 ], "texture": "#texture" },
        "east":  { "uv": [ 13, 9.75, 12.625, 9.875 ], "texture": "#texture" }
    }
},
{
    "__comment": "Wind Blade vox",
    "from": [ 6.75, 8.25, 12.625 ],
    "to": [ 7, 8.375, 13 ],
    "faces": {
        "down":  { "uv": [ 9.25, 13, 9, 12.625 ], "texture": "#texture" },
        "up":    { "uv": [ 6.75, 12.625, 7, 13 ], "texture": "#texture" },
        "north": { "uv": [ 7, 7.625, 6.75, 7.75 ], "texture": "#texture" },
        "west":  { "uv": [ 12.625, 7.625, 13, 7.75 ], "texture": "#texture" },
        "east":  { "uv": [ 13, 7.625, 12.625, 7.75 ], "texture": "#texture" }
    }
},
{
    "__comment": "Wind Blade vox",
    "from": [ 6.75, 6, 12.75 ],
    "to": [ 7, 6.125, 14.125 ],
    "faces": {
        "down":  { "uv": [ 9.25, 14.125, 9, 12.75 ], "texture": "#texture" },
        "up":    { "uv": [ 6.75, 12.75, 7, 14.125 ], "texture": "#texture" },
        "north": { "uv": [ 7, 9.875, 6.75, 10 ], "texture": "#texture" },
        "south": { "uv": [ 6.75, 9.875, 7, 10 ], "texture": "#texture" },
        "west":  { "uv": [ 12.75, 9.875, 14.125, 10 ], "texture": "#texture" },
        "east":  { "uv": [ 14.125, 9.875, 12.75, 10 ], "texture": "#texture" }
    }
},
{
    "__comment": "Wind Blade vox",
    "from": [ 6.75, 8.375, 12.75 ],
    "to": [ 7, 8.5, 14.125 ],
    "faces": {
        "down":  { "uv": [ 9.25, 14.125, 9, 12.75 ], "texture": "#texture" },
        "up":    { "uv": [ 6.75, 12.75, 7, 14.125 ], "texture": "#texture" },
        "north": { "uv": [ 7, 7.5, 6.75, 7.625 ], "texture": "#texture" },
        "south": { "uv": [ 6.75, 7.5, 7, 7.625 ], "texture": "#texture" },
        "west":  { "uv": [ 12.75, 7.5, 14.125, 7.625 ], "texture": "#texture" },
        "east":  { "uv": [ 14.125, 7.5, 12.75, 7.625 ], "texture": "#texture" }
    }
},
{
    "__comment": "Wind Blade vox",
    "from": [ 6.75, 5.875, 12.875 ],
    "to": [ 7, 6, 13.75 ],
    "faces": {
        "down":  { "uv": [ 9.25, 13.75, 9, 12.875 ], "texture": "#texture" },
        "north": { "uv": [ 7, 10, 6.75, 10.125 ], "texture": "#texture" },
        "south": { "uv": [ 6.75, 10, 7, 10.125 ], "texture": "#texture" },
        "west":  { "uv": [ 12.875, 10, 13.75, 10.125 ], "texture": "#texture" },
        "east":  { "uv": [ 13.75, 10, 12.875, 10.125 ], "texture": "#texture" }
    }
},
{
    "__comment": "Wind Blade vox",
    "from": [ 6.75, 8.5, 12.875 ],
    "to": [ 7, 8.625, 13.625 ],
    "faces": {
        "up":    { "uv": [ 6.75, 12.875, 7, 13.625 ], "texture": "#texture" },
        "north": { "uv": [ 7, 7.375, 6.75, 7.5 ], "texture": "#texture" },
        "south": { "uv": [ 6.75, 7.375, 7, 7.5 ], "texture": "#texture" },
        "west":  { "uv": [ 12.875, 7.375, 13.625, 7.5 ], "texture": "#texture" },
        "east":  { "uv": [ 13.625, 7.375, 12.875, 7.5 ], "texture": "#texture" }
    }
},
{
    "__comment": "Wind Blade vox",
    "from": [ 6.75, 6.125, 13.625 ],
    "to": [ 7, 6.25, 14.625 ],
    "faces": {
        "down":  { "uv": [ 9.25, 14.625, 9, 13.625 ], "texture": "#texture" },
        "up":    { "uv": [ 6.75, 13.625, 7, 14.625 ], "texture": "#texture" },
        "south": { "uv": [ 6.75, 9.75, 7, 9.875 ], "texture": "#texture" },
        "west":  { "uv": [ 13.625, 9.75, 14.625, 9.875 ], "texture": "#texture" },
        "east":  { "uv": [ 14.625, 9.75, 13.625, 9.875 ], "texture": "#texture" }
    }
},
{
    "__comment": "Wind Blade vox",
    "from": [ 6.75, 8.25, 13.625 ],
    "to": [ 7, 8.375, 14.625 ],
    "faces": {
        "down":  { "uv": [ 9.25, 14.625, 9, 13.625 ], "texture": "#texture" },
        "up":    { "uv": [ 6.75, 13.625, 7, 14.625 ], "texture": "#texture" },
        "south": { "uv": [ 6.75, 7.625, 7, 7.75 ], "texture": "#texture" },
        "west":  { "uv": [ 13.625, 7.625, 14.625, 7.75 ], "texture": "#texture" },
        "east":  { "uv": [ 14.625, 7.625, 13.625, 7.75 ], "texture": "#texture" }
    }
},
{
    "__comment": "Wind Blade vox",
    "from": [ 6.75, 6.25, 14.125 ],
    "to": [ 7, 6.375, 15.125 ],
    "faces": {
        "down":  { "uv": [ 9.25, 15.125, 9, 14.125 ], "texture": "#texture" },
        "south": { "uv": [ 6.75, 9.625, 7, 9.75 ], "texture": "#texture" },
        "west":  { "uv": [ 14.125, 9.625, 15.125, 9.75 ], "texture": "#texture" },
        "east":  { "uv": [ 15.125, 9.625, 14.125, 9.75 ], "texture": "#texture" }
    }
},
{
    "__comment": "Wind Blade vox",
    "from": [ 6.75, 8.125, 14.125 ],
    "to": [ 7, 8.25, 15.125 ],
    "faces": {
        "up":    { "uv": [ 6.75, 14.125, 7, 15.125 ], "texture": "#texture" },
        "south": { "uv": [ 6.75, 7.75, 7, 7.875 ], "texture": "#texture" },
        "west":  { "uv": [ 14.125, 7.75, 15.125, 7.875 ], "texture": "#texture" },
        "east":  { "uv": [ 15.125, 7.75, 14.125, 7.875 ], "texture": "#texture" }
    }
},
{
    "__comment": "Wind Blade vox",
    "from": [ 7, 6.625, 5.25 ],
    "to": [ 7.125, 6.75, 11.25 ],
    "faces": {
        "down":  { "uv": [ 9, 11.25, 8.875, 5.25 ], "texture": "#texture" },
        "north": { "uv": [ 7.125, 9.25, 7, 9.375 ], "texture": "#texture" },
        "south": { "uv": [ 7, 9.25, 7.125, 9.375 ], "texture": "#texture" },
        "east":  { "uv": [ 11.25, 9.25, 5.25, 9.375 ], "texture": "#texture" }
    }
},
{
    "__comment": "Wind Blade vox",
    "from": [ 7, 7.875, 8.375 ],
    "to": [ 7.125, 8, 10.875 ],
    "faces": {
        "up":    { "uv": [ 7, 8.375, 7.125, 10.875 ], "texture": "#texture" },
        "north": { "uv": [ 7.125, 8, 7, 8.125 ], "texture": "#texture" },
        "south": { "uv": [ 7, 8, 7.125, 8.125 ], "texture": "#texture" },
        "east":  { "uv": [ 10.875, 8, 8.375, 8.125 ], "texture": "#texture" }
    }
},
{
    "__comment": "Wind Blade vox",
    "from": [ 7, 6.5, 8.5 ],
    "to": [ 7.125, 6.625, 10.875 ],
    "faces": {
        "down":  { "uv": [ 9, 10.875, 8.875, 8.5 ], "texture": "#texture" },
        "north": { "uv": [ 7.125, 9.375, 7, 9.5 ], "texture": "#texture" },
        "south": { "uv": [ 7, 9.375, 7.125, 9.5 ], "texture": "#texture" },
        "east":  { "uv": [ 10.875, 9.375, 8.5, 9.5 ], "texture": "#texture" }
    }
},
{
    "__comment": "Wind Blade vox",
    "from": [ 7, 6.625, 12.25 ],
    "to": [ 7.125, 6.75, 12.375 ],
    "faces": {
        "down":  { "uv": [ 9, 12.375, 8.875, 12.25 ], "texture": "#texture" },
        "north": { "uv": [ 7.125, 9.25, 7, 9.375 ], "texture": "#texture" },
        "east":  { "uv": [ 12.375, 9.25, 12.25, 9.375 ], "texture": "#texture" }
    }
},
{
    "__comment": "Wind Blade vox",
    "from": [ 7, 7.75, 12.25 ],
    "to": [ 7.125, 7.875, 12.375 ],
    "faces": {
        "up":    { "uv": [ 7, 12.25, 7.125, 12.375 ], "texture": "#texture" },
        "north": { "uv": [ 7.125, 8.125, 7, 8.25 ], "texture": "#texture" },
        "east":  { "uv": [ 12.375, 8.125, 12.25, 8.25 ], "texture": "#texture" }
    }
},
{
    "__comment": "Wind Blade vox",
    "from": [ 7, 6.25, 14.125 ],
    "to": [ 7.125, 6.375, 14.375 ],
    "faces": {
        "down":  { "uv": [ 9, 14.375, 8.875, 14.125 ], "texture": "#texture" },
        "south": { "uv": [ 7, 9.625, 7.125, 9.75 ], "texture": "#texture" },
        "east":  { "uv": [ 14.375, 9.625, 14.125, 9.75 ], "texture": "#texture" }
    }
},
{
    "__comment": "Wind Blade vox",
    "from": [ 7, 8.125, 14.125 ],
    "to": [ 7.125, 8.25, 14.25 ],
    "faces": {
        "up":    { "uv": [ 7, 14.125, 7.125, 14.25 ], "texture": "#texture" },
        "south": { "uv": [ 7, 7.75, 7.125, 7.875 ], "texture": "#texture" },
        "east":  { "uv": [ 14.25, 7.75, 14.125, 7.875 ], "texture": "#texture" }
    }
},
{
    "__comment": "Wind Blade vox",
    "from": [ 7.125, 6.875, 14.375 ],
    "to": [ 7.25, 7, 14.5 ],
    "faces": {
        "down":  { "uv": [ 8.875, 14.5, 8.75, 14.375 ], "texture": "#texture" },
        "north": { "uv": [ 7.25, 9, 7.125, 9.125 ], "texture": "#texture" },
        "east":  { "uv": [ 14.5, 9, 14.375, 9.125 ], "texture": "#texture" }
    }
},
{
    "__comment": "Wind Blade vox",
    "from": [ 7.125, 7.5, 14.375 ],
    "to": [ 7.25, 7.625, 14.5 ],
    "faces": {
        "up":    { "uv": [ 7.125, 14.375, 7.25, 14.5 ], "texture": "#texture" },
        "north": { "uv": [ 7.25, 8.375, 7.125, 8.5 ], "texture": "#texture" },
        "east":  { "uv": [ 14.5, 8.375, 14.375, 8.5 ], "texture": "#texture" }
    }
},
{
    "__comment": "Wind Blade vox",
    "from": [ 7.25, 6.875, 14.5 ],
    "to": [ 7.375, 7, 15 ],
    "faces": {
        "down":  { "uv": [ 8.75, 15, 8.625, 14.5 ], "texture": "#texture" },
        "north": { "uv": [ 7.375, 9, 7.25, 9.125 ], "texture": "#texture" },
        "east":  { "uv": [ 15, 9, 14.5, 9.125 ], "texture": "#texture" }
    }
},
{
    "__comment": "Wind Blade vox",
    "from": [ 7.25, 6.75, 14.625 ],
    "to": [ 7.375, 6.875, 15 ],
    "faces": {
        "down":  { "uv": [ 8.75, 15, 8.625, 14.625 ], "texture": "#texture" },
        "north": { "uv": [ 7.375, 9.125, 7.25, 9.25 ], "texture": "#texture" },
        "south": { "uv": [ 7.25, 9.125, 7.375, 9.25 ], "texture": "#texture" },
        "east":  { "uv": [ 15, 9.125, 14.625, 9.25 ], "texture": "#texture" }
    }
},
{
    "__comment": "Wind Blade vox",
    "from": [ 7.25, 7.625, 14.625 ],
    "to": [ 7.375, 7.75, 15 ],
    "faces": {
        "up":    { "uv": [ 7.25, 14.625, 7.375, 15 ], "texture": "#texture" },
        "north": { "uv": [ 7.375, 8.25, 7.25, 8.375 ], "texture": "#texture" },
        "south": { "uv": [ 7.25, 8.25, 7.375, 8.375 ], "texture": "#texture" },
        "east":  { "uv": [ 15, 8.25, 14.625, 8.375 ], "texture": "#texture" }
    }
},
{
    "__comment": "Wind Blade vox",
    "from": [ 7.25, 7.75, 15.625 ],
    "to": [ 7.375, 7.875, 15.75 ],
    "faces": {
        "up":    { "uv": [ 7.25, 15.625, 7.375, 15.75 ], "texture": "#texture" },
        "north": { "uv": [ 7.375, 8.125, 7.25, 8.25 ], "texture": "#texture" },
        "east":  { "uv": [ 15.75, 8.125, 15.625, 8.25 ], "texture": "#texture" }
    }
},
{
    "__comment": "Wind Blade vox",
    "from": [ 6.275, 6.875, 19.375 ],
    "to": [ 7.525, 7.375, 19.5 ],
    "faces": {
        "down":  { "uv": [ 0.5, 6, 0.75, 6.5 ], "texture": "#texture" },
        "up":    { "uv": [ 0.5, 6, 0.75, 6.5 ], "texture": "#texture" },
        "north": { "uv": [ 0.5, 6, 0.75, 6.625 ], "texture": "#texture" },
        "south": { "uv": [ 0.5, 6, 0.75, 6.625 ], "texture": "#texture" },
        "west":  { "uv": [ 0.5, 6, 0.75, 6.5 ], "texture": "#texture" },
        "east":  { "uv": [ 0.5, 6, 0.75, 6.5 ], "texture": "#texture" }
    }
},
{
    "__comment": "Wind Blade vox",
    "from": [ 6.375, 6.875, 16 ],
    "to": [ 7.375, 7.375, 16.25 ],
    "faces": {
        "down":  { "uv": [ 0, 6, 0.375, 6.625 ], "texture": "#texture" },
        "up":    { "uv": [ 0, 6, 0.375, 6.625 ], "texture": "#texture" },
        "north": { "uv": [ 0, 6, 0.25, 6.625 ], "texture": "#texture" },
        "south": { "uv": [ 0, 6, 0.25, 6.5 ], "texture": "#texture" },
        "west":  { "uv": [ 0, 6.125, 0.375, 6.625 ], "rotation": 180, "texture": "#texture" },
        "east":  { "uv": [ 0, 6.125, 0.375, 6.625 ], "rotation": 180, "texture": "#texture" }
    }
},
{
    "__comment": "Wind Blade vox",
    "from": [ 6.4, 6.75, 19.375 ],
    "to": [ 7.4, 6.875, 19.5 ],
    "faces": {
        "down":  { "uv": [ 0.375, 6.125, 0.625, 6.625 ], "rotation": 90, "texture": "#texture" },
        "north": { "uv": [ 0.5, 6, 0.75, 6.625 ], "rotation": 90, "texture": "#texture" },
        "south": { "uv": [ 0.5, 6, 0.75, 6.5 ], "rotation": 90, "texture": "#texture" },
        "west":  { "uv": [ 0.5, 6, 0.75, 6.625 ], "rotation": 90, "texture": "#texture" },
        "east":  { "uv": [ 0.5, 6, 0.75, 6.5 ], "rotation": 90, "texture": "#texture" }
    }
},
{
    "__comment": "Wind Blade vox",
    "from": [ 6.4, 7.375, 19.375 ],
    "to": [ 7.4, 7.5, 19.5 ],
    "faces": {
        "up":    { "uv": [ 0.375, 6, 0.625, 6.5 ], "rotation": 90, "texture": "#texture" },
        "north": { "uv": [ 0.5, 6, 0.75, 6.5 ], "rotation": 90, "texture": "#texture" },
        "south": { "uv": [ 0.375, 6, 0.625, 6.5 ], "rotation": 90, "texture": "#texture" },
        "west":  { "uv": [ 0.375, 6.125, 0.625, 6.625 ], "rotation": 90, "texture": "#texture" },
        "east":  { "uv": [ 0.5, 6.125, 0.75, 6.625 ], "rotation": 90, "texture": "#texture" }
    }
},
{
    "__comment": "Wind Blade vox",
    "from": [ 6.4, 6.875, 19.5 ],
    "to": [ 7.4, 7.375, 20.25 ],
    "faces": {
        "down":  { "uv": [ 1.625, 10.625, 0.625, 11.125 ], "texture": "#texture" },
        "up":    { "uv": [ 3.5, 5.75, 3.875, 6.75 ], "texture": "#texture" },
        "south": { "uv": [ 0.625, 11, 1.625, 11.5 ], "texture": "#texture" },
        "west":  { "uv": [ 4.375, 5.875, 3.375, 6.375 ], "texture": "#texture" },
        "east":  { "uv": [ 4.625, 5.875, 3.5, 6.375 ], "texture": "#texture" }
    }
},
{
    "__comment": "Wind Blade vox",
    "from": [ 6.4, 7, 20.25 ],
    "to": [ 7.4, 7.25, 20.625 ],
    "faces": {
        "down":  { "uv": [ 9.5625, 12, 8.5625, 12.5 ], "texture": "#texture" },
        "up":    { "uv": [ 6.375, 11, 7.375, 11.5 ], "texture": "#texture" },
        "north": { "uv": [ 7.375, 13, 6.375, 13.5 ], "texture": "#texture" },
        "south": { "uv": [ 6.375, 11.5, 7.375, 12 ], "texture": "#texture" },
        "west":  { "uv": [ 4, 5.875, 4.5, 6.375 ], "texture": "#texture" },
        "east":  { "uv": [ 4, 5.875, 4.5, 6.375 ], "texture": "#texture" }
    }
},
{
    "__comment": "Wind Blade vox",
    "from": [ 6.525, 6.75, 16 ],
    "to": [ 7.275, 6.875, 16.25 ],
    "faces": {
        "down":  { "uv": [ 0, 6, 0.25, 6.5 ], "texture": "#texture" },
        "south": { "uv": [ 0, 6, 0.25, 6.5 ], "texture": "#texture" },
        "west":  { "uv": [ 0, 6.125, 0.25, 6.625 ], "texture": "#texture" },
        "east":  { "uv": [ 0, 6, 0.25, 6.5 ], "texture": "#texture" }
    }
},
{
    "__comment": "Wind Blade vox",
    "from": [ 6.5, 7.375, 16 ],
    "to": [ 7.25, 7.5, 16.25 ],
    "faces": {
        "up":    { "uv": [ 0, 6, 0.25, 6.625 ], "texture": "#texture" },
        "south": { "uv": [ 0, 6, 0.25, 6.625 ], "texture": "#texture" },
        "west":  { "uv": [ 0, 6, 0.25, 6.5 ], "texture": "#texture" },
        "east":  { "uv": [ 0, 6, 0.25, 6.625 ], "texture": "#texture" }
    }
},
{
    "__comment": "Wind Blade vox",
    "from": [ 6.525, 6.875, 16.25 ],
    "to": [ 7.275, 7.375, 19.375 ],
    "faces": {
        "down":  { "uv": [ 0.375, 6, 3.375, 6.625 ], "rotation": 90, "texture": "#texture" },
        "up":    { "uv": [ 0.375, 6, 3.375, 6.625 ], "rotation": 90, "texture": "#texture" },
        "west":  { "uv": [ 0.25, 6, 3.375, 6.5 ], "texture": "#texture" },
        "east":  { "uv": [ 0.375, 6, 3.375, 6.625 ], "texture": "#texture" }
    }
},
{
    "__comment": "Wind Blade vox",
    "from": [ 6.525, 6.625, 19.375 ],
    "to": [ 7.275, 6.75, 19.5 ],
    "faces": {
        "down":  { "uv": [ 0.5, 6.125, 0.75, 6.625 ], "rotation": 90, "texture": "#texture" },
        "north": { "uv": [ 0.5, 6, 0.75, 6.5 ], "rotation": 90, "texture": "#texture" },
        "south": { "uv": [ 0.5, 6.125, 0.75, 6.625 ], "rotation": 90, "texture": "#texture" },
        "west":  { "uv": [ 0.5, 6, 0.75, 6.5 ], "rotation": 90, "texture": "#texture" },
        "east":  { "uv": [ 0.5, 6, 0.75, 6.5 ], "rotation": 90, "texture": "#texture" }
    }
},
{
    "__comment": "Wind Blade vox",
    "from": [ 6.5, 7.5, 19.375 ],
    "to": [ 7.25, 7.625, 19.5 ],
    "faces": {
        "up":    { "uv": [ 0.375, 6, 0.625, 6.625 ], "rotation": 90, "texture": "#texture" },
        "north": { "uv": [ 0.375, 6, 0.625, 6.625 ], "rotation": 90, "texture": "#texture" },
        "south": { "uv": [ 0.375, 6, 0.625, 6.5 ], "rotation": 90, "texture": "#texture" },
        "west":  { "uv": [ 0.375, 6, 0.625, 6.5 ], "rotation": 90, "texture": "#texture" },
        "east":  { "uv": [ 0.5, 6, 0.75, 6.5 ], "rotation": 90, "texture": "#texture" }
    }
},
{
    "__comment": "Wind Blade vox",
    "from": [ 6.525, 6.75, 19.5 ],
    "to": [ 7.275, 6.875, 20.375 ],
    "faces": {
        "down":  { "uv": [ 4.375, 5.875, 3.625, 6.375 ], "texture": "#texture" },
        "up":    { "uv": [ 3.5, 5.875, 4.25, 6.375 ], "texture": "#texture" },
        "south": { "uv": [ 3.5, 5.875, 4.25, 6.375 ], "texture": "#texture" },
        "west":  { "uv": [ 3.5, 5.875, 4, 6.375 ], "texture": "#texture" },
        "east":  { "uv": [ 3.625, 5.875, 4.125, 6.375 ], "texture": "#texture" }
    }
},
{
    "__comment": "Wind Blade vox",
    "from": [ 6.525, 7.375, 19.5 ],
    "to": [ 7.275, 7.5, 20.375 ],
    "faces": {
        "down":  { "uv": [ 9.4375, 12.5, 8.6875, 13 ], "texture": "#texture" },
        "up":    { "uv": [ 3.5, 5.75, 3.875, 6.75 ], "rotation": 90, "texture": "#texture" },
        "south": { "uv": [ 6.5, 12.5, 7.25, 13 ], "texture": "#texture" },
        "west":  { "uv": [ 4.25, 5.875, 4.75, 6.375 ], "texture": "#texture" },
        "east":  { "uv": [ 4.125, 5.875, 4.625, 6.375 ], "texture": "#texture" }
    }
},
{
    "__comment": "Wind Blade vox",
    "from": [ 6.525, 6.875, 20.25 ],
    "to": [ 7.275, 7, 20.75 ],
    "faces": {
        "down":  { "uv": [ 4.25, 5.875, 3.5, 6.375 ], "texture": "#texture" },
        "up":    { "uv": [ 6.5, 13.5, 7.25, 14 ], "texture": "#texture" },
        "south": { "uv": [ 3.5, 5.875, 4.25, 6.375 ], "texture": "#texture" },
        "west":  { "uv": [ 3.5, 5.875, 4, 6.375 ], "texture": "#texture" },
        "east":  { "uv": [ 3.625, 5.875, 4.125, 6.375 ], "texture": "#texture" }
    }
},
{
    "__comment": "Wind Blade vox",
    "from": [ 6.525, 7.25, 20.25 ],
    "to": [ 7.275, 7.375, 20.75 ],
    "faces": {
        "down":  { "uv": [ 9.4375, 13, 8.6875, 13.5 ], "texture": "#texture" },
        "up":    { "uv": [ 3.5, 5.75, 4, 6.75 ], "texture": "#texture" },
        "south": { "uv": [ 3.5, 5.875, 4.25, 6.375 ], "texture": "#texture" },
        "west":  { "uv": [ 3.5, 5.875, 4, 6.375 ], "texture": "#texture" },
        "east":  { "uv": [ 3.625, 5.875, 4.125, 6.375 ], "texture": "#texture" }
    }
},
{
    "__comment": "Wind Blade vox",
    "from": [ 6.525, 7, 20.625 ],
    "to": [ 7.275, 7.25, 20.875 ],
    "faces": {
        "down":  { "uv": [ 9.4375, 13, 8.6875, 13.5 ], "texture": "#texture" },
        "up":    { "uv": [ 3.5, 5.75, 3.875, 6.75 ], "texture": "#texture" },
        "south": { "uv": [ 3.5, 5.875, 4.25, 6.375 ], "texture": "#texture" },
        "west":  { "uv": [ 3.5, 6, 4, 6.5 ], "texture": "#texture" },
        "east":  { "uv": [ 3.5, 5.875, 4, 6.375 ], "texture": "#texture" }
    }
},
{
    "__comment": "Wind Blade vox",
    "from": [ 6.65, 6.625, 16 ],
    "to": [ 7.15, 6.75, 16.25 ],
    "faces": {
        "down":  { "uv": [ 0, 6, 0.25, 6.625 ], "texture": "#texture" },
        "south": { "uv": [ 0, 6.125, 0.25, 6.625 ], "texture": "#texture" },
        "west":  { "uv": [ 0, 6, 0.25, 6.625 ], "texture": "#texture" },
        "east":  { "uv": [ 0, 6.125, 0.25, 6.625 ], "texture": "#texture" }
    }
},
{
    "__comment": "Wind Blade vox",
    "from": [ 6.65, 7.5, 16 ],
    "to": [ 7.15, 7.625, 16.25 ],
    "faces": {
        "up":    { "uv": [ 0, 6.125, 0.25, 6.625 ], "texture": "#texture" },
        "south": { "uv": [ 0, 6, 0.25, 6.5 ], "texture": "#texture" },
        "west":  { "uv": [ 0, 6.125, 0.25, 6.625 ], "texture": "#texture" },
        "east":  { "uv": [ 0, 6.125, 0.25, 6.625 ], "texture": "#texture" }
    }
},
{
    "__comment": "Wind Blade vox",
    "from": [ 6.65, 6.75, 16.25 ],
    "to": [ 7.15, 6.875, 19.375 ],
    "faces": {
        "down":  { "uv": [ 0.375, 6, 3.375, 6.625 ], "rotation": 90, "texture": "#texture" },
        "west":  { "uv": [ 0.375, 6, 3.375, 6.625 ], "texture": "#texture" },
        "east":  { "uv": [ 0.375, 6, 3.375, 6.625 ], "texture": "#texture" }
    }
},
{
    "__comment": "Wind Blade vox",
    "from": [ 6.65, 7.375, 16.25 ],
    "to": [ 7.15, 7.5, 19.375 ],
    "faces": {
        "up":    { "uv": [ 0.375, 6.125, 3.375, 6.625 ], "rotation": 90, "texture": "#texture" },
        "west":  { "uv": [ 0.375, 6, 3.375, 6.625 ], "texture": "#texture" },
        "east":  { "uv": [ 0.375, 6, 3.375, 6.625 ], "texture": "#texture" }
    }
},
{
    "__comment": "Wind Blade vox",
    "from": [ 6.65, 6.5, 19.375 ],
    "to": [ 7.15, 6.625, 19.5 ],
    "faces": {
        "down":  { "uv": [ 0.375, 6, 0.625, 6.625 ], "rotation": 90, "texture": "#texture" },
        "north": { "uv": [ 0.375, 6, 0.625, 6.625 ], "rotation": 90, "texture": "#texture" },
        "south": { "uv": [ 0.5, 6, 0.75, 6.5 ], "rotation": 90, "texture": "#texture" },
        "west":  { "uv": [ 0.375, 6, 0.625, 6.625 ], "rotation": 90, "texture": "#texture" },
        "east":  { "uv": [ 0.5, 6, 0.75, 6.5 ], "rotation": 90, "texture": "#texture" }
    }
},
{
    "__comment": "Wind Blade vox",
    "from": [ 6.65, 7.625, 19.375 ],
    "to": [ 7.15, 7.75, 19.5 ],
    "faces": {
        "up":    { "uv": [ 0.5, 5.875, 0.75, 6.625 ], "rotation": 90, "texture": "#texture" },
        "north": { "uv": [ 0.5, 6, 0.75, 6.625 ], "rotation": 90, "texture": "#texture" },
        "south": { "uv": [ 0.375, 6, 0.625, 6.5 ], "rotation": 90, "texture": "#texture" },
        "west":  { "uv": [ 0.5, 6, 0.75, 6.625 ], "rotation": 90, "texture": "#texture" },
        "east":  { "uv": [ 0.375, 6, 0.625, 6.5 ], "rotation": 90, "texture": "#texture" }
    }
},
{
    "__comment": "Wind Blade vox",
    "from": [ 6.65, 6.625, 19.5 ],
    "to": [ 7.15, 6.75, 20.375 ],
    "faces": {
        "down":  { "uv": [ 4, 5.875, 3.5, 6.375 ], "texture": "#texture" },
        "south": { "uv": [ 3.5, 5.875, 4, 6.375 ], "texture": "#texture" },
        "west":  { "uv": [ 3.5, 5.875, 4, 6.375 ], "texture": "#texture" },
        "east":  { "uv": [ 3.5, 5.875, 4, 6.375 ], "texture": "#texture" }
    }
},
{
    "__comment": "Wind Blade vox",
    "from": [ 6.65, 7.5, 19.5 ],
    "to": [ 7.15, 7.625, 20.375 ],
    "faces": {
        "up":    { "uv": [ 3.5, 5.75, 4, 6.875 ], "rotation": 180, "texture": "#texture" },
        "south": { "uv": [ 1.375, 11.375, 2.5, 11.875 ], "rotation": 90, "texture": "#texture" },
        "west":  { "uv": [ 3.5, 5.75, 4, 6.75 ], "rotation": 270, "texture": "#texture" },
        "east":  { "uv": [ 3.5, 5.75, 4, 6.75 ], "rotation": 270, "texture": "#texture" }
    }
},
{
    "__comment": "Wind Blade vox",
    "from": [ 6.65, 6.75, 20.375 ],
    "to": [ 7.15, 6.875, 20.625 ],
    "faces": {
        "down":  { "uv": [ 4, 5.875, 3.5, 6.375 ], "texture": "#texture" },
        "south": { "uv": [ 3.5, 5.875, 4, 6.375 ], "texture": "#texture" },
        "west":  { "uv": [ 3.5, 5.875, 4, 6.375 ], "texture": "#texture" },
        "east":  { "uv": [ 3.625, 5.875, 4.125, 6.375 ], "texture": "#texture" }
    }
},
{
    "__comment": "Wind Blade vox",
    "from": [ 6.65, 7.375, 20.375 ],
    "to": [ 7.15, 7.5, 20.625 ],
    "faces": {
        "up":    { "uv": [ 3.5, 6, 4, 6.5 ], "texture": "#texture" },
        "south": { "uv": [ 3.375, 6.125, 3.875, 6.625 ], "texture": "#texture" },
        "west":  { "uv": [ 3.5, 5.875, 4, 6.375 ], "texture": "#texture" },
        "east":  { "uv": [ 3.5, 6, 4, 6.5 ], "texture": "#texture" }
    }
},
{
    "__comment": "Wind Blade vox",
    "from": [ 6.65, 7, 20.875 ],
    "to": [ 7.15, 7.25, 21 ],
    "faces": {
        "down":  { "uv": [ 4, 5.875, 3.5, 6.375 ], "texture": "#texture" },
        "up":    { "uv": [ 3.5, 5.875, 4, 6.375 ], "texture": "#texture" },
        "south": { "uv": [ 3.5, 5.875, 4, 6.375 ], "texture": "#texture" },
        "west":  { "uv": [ 3.5, 5.875, 4, 6.375 ], "texture": "#texture" },
        "east":  { "uv": [ 3.625, 5.875, 4.125, 6.375 ], "texture": "#texture" }
    }
},
{
    "__comment": "Wind Blade vox",
    "from": [ 6.775, 6.875, 20.75 ],
    "to": [ 7.025, 7, 20.875 ],
    "faces": {
        "down":  { "uv": [ 3.5, 5.875, 4, 6.375 ], "texture": "#texture" },
        "south": { "uv": [ 3.5, 5.875, 4, 6.375 ], "texture": "#texture" },
        "west":  { "uv": [ 3.625, 5.875, 4.125, 6.375 ], "texture": "#texture" },
        "east":  { "uv": [ 3.625, 6, 4.125, 6.5 ], "texture": "#texture" }
    }
},
{
    "__comment": "Wind Blade vox",
    "from": [ 6.775, 7.25, 20.75 ],
    "to": [ 7.025, 7.375, 20.875 ],
    "faces": {
        "up":    { "uv": [ 3.5, 6, 4, 6.5 ], "texture": "#texture" },
        "south": { "uv": [ 3.5, 6, 4, 6.5 ], "texture": "#texture" },
        "west":  { "uv": [ 3.5, 6, 4, 6.5 ], "texture": "#texture" },
        "east":  { "uv": [ 3.5, 6, 4, 6.5 ], "texture": "#texture" }
    }
},
{
    "__comment": "wing",
    "from": [ 6.875, 7.375, 14 ],
    "to": [ 6.9375, 10.75, 15.875 ],
    "faces": {
        "west":  { "uv": [ 0.875, 0.5, 3.25, 4.875 ], "texture": "#texture" },
        "east":  { "uv": [ 3.25, 0.375, 1, 4.875 ], "texture": "#texture" }
    }
},
{
    "__comment": "wing2",
    "from": [ 6.875, 3.5, 14 ],
    "to": [ 6.9375, 6.875, 15.875 ],
    "faces": {
        "west":  { "uv": [ 0.875, 4.875, 3.25, 0.5 ], "texture": "#texture" },
        "east":  { "uv": [ 3.25, 4.875, 1, 0.375 ], "texture": "#texture" }
    }
},
{
    "from": [ 6.8125, 5.375, 1.125 ],
    "to": [ 6.875, 9.125, 12.625 ],
    "faces": {
        "west":  { "uv": [ 0, 2.875, 16, 12.75 ], "texture": "#windspin" },
        "east":  { "uv": [ 16, 2.875, 0, 12.75 ], "texture": "#windspin" }
    }
}
],
"display": {
    "thirdperson_righthand": {
        "rotation": [ 101, 0, 14 ],
        "translation": [ 2.27, 13.61, 6.99 ],
        "scale": [ 2, 2, 1.7 ]
    },
    "thirdperson_lefthand": {
        "rotation": [ 101, 0, 14 ],
        "translation": [ 2.27, 13.61, 6.99 ],
        "scale": [ 2, 2, 1.7 ]
    },
    "ground": {
        "rotation": [ 90, 0, 0 ],
        "translation": [ 0, 0, 0 ],
        "scale": [ 1, 1, 1 ]
    },
    "fixed": {
        "rotation": [ 90, 0, 90 ],
        "translation": [ -0.94, 3.02, 1.51 ],
        "scale": [ 1.7, 1.7, 1.7 ]
    },
    "firstperson_righthand": {
        "rotation": [ 69, -3, -14 ],
        "translation": [ 1.89, 8.88, -0.94 ],
        "scale": [ 1.2, 1.2, 1.2 ]
    },
    "firstperson_lefthand": {
        "rotation": [ 69, -3, -14 ],
        "translation": [ 1.89, 8.88, -0.94 ],
        "scale": [ 1.2, 1.2, 1.2 ]
    },
    "gui": {
        "rotation": [ 71, -38, 78 ],
        "translation": [ 2.27, 4, 1.9 ],
        "scale": [ 1.2, 1.2, 1.2 ]
    }
}
}