{
"__comment": "Designed by Syclonesjs with BDcraft Cubik PRO 0.95 Beta - http://bdcraft.net",
"ambientocclusion": false,
"textures": {
    "texture": "items/ggsword1"
},
"elements": [ 
{
    "__comment": "Gsword test2",
    "from": [ 8.875, 9.5, 0.375 ],
    "to": [ 9.25, 9.625, 2.375 ],
    "faces": {
        "down":  { "uv": [ 7.125, 2.375, 6.75, 0.375 ], "texture": "#texture" },
        "up":    { "uv": [ 8.875, 0.375, 9.25, 2.375 ], "texture": "#texture" },
        "north": { "uv": [ 9.25, 6.375, 8.875, 6.5 ], "texture": "#texture" },
        "south": { "uv": [ 8.875, 6.375, 9.25, 6.5 ], "texture": "#texture" },
        "west":  { "uv": [ 0.375, 6.375, 2.375, 6.5 ], "texture": "#texture" },
        "east":  { "uv": [ 2.375, 6.375, 0.375, 6.5 ], "texture": "#texture" }
    }
},
{
    "__comment": "Gsword test2",
    "from": [ 8.875, 9.375, 0.625 ],
    "to": [ 9.25, 9.5, 4.875 ],
    "faces": {
        "down":  { "uv": [ 7.125, 4.875, 6.75, 0.625 ], "texture": "#texture" },
        "up":    { "uv": [ 8.875, 0.625, 9.25, 4.875 ], "texture": "#texture" },
        "north": { "uv": [ 9.25, 6.5, 8.875, 6.625 ], "texture": "#texture" },
        "south": { "uv": [ 8.875, 6.5, 9.25, 6.625 ], "texture": "#texture" },
        "west":  { "uv": [ 0.625, 6.5, 4.875, 6.625 ], "texture": "#texture" },
        "east":  { "uv": [ 4.875, 6.5, 0.625, 6.625 ], "texture": "#texture" }
    }
},
{
    "__comment": "Gsword test2",
    "from": [ 8.875, 9.25, 0.75 ],
    "to": [ 9.25, 9.375, 16 ],
    "faces": {
        "down":  { "uv": [ 7.125, 16, 6.75, 0.75 ], "texture": "#texture" },
        "up":    { "uv": [ 0.25, 0.375, 2.5, 0.75 ], "texture": "#texture" },
        "north": { "uv": [ 9.25, 6.625, 8.875, 6.75 ], "texture": "#texture" },
        "west":  { "uv": [ 0.75, 6.625, 16, 6.75 ], "texture": "#texture" },
        "east":  { "uv": [ 16, 6.625, 0.75, 6.75 ], "texture": "#texture" }
    }
},
{
    "__comment": "Gsword test2",
    "from": [ 8.875, 9.125, 1 ],
    "to": [ 9.25, 9.25, 16 ],
    "faces": {
        "down":  { "uv": [ 7.125, 16, 6.75, 1 ], "texture": "#texture" },
        "north": { "uv": [ 9.25, 6.75, 8.875, 6.875 ], "texture": "#texture" },
        "west":  { "uv": [ 1, 6.75, 16, 6.875 ], "texture": "#texture" },
        "east":  { "uv": [ 16, 6.75, 1, 6.875 ], "texture": "#texture" }
    }
},
{
    "__comment": "Gsword test2",
    "from": [ 8.875, 9, 1.125 ],
    "to": [ 9.25, 9.125, 16 ],
    "faces": {
        "down":  { "uv": [ 7.125, 16, 6.75, 1.125 ], "texture": "#texture" },
        "north": { "uv": [ 9.25, 6.875, 8.875, 7 ], "texture": "#texture" },
        "west":  { "uv": [ 1.125, 6.875, 16, 7 ], "texture": "#texture" },
        "east":  { "uv": [ 16, 6.875, 1.125, 7 ], "texture": "#texture" }
    }
},
{
    "__comment": "Gsword test2",
    "from": [ 8.875, 8.875, 1.25 ],
    "to": [ 9.25, 9, 16 ],
    "faces": {
        "down":  { "uv": [ 15.875, 6.875, 1.625, 7.125 ], "rotation": 90, "texture": "#texture" },
        "north": { "uv": [ 9.25, 7, 8.875, 7.125 ], "texture": "#texture" },
        "west":  { "uv": [ 1.25, 7, 16, 7.125 ], "texture": "#texture" },
        "east":  { "uv": [ 16, 7, 1.25, 7.125 ], "texture": "#texture" }
    }
},
{
    "__comment": "Gsword test2",
    "from": [ 8.875, 8.25, 2 ],
    "to": [ 9.25, 8.5, 16 ],
    "faces": {
        "down":  { "uv": [ 7.125, 16, 6.75, 2 ], "texture": "#texture" },
        "up":    { "uv": [ 0.25, 0.375, 4.375, 0.625 ], "texture": "#texture" },
        "north": { "uv": [ 9.25, 7.5, 8.875, 7.75 ], "texture": "#texture" },
        "west":  { "uv": [ 2, 7.5, 16, 7.75 ], "texture": "#texture" },
        "east":  { "uv": [ 16, 7.5, 2, 7.75 ], "texture": "#texture" }
    }
},
{
    "__comment": "Gsword test2",
    "from": [ 8.875, 8.125, 2.25 ],
    "to": [ 9.25, 8.25, 16 ],
    "faces": {
        "down":  { "uv": [ 7.125, 16, 6.75, 2.25 ], "texture": "#texture" },
        "north": { "uv": [ 9.25, 7.75, 8.875, 7.875 ], "texture": "#texture" },
        "west":  { "uv": [ 2.25, 7.75, 16, 7.875 ], "texture": "#texture" },
        "east":  { "uv": [ 16, 7.75, 2.25, 7.875 ], "texture": "#texture" }
    }
},
{
    "__comment": "Gsword test2",
    "from": [ 8.875, 7.875, 2.375 ],
    "to": [ 9.25, 8.125, 16 ],
    "faces": {
        "down":  { "uv": [ 7.125, 16, 6.75, 2.375 ], "texture": "#texture" },
        "north": { "uv": [ 9.25, 7.875, 8.875, 8.125 ], "texture": "#texture" },
        "west":  { "uv": [ 2.375, 7.875, 16, 8.125 ], "texture": "#texture" },
        "east":  { "uv": [ 16, 7.875, 2.375, 8.125 ], "texture": "#texture" }
    }
},
{
    "__comment": "Gsword test2",
    "from": [ 8.875, 7.75, 2.75 ],
    "to": [ 9.25, 7.875, 16 ],
    "faces": {
        "down":  { "uv": [ 7.125, 16, 6.75, 2.75 ], "texture": "#texture" },
        "north": { "uv": [ 9.25, 8.125, 8.875, 8.25 ], "texture": "#texture" },
        "west":  { "uv": [ 2.75, 8.125, 16, 8.25 ], "texture": "#texture" },
        "east":  { "uv": [ 16, 8.125, 2.75, 8.25 ], "texture": "#texture" }
    }
},
{
    "__comment": "Gsword test2",
    "from": [ 8.875, 7.625, 2.875 ],
    "to": [ 9.25, 7.75, 16 ],
    "faces": {
        "down":  { "uv": [ 7.125, 16, 6.75, 2.875 ], "texture": "#texture" },
        "north": { "uv": [ 9.25, 8.25, 8.875, 8.375 ], "texture": "#texture" },
        "west":  { "uv": [ 2.875, 8.25, 16, 8.375 ], "texture": "#texture" },
        "east":  { "uv": [ 16, 8.25, 2.875, 8.375 ], "texture": "#texture" }
    }
},
{
    "__comment": "Gsword test2",
    "from": [ 8.875, 7.5, 3.125 ],
    "to": [ 9.25, 7.625, 16 ],
    "faces": {
        "down":  { "uv": [ 7.125, 16, 6.75, 3.125 ], "texture": "#texture" },
        "north": { "uv": [ 9.25, 8.375, 8.875, 8.5 ], "texture": "#texture" },
        "west":  { "uv": [ 3.125, 8.375, 16, 8.5 ], "texture": "#texture" },
        "east":  { "uv": [ 16, 8.375, 3.125, 8.5 ], "texture": "#texture" }
    }
},
{
    "__comment": "Gsword test2",
    "from": [ 8.875, 7.375, 3.25 ],
    "to": [ 9.25, 7.5, 16 ],
    "faces": {
        "down":  { "uv": [ 7.125, 16, 6.75, 3.25 ], "texture": "#texture" },
        "north": { "uv": [ 9.25, 8.5, 8.875, 8.625 ], "texture": "#texture" },
        "west":  { "uv": [ 3.25, 8.5, 16, 8.625 ], "texture": "#texture" },
        "east":  { "uv": [ 16, 8.5, 3.25, 8.625 ], "texture": "#texture" }
    }
},
{
    "__comment": "Gsword test2",
    "from": [ 8.875, 7.25, 3.5 ],
    "to": [ 9.25, 7.375, 16 ],
    "faces": {
        "down":  { "uv": [ 7.125, 16, 6.75, 3.5 ], "texture": "#texture" },
        "north": { "uv": [ 9.25, 8.625, 8.875, 8.75 ], "texture": "#texture" },
        "west":  { "uv": [ 3.5, 8.625, 16, 8.75 ], "texture": "#texture" },
        "east":  { "uv": [ 16, 8.625, 3.5, 8.75 ], "texture": "#texture" }
    }
},
{
    "__comment": "Gsword test2",
    "from": [ 8.875, 7.125, 3.625 ],
    "to": [ 9.25, 7.25, 16 ],
    "faces": {
        "down":  { "uv": [ 7.125, 16, 6.75, 3.625 ], "texture": "#texture" },
        "north": { "uv": [ 9.25, 8.75, 8.875, 8.875 ], "texture": "#texture" },
        "west":  { "uv": [ 3.625, 8.75, 16, 8.875 ], "texture": "#texture" },
        "east":  { "uv": [ 16, 8.75, 3.625, 8.875 ], "texture": "#texture" }
    }
},
{
    "__comment": "Gsword test2",
    "from": [ 8.875, 7, 3.75 ],
    "to": [ 9.25, 7.125, 16 ],
    "faces": {
        "down":  { "uv": [ 7.125, 16, 6.75, 3.75 ], "texture": "#texture" },
        "north": { "uv": [ 9.25, 8.875, 8.875, 9 ], "texture": "#texture" },
        "west":  { "uv": [ 3.75, 8.875, 16, 9 ], "texture": "#texture" },
        "east":  { "uv": [ 16, 8.875, 3.75, 9 ], "texture": "#texture" }
    }
},
{
    "__comment": "Gsword test2",
    "from": [ 8.875, 6.875, 3.875 ],
    "to": [ 9.25, 7, 16 ],
    "faces": {
        "down":  { "uv": [ 7.125, 16, 6.75, 3.875 ], "texture": "#texture" },
        "north": { "uv": [ 9.25, 9, 8.875, 9.125 ], "texture": "#texture" },
        "west":  { "uv": [ 3.875, 9, 16, 9.125 ], "texture": "#texture" },
        "east":  { "uv": [ 16, 9, 3.875, 9.125 ], "texture": "#texture" }
    }
},
{
    "__comment": "Gsword test2",
    "from": [ 8.875, 6.75, 4 ],
    "to": [ 9.25, 6.875, 16 ],
    "faces": {
        "down":  { "uv": [ 7.125, 16, 6.75, 4 ], "texture": "#texture" },
        "north": { "uv": [ 9.25, 9.125, 8.875, 9.25 ], "texture": "#texture" },
        "west":  { "uv": [ 4, 9.125, 16, 9.25 ], "texture": "#texture" },
        "east":  { "uv": [ 16, 9.125, 4, 9.25 ], "texture": "#texture" }
    }
},
{
    "__comment": "Gsword test2",
    "from": [ 8.875, 6.625, 4.125 ],
    "to": [ 9.125, 6.75, 16 ],
    "faces": {
        "down":  { "uv": [ 7.125, 16, 6.875, 4.125 ], "texture": "#texture" },
        "north": { "uv": [ 9.125, 9.25, 8.875, 9.375 ], "texture": "#texture" },
        "west":  { "uv": [ 4.125, 9.25, 16, 9.375 ], "texture": "#texture" },
        "east":  { "uv": [ 16, 9.25, 4.125, 9.375 ], "texture": "#texture" }
    }
},
{
    "__comment": "Gsword test2",
    "from": [ 8.875, 6.5, 4.25 ],
    "to": [ 9.125, 6.625, 12.75 ],
    "faces": {
        "down":  { "uv": [ 7.125, 12.75, 6.875, 4.25 ], "texture": "#texture" },
        "north": { "uv": [ 9.125, 9.375, 8.875, 9.5 ], "texture": "#texture" },
        "south": { "uv": [ 8.875, 9.375, 9.125, 9.5 ], "texture": "#texture" },
        "west":  { "uv": [ 4.25, 9.375, 12.75, 9.5 ], "texture": "#texture" },
        "east":  { "uv": [ 12.75, 9.375, 4.25, 9.5 ], "texture": "#texture" }
    }
},
{
    "__comment": "Gsword test2",
    "from": [ 8.875, 6.375, 4.375 ],
    "to": [ 9.125, 6.5, 10.125 ],
    "faces": {
        "down":  { "uv": [ 1.125, 15.25, 0.875, 9.5 ], "texture": "#texture" },
        "north": { "uv": [ 9.125, 9.5, 8.875, 9.625 ], "texture": "#texture" },
        "south": { "uv": [ 8.875, 9.5, 9.125, 9.625 ], "texture": "#texture" },
        "west":  { "uv": [ 4.375, 9.5, 10.125, 9.625 ], "texture": "#texture" },
        "east":  { "uv": [ 10.125, 9.5, 4.375, 9.625 ], "texture": "#texture" }
    }
},
{
    "__comment": "Gsword test2",
    "from": [ 8.875, 6.25, 4.5 ],
    "to": [ 9.125, 6.375, 9.25 ],
    "faces": {
        "down":  { "uv": [ 0.875, 15.5, 0.625, 10.75 ], "texture": "#texture" },
        "up":    { "uv": [ 0.375, 10.875, 0.625, 15.625 ], "texture": "#texture" },
        "north": { "uv": [ 9.125, 9.625, 8.875, 9.75 ], "texture": "#texture" },
        "south": { "uv": [ 8.875, 9.625, 9.125, 9.75 ], "texture": "#texture" },
        "west":  { "uv": [ 4.5, 9.625, 9.25, 9.75 ], "texture": "#texture" },
        "east":  { "uv": [ 9.25, 9.625, 4.5, 9.75 ], "texture": "#texture" }
    }
},
{
    "__comment": "Gsword test2",
    "from": [ 8.875, 6.125, 4.625 ],
    "to": [ 9.125, 6.25, 8.375 ],
    "faces": {
        "down":  { "uv": [ 0.75, 5.25, 0.5, 1.5 ], "texture": "#texture" },
        "up":    { "uv": [ 8.875, 4.625, 9.125, 8.375 ], "texture": "#texture" },
        "north": { "uv": [ 9.125, 9.75, 8.875, 9.875 ], "texture": "#texture" },
        "south": { "uv": [ 8.875, 9.75, 9.125, 9.875 ], "texture": "#texture" },
        "west":  { "uv": [ 4.625, 9.75, 8.375, 9.875 ], "texture": "#texture" },
        "east":  { "uv": [ 8.375, 9.75, 4.625, 9.875 ], "texture": "#texture" }
    }
},
{
    "__comment": "Gsword test2",
    "from": [ 8.875, 6, 4.75 ],
    "to": [ 9.125, 6.125, 7.5 ],
    "faces": {
        "down":  { "uv": [ 0.625, 5.25, 0.375, 2.5 ], "texture": "#texture" },
        "north": { "uv": [ 9.125, 9.875, 8.875, 10 ], "texture": "#texture" },
        "south": { "uv": [ 8.875, 9.875, 9.125, 10 ], "texture": "#texture" },
        "west":  { "uv": [ 4.75, 9.875, 7.5, 10 ], "texture": "#texture" },
        "east":  { "uv": [ 7.5, 9.875, 4.75, 10 ], "texture": "#texture" }
    }
},
{
    "__comment": "Gsword test2",
    "from": [ 8.875, 5.875, 4.875 ],
    "to": [ 9.125, 6, 6.75 ],
    "faces": {
        "down":  { "uv": [ 0.625, 15.625, 0.375, 13.75 ], "texture": "#texture" },
        "north": { "uv": [ 9.125, 10, 8.875, 10.125 ], "texture": "#texture" },
        "south": { "uv": [ 8.875, 10, 9.125, 10.125 ], "texture": "#texture" },
        "west":  { "uv": [ 4.875, 10, 6.75, 10.125 ], "texture": "#texture" },
        "east":  { "uv": [ 6.75, 10, 4.875, 10.125 ], "texture": "#texture" }
    }
},
{
    "__comment": "Gsword test2",
    "from": [ 8.875, 9.375, 12.125 ],
    "to": [ 9.125, 9.5, 16 ],
    "faces": {
        "up":    { "uv": [ 8.875, 12.125, 9.125, 16 ], "texture": "#texture" },
        "north": { "uv": [ 9.125, 6.5, 8.875, 6.625 ], "texture": "#texture" },
        "west":  { "uv": [ 12.125, 6.5, 16, 6.625 ], "texture": "#texture" },
        "east":  { "uv": [ 16, 6.5, 12.125, 6.625 ], "texture": "#texture" }
    }
},
{
    "__comment": "Gsword test2",
    "from": [ 8.875, 6.5, 14.25 ],
    "to": [ 9.125, 6.625, 16 ],
    "faces": {
        "down":  { "uv": [ 7.125, 16, 6.875, 14.25 ], "texture": "#texture" },
        "north": { "uv": [ 9.125, 9.375, 8.875, 9.5 ], "texture": "#texture" },
        "west":  { "uv": [ 14.25, 9.375, 16, 9.5 ], "texture": "#texture" },
        "east":  { "uv": [ 16, 9.375, 14.25, 9.5 ], "texture": "#texture" }
    }
},
{
    "__comment": "Gsword test2",
    "from": [ 8.875, 9.5, 15.75 ],
    "to": [ 9.25, 9.625, 16 ],
    "faces": {
        "down":  { "uv": [ 7.125, 16, 6.75, 15.75 ], "texture": "#texture" },
        "up":    { "uv": [ 8.875, 15.75, 9.25, 16 ], "texture": "#texture" },
        "north": { "uv": [ 9.25, 6.375, 8.875, 6.5 ], "texture": "#texture" },
        "west":  { "uv": [ 15.75, 6.375, 16, 6.5 ], "texture": "#texture" },
        "east":  { "uv": [ 16, 6.375, 15.75, 6.5 ], "texture": "#texture" }
    }
},
{
    "__comment": "Gsword test2",
    "from": [ 9, 9.625, 0 ],
    "to": [ 9.125, 9.75, 5 ],
    "faces": {
        "down":  { "uv": [ 7, 5, 6.875, 0 ], "texture": "#texture" },
        "up":    { "uv": [ 9, 0, 9.125, 5 ], "texture": "#texture" },
        "north": { "uv": [ 9.125, 6.25, 9, 6.375 ], "texture": "#texture" },
        "south": { "uv": [ 9, 6.25, 9.125, 6.375 ], "texture": "#texture" },
        "west":  { "uv": [ 0, 6.25, 5, 6.375 ], "texture": "#texture" },
        "east":  { "uv": [ 5, 6.25, 0, 6.375 ], "texture": "#texture" }
    }
},
{
    "__comment": "Gsword test2",
    "from": [ 9, 9.75, 0 ],
    "to": [ 9.125, 9.875, 2.5 ],
    "faces": {
        "up":    { "uv": [ 9, 0, 9.125, 2.5 ], "texture": "#texture" },
        "north": { "uv": [ 9.125, 6.125, 9, 6.25 ], "texture": "#texture" },
        "south": { "uv": [ 9, 6.125, 9.125, 6.25 ], "texture": "#texture" },
        "west":  { "uv": [ 0, 6.125, 2.5, 6.25 ], "texture": "#texture" },
        "east":  { "uv": [ 2.5, 6.125, 0, 6.25 ], "texture": "#texture" }
    }
},
{
    "__comment": "Gsword test2",
    "from": [ 9, 9.5, 0.125 ],
    "to": [ 9.125, 9.625, 0.375 ],
    "faces": {
        "down":  { "uv": [ 7, 0.375, 6.875, 0.125 ], "texture": "#texture" },
        "north": { "uv": [ 9.125, 6.375, 9, 6.5 ], "texture": "#texture" },
        "west":  { "uv": [ 0.125, 6.375, 0.375, 6.5 ], "texture": "#texture" },
        "east":  { "uv": [ 0.375, 6.375, 0.125, 6.5 ], "texture": "#texture" }
    }
},
{
    "__comment": "Gsword test2",
    "from": [ 9, 9.375, 0.25 ],
    "to": [ 9.125, 9.5, 0.625 ],
    "faces": {
        "down":  { "uv": [ 7, 0.625, 6.875, 0.25 ], "texture": "#texture" },
        "up":    { "uv": [ 9, 0.25, 9.125, 0.625 ], "texture": "#texture" },
        "north": { "uv": [ 9.125, 6.5, 9, 6.625 ], "texture": "#texture" },
        "west":  { "uv": [ 0.25, 6.5, 0.625, 6.625 ], "texture": "#texture" },
        "east":  { "uv": [ 0.625, 6.5, 0.25, 6.625 ], "texture": "#texture" }
    }
},
{
    "__comment": "Gsword test2",
    "from": [ 9, 9.25, 0.5 ],
    "to": [ 9.125, 9.375, 0.75 ],
    "faces": {
        "down":  { "uv": [ 7, 0.75, 6.875, 0.5 ], "texture": "#texture" },
        "up":    { "uv": [ 9, 0.5, 9.125, 0.75 ], "texture": "#texture" },
        "north": { "uv": [ 9.125, 6.625, 9, 6.75 ], "texture": "#texture" },
        "west":  { "uv": [ 0.5, 6.625, 0.75, 6.75 ], "texture": "#texture" },
        "east":  { "uv": [ 0.75, 6.625, 0.5, 6.75 ], "texture": "#texture" }
    }
},
{
    "__comment": "Gsword test2",
    "from": [ 9, 9.125, 0.625 ],
    "to": [ 9.125, 9.25, 1 ],
    "faces": {
        "down":  { "uv": [ 7, 1, 6.875, 0.625 ], "texture": "#texture" },
        "up":    { "uv": [ 9, 0.625, 9.125, 1 ], "texture": "#texture" },
        "north": { "uv": [ 9.125, 6.75, 9, 6.875 ], "texture": "#texture" },
        "west":  { "uv": [ 0.625, 6.75, 1, 6.875 ], "texture": "#texture" },
        "east":  { "uv": [ 1, 6.75, 0.625, 6.875 ], "texture": "#texture" }
    }
},
{
    "__comment": "Gsword test2",
    "from": [ 9, 9, 0.875 ],
    "to": [ 9.125, 9.125, 1.125 ],
    "faces": {
        "down":  { "uv": [ 7, 1.125, 6.875, 0.875 ], "texture": "#texture" },
        "up":    { "uv": [ 9, 0.875, 9.125, 1.125 ], "texture": "#texture" },
        "north": { "uv": [ 9.125, 6.875, 9, 7 ], "texture": "#texture" },
        "west":  { "uv": [ 0.875, 6.875, 1.125, 7 ], "texture": "#texture" },
        "east":  { "uv": [ 1.125, 6.875, 0.875, 7 ], "texture": "#texture" }
    }
},
{
    "__comment": "Gsword test2",
    "from": [ 9, 8.875, 1 ],
    "to": [ 9.125, 9, 1.25 ],
    "faces": {
        "down":  { "uv": [ 7, 1.25, 6.875, 1 ], "texture": "#texture" },
        "up":    { "uv": [ 9, 1, 9.125, 1.25 ], "texture": "#texture" },
        "north": { "uv": [ 9.125, 7, 9, 7.125 ], "texture": "#texture" },
        "west":  { "uv": [ 1, 7, 1.25, 7.125 ], "texture": "#texture" },
        "east":  { "uv": [ 1.25, 7, 1, 7.125 ], "texture": "#texture" }
    }
},
{
    "__comment": "Gsword test2",
    "from": [ 9, 8.5, 1.5 ],
    "to": [ 9.125, 8.625, 16 ],
    "faces": {
        "down":  { "uv": [ 7, 16, 6.875, 1.5 ], "texture": "#texture" },
        "up":    { "uv": [ 0.125, 0.25, 2.625, 0.625 ], "texture": "#texture" },
        "north": { "uv": [ 9.125, 7.375, 9, 7.5 ], "texture": "#texture" },
        "west":  { "uv": [ 1.5, 7.375, 16, 7.5 ], "texture": "#texture" },
        "east":  { "uv": [ 16, 7.375, 1.5, 7.5 ], "texture": "#texture" }
    }
},
{
    "__comment": "Gsword test2",
    "from": [ 9, 8.375, 1.625 ],
    "to": [ 9.125, 8.5, 2 ],
    "faces": {
        "down":  { "uv": [ 7, 2, 6.875, 1.625 ], "texture": "#texture" },
        "north": { "uv": [ 9.125, 7.5, 9, 7.625 ], "texture": "#texture" },
        "west":  { "uv": [ 1.625, 7.5, 2, 7.625 ], "texture": "#texture" },
        "east":  { "uv": [ 2, 7.5, 1.625, 7.625 ], "texture": "#texture" }
    }
},
{
    "__comment": "Gsword test2",
    "from": [ 9, 8.25, 1.75 ],
    "to": [ 9.125, 8.375, 2 ],
    "faces": {
        "down":  { "uv": [ 7, 2, 6.875, 1.75 ], "texture": "#texture" },
        "north": { "uv": [ 9.125, 7.625, 9, 7.75 ], "texture": "#texture" },
        "west":  { "uv": [ 1.75, 7.625, 2, 7.75 ], "texture": "#texture" },
        "east":  { "uv": [ 2, 7.625, 1.75, 7.75 ], "texture": "#texture" }
    }
},
{
    "__comment": "Gsword test2",
    "from": [ 9, 8.125, 1.875 ],
    "to": [ 9.125, 8.25, 2.25 ],
    "faces": {
        "down":  { "uv": [ 7, 2.25, 6.875, 1.875 ], "texture": "#texture" },
        "up":    { "uv": [ 9, 1.875, 9.125, 2.25 ], "texture": "#texture" },
        "north": { "uv": [ 9.125, 7.75, 9, 7.875 ], "texture": "#texture" },
        "west":  { "uv": [ 1.875, 7.75, 2.25, 7.875 ], "texture": "#texture" },
        "east":  { "uv": [ 2.25, 7.75, 1.875, 7.875 ], "texture": "#texture" }
    }
},
{
    "__comment": "Gsword test2",
    "from": [ 9, 7.875, 2.125 ],
    "to": [ 9.125, 8.125, 2.375 ],
    "faces": {
        "down":  { "uv": [ 7, 2.375, 6.875, 2.125 ], "texture": "#texture" },
        "up":    { "uv": [ 9, 2.125, 9.125, 2.375 ], "texture": "#texture" },
        "north": { "uv": [ 9.125, 7.875, 9, 8.125 ], "texture": "#texture" },
        "west":  { "uv": [ 2.125, 7.875, 2.375, 8.125 ], "texture": "#texture" },
        "east":  { "uv": [ 2.375, 7.875, 2.125, 8.125 ], "texture": "#texture" }
    }
},
{
    "__comment": "Gsword test2",
    "from": [ 9, 7.75, 2.25 ],
    "to": [ 9.125, 7.875, 2.75 ],
    "faces": {
        "down":  { "uv": [ 7, 2.75, 6.875, 2.25 ], "texture": "#texture" },
        "up":    { "uv": [ 9, 2.25, 9.125, 2.75 ], "texture": "#texture" },
        "north": { "uv": [ 9.125, 8.125, 9, 8.25 ], "texture": "#texture" },
        "west":  { "uv": [ 2.25, 8.125, 2.75, 8.25 ], "texture": "#texture" },
        "east":  { "uv": [ 2.75, 8.125, 2.25, 8.25 ], "texture": "#texture" }
    }
},
{
    "__comment": "Gsword test2",
    "from": [ 9, 9.5, 2.375 ],
    "to": [ 9.125, 9.625, 15.75 ],
    "faces": {
        "down":  { "uv": [ 7, 15.75, 6.875, 2.375 ], "texture": "#texture" },
        "up":    { "uv": [ 0.25, 0.375, 3.25, 0.75 ], "texture": "#texture" },
        "west":  { "uv": [ 2.375, 6.375, 15.75, 6.5 ], "texture": "#texture" },
        "east":  { "uv": [ 15.75, 6.375, 2.375, 6.5 ], "texture": "#texture" }
    }
},
{
    "__comment": "Gsword test2",
    "from": [ 9, 7.625, 2.5 ],
    "to": [ 9.125, 7.75, 2.875 ],
    "faces": {
        "down":  { "uv": [ 7, 2.875, 6.875, 2.5 ], "texture": "#texture" },
        "up":    { "uv": [ 9, 2.5, 9.125, 2.875 ], "texture": "#texture" },
        "north": { "uv": [ 9.125, 8.25, 9, 8.375 ], "texture": "#texture" },
        "west":  { "uv": [ 2.5, 8.25, 2.875, 8.375 ], "texture": "#texture" },
        "east":  { "uv": [ 2.875, 8.25, 2.5, 8.375 ], "texture": "#texture" }
    }
},
{
    "__comment": "Gsword test2",
    "from": [ 9, 7.5, 2.75 ],
    "to": [ 9.125, 7.625, 3.125 ],
    "faces": {
        "down":  { "uv": [ 7, 3.125, 6.875, 2.75 ], "texture": "#texture" },
        "up":    { "uv": [ 9, 2.75, 9.125, 3.125 ], "texture": "#texture" },
        "north": { "uv": [ 9.125, 8.375, 9, 8.5 ], "texture": "#texture" },
        "west":  { "uv": [ 2.75, 8.375, 3.125, 8.5 ], "texture": "#texture" },
        "east":  { "uv": [ 3.125, 8.375, 2.75, 8.5 ], "texture": "#texture" }
    }
},
{
    "__comment": "Gsword test2",
    "from": [ 9, 7.375, 2.875 ],
    "to": [ 9.125, 7.5, 3.25 ],
    "faces": {
        "down":  { "uv": [ 7, 3.25, 6.875, 2.875 ], "texture": "#texture" },
        "up":    { "uv": [ 9, 2.875, 9.125, 3.25 ], "texture": "#texture" },
        "north": { "uv": [ 9.125, 8.5, 9, 8.625 ], "texture": "#texture" },
        "west":  { "uv": [ 2.875, 8.5, 3.25, 8.625 ], "texture": "#texture" },
        "east":  { "uv": [ 3.25, 8.5, 2.875, 8.625 ], "texture": "#texture" }
    }
},
{
    "__comment": "Gsword test2",
    "from": [ 9, 7.25, 3 ],
    "to": [ 9.125, 7.375, 3.5 ],
    "faces": {
        "down":  { "uv": [ 7, 3.5, 6.875, 3 ], "texture": "#texture" },
        "up":    { "uv": [ 9, 3, 9.125, 3.5 ], "texture": "#texture" },
        "north": { "uv": [ 9.125, 8.625, 9, 8.75 ], "texture": "#texture" },
        "west":  { "uv": [ 3, 8.625, 3.5, 8.75 ], "texture": "#texture" },
        "east":  { "uv": [ 3.5, 8.625, 3, 8.75 ], "texture": "#texture" }
    }
},
{
    "__comment": "Gsword test2",
    "from": [ 9, 7.125, 3.125 ],
    "to": [ 9.125, 7.25, 3.625 ],
    "faces": {
        "down":  { "uv": [ 7, 3.625, 6.875, 3.125 ], "texture": "#texture" },
        "up":    { "uv": [ 9, 3.125, 9.125, 3.625 ], "texture": "#texture" },
        "north": { "uv": [ 9.125, 8.75, 9, 8.875 ], "texture": "#texture" },
        "west":  { "uv": [ 3.125, 8.75, 3.625, 8.875 ], "texture": "#texture" },
        "east":  { "uv": [ 3.625, 8.75, 3.125, 8.875 ], "texture": "#texture" }
    }
},
{
    "__comment": "Gsword test2",
    "from": [ 9, 7, 3.25 ],
    "to": [ 9.125, 7.125, 3.75 ],
    "faces": {
        "down":  { "uv": [ 7, 3.75, 6.875, 3.25 ], "texture": "#texture" },
        "up":    { "uv": [ 9, 3.25, 9.125, 3.75 ], "texture": "#texture" },
        "north": { "uv": [ 9.125, 8.875, 9, 9 ], "texture": "#texture" },
        "west":  { "uv": [ 3.25, 8.875, 3.75, 9 ], "texture": "#texture" },
        "east":  { "uv": [ 3.75, 8.875, 3.25, 9 ], "texture": "#texture" }
    }
},
{
    "__comment": "Gsword test2",
    "from": [ 9, 8.625, 3.25 ],
    "to": [ 9.125, 8.875, 4.5 ],
    "faces": {
        "north": { "uv": [ 9.125, 7.375, 9, 7.625 ], "texture": "#texture" },
        "south": { "uv": [ 9, 7.375, 9.125, 7.625 ], "texture": "#texture" },
        "west":  { "uv": [ 3.125, 7.125, 4.125, 7.375 ], "texture": "#texture" },
        "east":  { "uv": [ 4.125, 7.125, 3.125, 7.375 ], "texture": "#texture" }
    }
},
{
    "__comment": "Gsword test2",
    "from": [ 9, 6.875, 3.5 ],
    "to": [ 9.125, 7, 3.875 ],
    "faces": {
        "down":  { "uv": [ 7, 3.875, 6.875, 3.5 ], "texture": "#texture" },
        "up":    { "uv": [ 9, 3.5, 9.125, 3.875 ], "texture": "#texture" },
        "north": { "uv": [ 9.125, 9, 9, 9.125 ], "texture": "#texture" },
        "west":  { "uv": [ 3.5, 9, 3.875, 9.125 ], "texture": "#texture" },
        "east":  { "uv": [ 3.875, 9, 3.5, 9.125 ], "texture": "#texture" }
    }
},
{
    "__comment": "Gsword test2",
    "from": [ 9, 6.75, 3.625 ],
    "to": [ 9.125, 6.875, 4 ],
    "faces": {
        "down":  { "uv": [ 7, 4, 6.875, 3.625 ], "texture": "#texture" },
        "up":    { "uv": [ 9, 3.625, 9.125, 4 ], "texture": "#texture" },
        "north": { "uv": [ 9.125, 9.125, 9, 9.25 ], "texture": "#texture" },
        "west":  { "uv": [ 3.625, 9.125, 4, 9.25 ], "texture": "#texture" },
        "east":  { "uv": [ 4, 9.125, 3.625, 9.25 ], "texture": "#texture" }
    }
},
{
    "__comment": "Gsword test2",
    "from": [ 9, 6.625, 3.75 ],
    "to": [ 9.125, 6.75, 4.125 ],
    "faces": {
        "down":  { "uv": [ 7, 4.125, 6.875, 3.75 ], "texture": "#texture" },
        "up":    { "uv": [ 9, 3.75, 9.125, 4.125 ], "texture": "#texture" },
        "north": { "uv": [ 9.125, 9.25, 9, 9.375 ], "texture": "#texture" },
        "west":  { "uv": [ 3.75, 9.25, 4.125, 9.375 ], "texture": "#texture" },
        "east":  { "uv": [ 4.125, 9.25, 3.75, 9.375 ], "texture": "#texture" }
    }
},
{
    "__comment": "Gsword test2",
    "from": [ 9, 6.5, 3.875 ],
    "to": [ 9.125, 6.625, 4.25 ],
    "faces": {
        "down":  { "uv": [ 7, 4.25, 6.875, 3.875 ], "texture": "#texture" },
        "up":    { "uv": [ 9, 3.875, 9.125, 4.25 ], "texture": "#texture" },
        "north": { "uv": [ 9.125, 9.375, 9, 9.5 ], "texture": "#texture" },
        "west":  { "uv": [ 3.875, 9.375, 4.25, 9.5 ], "texture": "#texture" },
        "east":  { "uv": [ 4.25, 9.375, 3.875, 9.5 ], "texture": "#texture" }
    }
},
{
    "__comment": "Gsword test2",
    "from": [ 9, 6.375, 4 ],
    "to": [ 9.125, 6.5, 4.375 ],
    "faces": {
        "down":  { "uv": [ 7, 4.375, 6.875, 4 ], "texture": "#texture" },
        "up":    { "uv": [ 9, 4, 9.125, 4.375 ], "texture": "#texture" },
        "north": { "uv": [ 9.125, 9.5, 9, 9.625 ], "texture": "#texture" },
        "west":  { "uv": [ 4, 9.5, 4.375, 9.625 ], "texture": "#texture" },
        "east":  { "uv": [ 4.375, 9.5, 4, 9.625 ], "texture": "#texture" }
    }
},
{
    "__comment": "Gsword test2",
    "from": [ 9, 6.25, 4.125 ],
    "to": [ 9.125, 6.375, 4.5 ],
    "faces": {
        "down":  { "uv": [ 7, 4.5, 6.875, 4.125 ], "texture": "#texture" },
        "up":    { "uv": [ 9, 4.125, 9.125, 4.5 ], "texture": "#texture" },
        "north": { "uv": [ 9.125, 9.625, 9, 9.75 ], "texture": "#texture" },
        "west":  { "uv": [ 4.125, 9.625, 4.5, 9.75 ], "texture": "#texture" },
        "east":  { "uv": [ 4.5, 9.625, 4.125, 9.75 ], "texture": "#texture" }
    }
},
{
    "__comment": "Gsword test2",
    "from": [ 9, 6.125, 4.25 ],
    "to": [ 9.125, 6.25, 4.625 ],
    "faces": {
        "down":  { "uv": [ 7, 4.625, 6.875, 4.25 ], "texture": "#texture" },
        "up":    { "uv": [ 9, 4.25, 9.125, 4.625 ], "texture": "#texture" },
        "north": { "uv": [ 9.125, 9.75, 9, 9.875 ], "texture": "#texture" },
        "west":  { "uv": [ 4.25, 9.75, 4.625, 9.875 ], "texture": "#texture" },
        "east":  { "uv": [ 4.625, 9.75, 4.25, 9.875 ], "texture": "#texture" }
    }
},
{
    "__comment": "Gsword test2",
    "from": [ 9, 6, 4.375 ],
    "to": [ 9.125, 6.125, 4.75 ],
    "faces": {
        "down":  { "uv": [ 7, 4.75, 6.875, 4.375 ], "texture": "#texture" },
        "up":    { "uv": [ 9, 4.375, 9.125, 4.75 ], "texture": "#texture" },
        "north": { "uv": [ 9.125, 9.875, 9, 10 ], "texture": "#texture" },
        "west":  { "uv": [ 4.375, 9.875, 4.75, 10 ], "texture": "#texture" },
        "east":  { "uv": [ 4.75, 9.875, 4.375, 10 ], "texture": "#texture" }
    }
},
{
    "__comment": "Gsword test2",
    "from": [ 9, 5.875, 4.5 ],
    "to": [ 9.125, 6, 4.875 ],
    "faces": {
        "down":  { "uv": [ 7, 4.875, 6.875, 4.5 ], "texture": "#texture" },
        "up":    { "uv": [ 9, 4.5, 9.125, 4.875 ], "texture": "#texture" },
        "north": { "uv": [ 9.125, 10, 9, 10.125 ], "texture": "#texture" },
        "west":  { "uv": [ 4.5, 10, 4.875, 10.125 ], "texture": "#texture" },
        "east":  { "uv": [ 4.875, 10, 4.5, 10.125 ], "texture": "#texture" }
    }
},
{
    "__comment": "Gsword test2",
    "from": [ 9, 5.75, 4.625 ],
    "to": [ 9.125, 5.875, 6.125 ],
    "faces": {
        "down":  { "uv": [ 7, 6.125, 6.875, 4.625 ], "texture": "#texture" },
        "up":    { "uv": [ 9, 4.625, 9.125, 6.125 ], "texture": "#texture" },
        "north": { "uv": [ 9.125, 10.125, 9, 10.25 ], "texture": "#texture" },
        "south": { "uv": [ 9, 10.125, 9.125, 10.25 ], "texture": "#texture" },
        "west":  { "uv": [ 4.625, 10.125, 6.125, 10.25 ], "texture": "#texture" },
        "east":  { "uv": [ 6.125, 10.125, 4.625, 10.25 ], "texture": "#texture" }
    }
},
{
    "__comment": "Gsword test2",
    "from": [ 9, 5.625, 4.75 ],
    "to": [ 9.125, 5.75, 5.625 ],
    "faces": {
        "down":  { "uv": [ 7, 5.625, 6.875, 4.75 ], "texture": "#texture" },
        "north": { "uv": [ 9.125, 10.25, 9, 10.375 ], "texture": "#texture" },
        "south": { "uv": [ 9, 10.25, 9.125, 10.375 ], "texture": "#texture" },
        "west":  { "uv": [ 4.75, 10.25, 5.625, 10.375 ], "texture": "#texture" },
        "east":  { "uv": [ 5.625, 10.25, 4.75, 10.375 ], "texture": "#texture" }
    }
},
{
    "__comment": "Gsword test2",
    "from": [ 9, 9.375, 4.875 ],
    "to": [ 9.125, 9.5, 12.125 ],
    "faces": {
        "west":  { "uv": [ 4.875, 6.5, 12.125, 6.625 ], "texture": "#texture" },
        "east":  { "uv": [ 12.125, 6.5, 4.875, 6.625 ], "texture": "#texture" }
    }
},
{
    "__comment": "Gsword test2",
    "from": [ 9, 9.625, 12 ],
    "to": [ 9.125, 9.75, 16 ],
    "faces": {
        "down":  { "uv": [ 7, 16, 6.875, 12 ], "texture": "#texture" },
        "up":    { "uv": [ 9, 12, 9.125, 16 ], "texture": "#texture" },
        "north": { "uv": [ 9.125, 6.25, 9, 6.375 ], "texture": "#texture" },
        "west":  { "uv": [ 12, 6.25, 16, 6.375 ], "texture": "#texture" },
        "east":  { "uv": [ 16, 6.25, 12, 6.375 ], "texture": "#texture" }
    }
},
{
    "__comment": "Gsword test2",
    "from": [ 9, 8.625, 13.125 ],
    "to": [ 9.125, 8.875, 14.375 ],
    "faces": {
        "north": { "uv": [ 9.125, 7.375, 9, 7.625 ], "texture": "#texture" },
        "south": { "uv": [ 9, 7.375, 9.125, 7.625 ], "texture": "#texture" },
        "west":  { "uv": [ 13.125, 7.125, 14.125, 7.375 ], "texture": "#texture" },
        "east":  { "uv": [ 14.125, 7.125, 13.125, 7.375 ], "texture": "#texture" }
    }
},
{
    "__comment": "Gsword test2",
    "from": [ 9.125, 7.25, 3.375 ],
    "to": [ 9.25, 7.375, 3.5 ],
    "faces": {
        "down":  { "uv": [ 6.875, 3.5, 6.75, 3.375 ], "texture": "#texture" },
        "north": { "uv": [ 9.25, 8.625, 9.125, 8.75 ], "texture": "#texture" },
        "east":  { "uv": [ 3.5, 8.625, 3.375, 8.75 ], "texture": "#texture" }
    }
},
{
    "__comment": "Gsword test2",
    "from": [ 9.125, 6.625, 4.125 ],
    "to": [ 9.25, 6.75, 11 ],
    "faces": {
        "down":  { "uv": [ 6.875, 11, 6.75, 4.125 ], "texture": "#texture" },
        "north": { "uv": [ 9.25, 9.25, 9.125, 9.375 ], "texture": "#texture" },
        "south": { "uv": [ 9.125, 9.25, 9.25, 9.375 ], "texture": "#texture" },
        "east":  { "uv": [ 11, 9.25, 4.125, 9.375 ], "texture": "#texture" }
    }
},
{
    "__comment": "Gsword test2",
    "from": [ 9.125, 6.5, 4.25 ],
    "to": [ 9.25, 6.625, 9.625 ],
    "faces": {
        "down":  { "uv": [ 0.625, 15.625, 0.5, 10.25 ], "texture": "#texture" },
        "north": { "uv": [ 9.25, 9.375, 9.125, 9.5 ], "texture": "#texture" },
        "south": { "uv": [ 9.125, 9.375, 9.25, 9.5 ], "texture": "#texture" },
        "east":  { "uv": [ 9.625, 9.375, 4.25, 9.5 ], "texture": "#texture" }
    }
},
{
    "__comment": "Gsword test2",
    "from": [ 9.125, 6.375, 4.375 ],
    "to": [ 9.25, 6.5, 8.875 ],
    "faces": {
        "down":  { "uv": [ 0.625, 15.5, 0.5, 11 ], "texture": "#texture" },
        "north": { "uv": [ 9.25, 9.5, 9.125, 9.625 ], "texture": "#texture" },
        "south": { "uv": [ 9.125, 9.5, 9.25, 9.625 ], "texture": "#texture" },
        "east":  { "uv": [ 8.875, 9.5, 4.375, 9.625 ], "texture": "#texture" }
    }
},
{
    "__comment": "Gsword test2",
    "from": [ 9.125, 6.25, 4.5 ],
    "to": [ 9.25, 6.375, 7.875 ],
    "faces": {
        "down":  { "uv": [ 0.5, 15.625, 0.375, 12.25 ], "texture": "#texture" },
        "north": { "uv": [ 9.25, 9.625, 9.125, 9.75 ], "texture": "#texture" },
        "south": { "uv": [ 9.125, 9.625, 9.25, 9.75 ], "texture": "#texture" },
        "east":  { "uv": [ 7.875, 9.625, 4.5, 9.75 ], "texture": "#texture" }
    }
},
{
    "__comment": "Gsword test2",
    "from": [ 9.125, 6.125, 4.625 ],
    "to": [ 9.25, 6.25, 7.125 ],
    "faces": {
        "down":  { "uv": [ 0.5, 15.5, 0.375, 13 ], "texture": "#texture" },
        "north": { "uv": [ 9.25, 9.75, 9.125, 9.875 ], "texture": "#texture" },
        "south": { "uv": [ 9.125, 9.75, 9.25, 9.875 ], "texture": "#texture" },
        "east":  { "uv": [ 7.125, 9.75, 4.625, 9.875 ], "texture": "#texture" }
    }
},
{
    "__comment": "Gsword test2",
    "from": [ 9.125, 6, 4.75 ],
    "to": [ 9.25, 6.125, 6.375 ],
    "faces": {
        "down":  { "uv": [ 6.875, 6.375, 6.75, 4.75 ], "texture": "#texture" },
        "north": { "uv": [ 9.25, 9.875, 9.125, 10 ], "texture": "#texture" },
        "south": { "uv": [ 9.125, 9.875, 9.25, 10 ], "texture": "#texture" },
        "east":  { "uv": [ 6.375, 9.875, 4.75, 10 ], "texture": "#texture" }
    }
},
{
    "__comment": "Gsword test2",
    "from": [ 9.125, 5.875, 4.875 ],
    "to": [ 9.25, 6, 5.75 ],
    "faces": {
        "down":  { "uv": [ 6.875, 5.75, 6.75, 4.875 ], "texture": "#texture" },
        "north": { "uv": [ 9.25, 10, 9.125, 10.125 ], "texture": "#texture" },
        "south": { "uv": [ 9.125, 10, 9.25, 10.125 ], "texture": "#texture" },
        "east":  { "uv": [ 5.75, 10, 4.875, 10.125 ], "texture": "#texture" }
    }
},
{
    "__comment": "Gsword test2",
    "from": [ 9.125, 5.75, 5 ],
    "to": [ 9.25, 5.875, 5.125 ],
    "faces": {
        "down":  { "uv": [ 6.875, 5.125, 6.75, 5 ], "texture": "#texture" },
        "north": { "uv": [ 9.25, 10.125, 9.125, 10.25 ], "texture": "#texture" },
        "south": { "uv": [ 9.125, 10.125, 9.25, 10.25 ], "texture": "#texture" },
        "east":  { "uv": [ 5.125, 10.125, 5, 10.25 ], "texture": "#texture" }
    }
},
{
    "__comment": "Gsword test2",
    "from": [ 9.125, 9.375, 14.75 ],
    "to": [ 9.25, 9.5, 16 ],
    "faces": {
        "up":    { "uv": [ 9.125, 14.75, 9.25, 16 ], "texture": "#texture" },
        "north": { "uv": [ 9.25, 6.5, 9.125, 6.625 ], "texture": "#texture" },
        "east":  { "uv": [ 16, 6.5, 14.75, 6.625 ], "texture": "#texture" }
    }
},
{
    "__comment": "Gsword test2",
    "from": [ 9.125, 6.625, 15.625 ],
    "to": [ 9.25, 6.75, 16 ],
    "faces": {
        "down":  { "uv": [ 6.875, 16, 6.75, 15.625 ], "texture": "#texture" },
        "north": { "uv": [ 9.25, 9.25, 9.125, 9.375 ], "texture": "#texture" },
        "east":  { "uv": [ 16, 9.25, 15.625, 9.375 ], "texture": "#texture" }
    }
},
{
    "__comment": "Gsword test2",
    "from": [ 8.45, 5.825, 17.25 ],
    "to": [ 9.7, 10.325, 17.5 ],
    "faces": {
        "down":  { "uv": [ 15.875, 14.5, 14.625, 14.25 ], "texture": "#texture" },
        "up":    { "uv": [ 14.625, 10.125, 15.875, 10.375 ], "texture": "#texture" },
        "north": { "uv": [ 15.875, 10, 14.5, 14.75 ], "texture": "#texture" },
        "south": { "uv": [ 14.375, 10, 16, 14.75 ], "texture": "#texture" },
        "west":  { "uv": [ 11.25, 0.875, 11.5, 5.375 ], "texture": "#texture" },
        "east":  { "uv": [ 11.5, 0.875, 11.25, 5.375 ], "texture": "#texture" }
    }
},
{
    "__comment": "Gsword test2",
    "from": [ 8.575, 6.2, 16 ],
    "to": [ 9.575, 9.95, 17.25 ],
    "faces": {
        "down":  { "uv": [ 15.75, 14, 14.75, 12.75 ], "texture": "#texture" },
        "up":    { "uv": [ 14.5, 9.875, 16, 14.75 ], "texture": "#texture" },
        "north": { "uv": [ 15.875, 10, 14.5, 14.75 ], "texture": "#texture" },
        "west":  { "uv": [ 10, 1.375, 11.25, 5 ], "texture": "#texture" },
        "east":  { "uv": [ 11.25, 1.375, 10, 5 ], "texture": "#texture" }
    }
},
{
    "__comment": "Gsword test2",
    "from": [ 8.575, 6.075, 16.125 ],
    "to": [ 9.575, 6.2, 17.25 ],
    "faces": {
        "down":  { "uv": [ 11.25, 2.5, 10.125, 4 ], "rotation": 90, "texture": "#texture" },
        "up":    { "uv": [ 8.5625, 16, 9.5625, 16 ], "texture": "#texture" },
        "north": { "uv": [ 15.75, 14.25, 14.75, 14.375 ], "texture": "#texture" },
        "west":  { "uv": [ 10, 5.25, 11.5, 5.5 ], "texture": "#texture" },
        "east":  { "uv": [ 11.5, 5.25, 10, 5.5 ], "texture": "#texture" }
    }
},
{
    "__comment": "Gsword test2",
    "from": [ 8.575, 9.95, 16.125 ],
    "to": [ 9.575, 10.075, 17.25 ],
    "faces": {
        "down":  { "uv": [ 7.375, 16, 6.375, 16 ], "texture": "#texture" },
        "up":    { "uv": [ 10.125, 2.25, 11.25, 3.5 ], "rotation": 90, "texture": "#texture" },
        "north": { "uv": [ 15.625, 10, 14.625, 10.125 ], "texture": "#texture" },
        "west":  { "uv": [ 10, 0.75, 11.375, 1 ], "texture": "#texture" },
        "east":  { "uv": [ 11.5, 0.75, 10, 1 ], "texture": "#texture" }
    }
},
{
    "__comment": "Gsword test2",
    "from": [ 8.575, 5.95, 16.75 ],
    "to": [ 9.575, 6.075, 17.25 ],
    "faces": {
        "down":  { "uv": [ 15.75, 13.875, 14.75, 14.375 ], "texture": "#texture" },
        "up":    { "uv": [ 8.5625, 16, 9.5625, 16 ], "texture": "#texture" },
        "north": { "uv": [ 15.75, 14, 14.75, 14.125 ], "texture": "#texture" },
        "west":  { "uv": [ 14.75, 14.375, 15.875, 14.75 ], "texture": "#texture" },
        "east":  { "uv": [ 14.75, 14.375, 15.75, 14.75 ], "texture": "#texture" }
    }
},
{
    "__comment": "Gsword test2",
    "from": [ 8.575, 10.075, 16.75 ],
    "to": [ 9.575, 10.2, 17.25 ],
    "faces": {
        "down":  { "uv": [ 7.375, 16, 6.375, 16 ], "texture": "#texture" },
        "up":    { "uv": [ 14.375, 10.5, 16, 11.5 ], "texture": "#texture" },
        "north": { "uv": [ 15.625, 11.25, 14.625, 11.375 ], "texture": "#texture" },
        "west":  { "uv": [ 10.75, 0.75, 11.375, 0.875 ], "texture": "#texture" },
        "east":  { "uv": [ 10.625, 0.75, 11.5, 1 ], "texture": "#texture" }
    }
},
{
    "__comment": "Gsword test2",
    "from": [ 8.575, 7.075, 18 ],
    "to": [ 9.575, 9.575, 18.125 ],
    "faces": {
        "down":  { "uv": [ 6.5, 8, 5.75, 8.25 ], "texture": "#texture" },
        "up":    { "uv": [ 5.375, 8, 6.375, 8.25 ], "texture": "#texture" },
        "north": { "uv": [ 9.5625, 6.375, 8.5625, 8.875 ], "texture": "#texture" },
        "south": { "uv": [ 8.25, 8.25, 10.5, 9 ], "rotation": 90, "texture": "#texture" },
        "west":  { "uv": [ 6, 7.875, 6.25, 9.75 ], "texture": "#texture" },
        "east":  { "uv": [ 5.875, 7.75, 6.125, 9.75 ], "texture": "#texture" }
    }
},
{
    "__comment": "Gsword test2",
    "from": [ 8.575, 8.2, 21 ],
    "to": [ 9.575, 8.575, 21.25 ],
    "faces": {
        "down":  { "uv": [ 14.375, 2.875, 13.375, 2.625 ], "texture": "#texture" },
        "up":    { "uv": [ 15, 2.5, 15.25, 3.125 ], "rotation": 90, "texture": "#texture" },
        "north": { "uv": [ 13.375, 2.625, 12.375, 3 ], "texture": "#texture" },
        "south": { "uv": [ 12.875, 2.625, 13.25, 3 ], "texture": "#texture" },
        "west":  { "uv": [ 15, 2.625, 15.25, 3 ], "texture": "#texture" },
        "east":  { "uv": [ 13, 2.625, 13.25, 3 ], "texture": "#texture" }
    }
},
{
    "__comment": "Gsword test2",
    "from": [ 8.7, 7.2, 17.5 ],
    "to": [ 9.45, 9.45, 18 ],
    "faces": {
        "down":  { "uv": [ 12, 2.125, 11.5, 3.5 ], "rotation": 90, "texture": "#texture" },
        "up":    { "uv": [ 11.5, 2.375, 11.875, 3.5 ], "rotation": 90, "texture": "#texture" },
        "west":  { "uv": [ 11.5, 1.75, 12, 4 ], "texture": "#texture" },
        "east":  { "uv": [ 12, 1.875, 11.5, 4 ], "texture": "#texture" }
    }
},
{
    "__comment": "Gsword test2",
    "from": [ 8.7, 8.2, 18.125 ],
    "to": [ 9.45, 8.575, 21 ],
    "faces": {
        "down":  { "uv": [ 12.125, 3, 15.125, 2.5 ], "rotation": 90, "texture": "#texture" },
        "up":    { "uv": [ 12.125, 2.5, 15, 3.125 ], "rotation": 90, "texture": "#texture" },
        "south": { "uv": [ 12, 2.625, 12.75, 3 ], "texture": "#texture" },
        "west":  { "uv": [ 12.125, 2.625, 15, 3 ], "texture": "#texture" },
        "east":  { "uv": [ 15, 2.625, 12.125, 3 ], "texture": "#texture" }
    }
},
{
    "__comment": "Gsword test2",
    "from": [ 8.7, 8.075, 21 ],
    "to": [ 9.45, 8.2, 21.125 ],
    "faces": {
        "down":  { "uv": [ 13.75, 2.5, 13, 3 ], "texture": "#texture" },
        "up":    { "uv": [ 8.6875, 16, 9.4375, 16 ], "texture": "#texture" },
        "north": { "uv": [ 9.4375, 7.75, 8.6875, 7.875 ], "texture": "#texture" },
        "south": { "uv": [ 12.25, 2.75, 13, 2.875 ], "texture": "#texture" },
        "west":  { "uv": [ 13.125, 2.625, 13.5, 3 ], "texture": "#texture" },
        "east":  { "uv": [ 12.25, 2.5, 12.375, 3 ], "texture": "#texture" }
    }
},
{
    "__comment": "Gsword test2",
    "from": [ 8.7, 8.575, 21 ],
    "to": [ 9.45, 8.7, 21.25 ],
    "faces": {
        "down":  { "uv": [ 4, 15.25, 3.25, 15 ], "texture": "#texture" },
        "up":    { "uv": [ 15, 2.5, 15.25, 3.125 ], "rotation": 90, "texture": "#texture" },
        "north": { "uv": [ 12.75, 2.5, 12, 2.625 ], "texture": "#texture" },
        "south": { "uv": [ 12.375, 2.625, 12.75, 3 ], "texture": "#texture" },
        "west":  { "uv": [ 15, 2.5, 15.25, 2.625 ], "texture": "#texture" },
        "east":  { "uv": [ 15.25, 2.5, 15, 2.625 ], "texture": "#texture" }
    }
},
{
    "__comment": "Gsword test2",
    "from": [ 8.7, 8.2, 21.25 ],
    "to": [ 9.45, 8.575, 21.375 ],
    "faces": {
        "down":  { "uv": [ 11.25, 2.875, 10.5, 3.375 ], "texture": "#texture" },
        "up":    { "uv": [ 10.625, 2.75, 11.375, 3.25 ], "texture": "#texture" },
        "north": { "uv": [ 9.4375, 7.375, 8.6875, 7.75 ], "texture": "#texture" },
        "south": { "uv": [ 10.625, 2.625, 11.375, 3.25 ], "texture": "#texture" },
        "west":  { "uv": [ 10.75, 2.875, 11.25, 3.375 ], "texture": "#texture" },
        "east":  { "uv": [ 10.75, 2.875, 11.25, 3.375 ], "texture": "#texture" }
    }
},
{
    "__comment": "Gsword test2",
    "from": [ 8.825, 8.075, 18.125 ],
    "to": [ 9.325, 8.2, 21 ],
    "faces": {
        "down":  { "uv": [ 12.125, 2.5, 15, 3.125 ], "rotation": 270, "texture": "#texture" },
        "up":    { "uv": [ 8.8125, 16, 9.3125, 16 ], "texture": "#texture" },
        "south": { "uv": [ 8.8125, 7.75, 9.3125, 7.875 ], "texture": "#texture" },
        "west":  { "uv": [ 12.125, 2.5, 15, 3.125 ], "texture": "#texture" },
        "east":  { "uv": [ 15, 2.625, 12.125, 3.125 ], "texture": "#texture" }
    }
},
{
    "__comment": "Gsword test2",
    "from": [ 8.825, 8.575, 18.125 ],
    "to": [ 9.325, 8.7, 21 ],
    "faces": {
        "down":  { "uv": [ 3.875, 15, 3.375, 12.125 ], "texture": "#texture" },
        "up":    { "uv": [ 12.125, 2.5, 15, 3.125 ], "rotation": 90, "texture": "#texture" },
        "south": { "uv": [ 12.125, 2.5, 12.625, 2.625 ], "texture": "#texture" },
        "west":  { "uv": [ 12.125, 2.5, 15, 2.625 ], "texture": "#texture" },
        "east":  { "uv": [ 15, 2.5, 12.125, 2.625 ], "texture": "#texture" }
    }
},
{
    "__comment": "Gsword test2",
    "from": [ 8.825, 7.95, 21 ],
    "to": [ 9.325, 8.075, 21.25 ],
    "faces": {
        "down":  { "uv": [ 13.875, 2.625, 13.375, 3.125 ], "texture": "#texture" },
        "up":    { "uv": [ 8.8125, 16, 9.3125, 16 ], "texture": "#texture" },
        "north": { "uv": [ 9.3125, 7.875, 8.8125, 8 ], "texture": "#texture" },
        "south": { "uv": [ 12.375, 2.625, 12.625, 3.125 ], "rotation": 90, "texture": "#texture" },
        "west":  { "uv": [ 12.5, 2.75, 12.875, 2.875 ], "texture": "#texture" },
        "east":  { "uv": [ 13, 2.5, 13.25, 3 ], "texture": "#texture" }
    }
},
{
    "__comment": "Gsword test2",
    "from": [ 8.825, 8.7, 21 ],
    "to": [ 9.325, 8.825, 21.25 ],
    "faces": {
        "down":  { "uv": [ 3.875, 15.25, 3.375, 15 ], "texture": "#texture" },
        "up":    { "uv": [ 15, 2.375, 15.25, 3.125 ], "rotation": 90, "texture": "#texture" },
        "north": { "uv": [ 12.625, 2.375, 12.125, 2.5 ], "texture": "#texture" },
        "south": { "uv": [ 12.375, 2.375, 12.875, 2.5 ], "texture": "#texture" },
        "west":  { "uv": [ 15, 2.375, 15.25, 2.5 ], "texture": "#texture" },
        "east":  { "uv": [ 15.25, 2.375, 15, 2.5 ], "texture": "#texture" }
    }
},
{
    "__comment": "Gsword test2",
    "from": [ 8.825, 8.075, 21.125 ],
    "to": [ 9.325, 8.2, 21.375 ],
    "faces": {
        "down":  { "uv": [ 11.25, 2.75, 10.75, 3.25 ], "texture": "#texture" },
        "up":    { "uv": [ 10.75, 2.875, 11.25, 3.375 ], "texture": "#texture" },
        "north": { "uv": [ 9.3125, 7.75, 8.8125, 7.875 ], "texture": "#texture" },
        "south": { "uv": [ 10.75, 2.875, 11.25, 3.375 ], "texture": "#texture" },
        "west":  { "uv": [ 10.75, 2.875, 11.25, 3.375 ], "texture": "#texture" },
        "east":  { "uv": [ 10.75, 3, 11.25, 3.5 ], "texture": "#texture" }
    }
},
{
    "__comment": "Gsword test2",
    "from": [ 8.825, 8.575, 21.25 ],
    "to": [ 9.325, 8.7, 21.375 ],
    "faces": {
        "down":  { "uv": [ 11.25, 2.75, 10.75, 3.25 ], "texture": "#texture" },
        "up":    { "uv": [ 10.75, 2.875, 11.25, 3.375 ], "texture": "#texture" },
        "north": { "uv": [ 9.3125, 7.25, 8.8125, 7.375 ], "texture": "#texture" },
        "south": { "uv": [ 10.75, 2.875, 11.25, 3.375 ], "texture": "#texture" },
        "west":  { "uv": [ 10.75, 2.875, 11.25, 3.375 ], "texture": "#texture" },
        "east":  { "uv": [ 10.75, 2.875, 11.25, 3.375 ], "texture": "#texture" }
    }
},
{
    "__comment": "Gsword test2",
    "from": [ 9.325, 8.075, 21.125 ],
    "to": [ 9.45, 8.2, 21.25 ],
    "faces": {
        "down":  { "uv": [ 13.375, 2.5, 13.875, 3 ], "texture": "#texture" },
        "up":    { "uv": [ 9.3125, 16, 9.4375, 16 ], "texture": "#texture" },
        "north": { "uv": [ 9.4375, 7.75, 9.3125, 7.875 ], "texture": "#texture" },
        "south": { "uv": [ 12.5, 2.75, 12.75, 3 ], "texture": "#texture" },
        "west":  { "uv": [ 16, 7.75, 16, 7.875 ], "texture": "#texture" },
        "east":  { "uv": [ 12.375, 2.5, 12.875, 3 ], "texture": "#texture" }
    }
}
],
"display": {
    "thirdperson_righthand": {
        "rotation": [ 94, 0, -10 ],
        "translation": [ -2.08, 18.52, 3.02 ],
        "scale": [ 1.8, 1.8, 1.8 ]
    },
    "thirdperson_lefthand": {
        "rotation": [ 94, 0, -10 ],
        "translation": [ -2.08, 18.52, 3.02 ],
        "scale": [ 1.8, 1.8, 1.8 ]
    },
    "ground": {
        "rotation": [ 90, 0, 0 ],
        "translation": [ 0, 0, 0 ],
        "scale": [ 1, 1, 1 ]
    },
    "fixed": {
        "rotation": [ 90, 0, 90 ],
        "translation": [ 0, 3.4, -2.5 ],
        "scale": [ 2, 2, 2 ]
    },
    "firstperson_righthand": {
        "rotation": [ 91, -7, -14 ],
        "translation": [ 15.87, 13.61, -16.63 ],
        "scale": [ 2.5, 2.5, 2.5 ]
    },
    "firstperson_lefthand": {
        "rotation": [ 91, -7, -9 ],
        "translation": [ -18.33, 13.61, -16.63 ],
        "scale": [ 2.5, 2.5, 2.5 ]
    },
    "gui": {
        "rotation": [ 71, -38, 78 ],
        "translation": [ 2.27, 1.7, 1.9 ],
        "scale": [ 1.2, 1.2, 1.2 ]
    }
}
}