{
"__comment": "Designed by Mechanan with BDcraft Cubik PRO 0.95 Beta - http://bdcraft.net",
"textures": {
    "texture": "items/t_knife"
},
"elements": [ 
{
    "__comment": "T_Knife",
    "from": [ 7.25, 0.25, 7.25 ],
    "to": [ 8.75, 0.375, 7.875 ],
    "faces": {
        "down":  { "uv": [ 1.5, 16, 0, 15.375 ], "texture": "#texture" },
        "up":    { "uv": [ 0, 15.375, 1.5, 16 ], "texture": "#texture" },
        "north": { "uv": [ 7.25, 15.625, 8.75, 15.75 ], "texture": "#texture" },
        "south": { "uv": [ 7.25, 15.625, 8.75, 15.75 ], "texture": "#texture" },
        "west":  { "uv": [ 7.25, 15.625, 7.875, 15.75 ], "texture": "#texture" },
        "east":  { "uv": [ 8.125, 15.625, 8.75, 15.75 ], "texture": "#texture" }
    }
},
{
    "__comment": "T_Knife",
    "from": [ 7.25, 0.125, 7.625 ],
    "to": [ 8.75, 0.25, 8.5 ],
    "faces": {
        "down":  { "uv": [ 1.5, 16, 0, 15.375 ], "texture": "#texture" },
        "up":    { "uv": [ 0, 15.375, 1.5, 16 ], "texture": "#texture" },
        "north": { "uv": [ 7.25, 15.75, 8.75, 15.875 ], "texture": "#texture" },
        "south": { "uv": [ 7.25, 15.75, 8.75, 15.875 ], "texture": "#texture" },
        "west":  { "uv": [ 7.625, 15.75, 8.5, 15.875 ], "texture": "#texture" },
        "east":  { "uv": [ 7.5, 15.75, 8.375, 15.875 ], "texture": "#texture" }
    }
},
{
    "__comment": "T_Knife",
    "from": [ 7.25, 0, 8.5 ],
    "to": [ 8.75, 0.125, 8.625 ],
    "faces": {
        "down":  { "uv": [ 8.625, 16, 7.125, 15.875 ], "texture": "#texture" },
        "up":    { "uv": [ 6.875, 15.875, 8.375, 16 ], "texture": "#texture" },
        "north": { "uv": [ 7.25, 15.875, 8.75, 16 ], "texture": "#texture" },
        "south": { "uv": [ 7.25, 15.875, 8.75, 16 ], "texture": "#texture" },
        "west":  { "uv": [ 8.5, 15.875, 8.625, 16 ], "texture": "#texture" },
        "east":  { "uv": [ 7.375, 15.875, 7.5, 16 ], "texture": "#texture" }
    }
},
{
    "__comment": "T_Knife",
    "from": [ 7.375, 0.25, 7 ],
    "to": [ 8.625, 0.375, 7.25 ],
    "faces": {
        "down":  { "uv": [ 1.25, 16, 0, 15.75 ], "texture": "#texture" },
        "up":    { "uv": [ 0, 15.75, 1.25, 16 ], "texture": "#texture" },
        "north": { "uv": [ 7.375, 15.625, 8.625, 15.75 ], "texture": "#texture" },
        "south": { "uv": [ 7.375, 15.625, 8.625, 15.75 ], "texture": "#texture" },
        "west":  { "uv": [ 7, 15.625, 7.25, 15.75 ], "texture": "#texture" },
        "east":  { "uv": [ 8.75, 15.625, 9, 15.75 ], "texture": "#texture" }
    }
},
{
    "__comment": "T_Knife",
    "from": [ 7.375, 0.375, 7.25 ],
    "to": [ 8.625, 0.5, 7.75 ],
    "faces": {
        "down":  { "uv": [ 1.25, 16, 0, 15.5 ], "texture": "#texture" },
        "up":    { "uv": [ 0, 15.5, 1.25, 16 ], "texture": "#texture" },
        "north": { "uv": [ 7.375, 15.5, 8.625, 15.625 ], "texture": "#texture" },
        "south": { "uv": [ 7.375, 15.5, 8.625, 15.625 ], "texture": "#texture" },
        "west":  { "uv": [ 7.25, 15.5, 7.75, 15.625 ], "texture": "#texture" },
        "east":  { "uv": [ 8.25, 15.5, 8.75, 15.625 ], "texture": "#texture" }
    }
},
{
    "__comment": "T_Knife",
    "from": [ 7.375, 0.25, 7.875 ],
    "to": [ 8.625, 0.375, 8.375 ],
    "faces": {
        "down":  { "uv": [ 1.25, 16, 0, 15.5 ], "texture": "#texture" },
        "up":    { "uv": [ 0.5, 15.5, 1.75, 16 ], "texture": "#texture" },
        "north": { "uv": [ 7.375, 15.625, 8.625, 15.75 ], "texture": "#texture" },
        "south": { "uv": [ 7.375, 15.625, 8.625, 15.75 ], "texture": "#texture" },
        "west":  { "uv": [ 7.875, 15.625, 8.375, 15.75 ], "texture": "#texture" },
        "east":  { "uv": [ 7.625, 15.625, 8.125, 15.75 ], "texture": "#texture" }
    }
},
{
    "__comment": "T_Knife",
    "from": [ 7.375, 0.125, 8.5 ],
    "to": [ 8.625, 0.25, 8.625 ],
    "faces": {
        "down":  { "uv": [ 8.25, 15.875, 7, 15.75 ], "texture": "#texture" },
        "up":    { "uv": [ 7.125, 15.875, 8.375, 16 ], "texture": "#texture" },
        "north": { "uv": [ 7.375, 15.75, 8.625, 15.875 ], "texture": "#texture" },
        "south": { "uv": [ 7.375, 15.75, 8.625, 15.875 ], "texture": "#texture" },
        "west":  { "uv": [ 8.5, 15.75, 8.625, 15.875 ], "texture": "#texture" },
        "east":  { "uv": [ 7.375, 15.75, 7.5, 15.875 ], "texture": "#texture" }
    }
},
{
    "__comment": "T_Knife",
    "from": [ 7.375, 0, 8.625 ],
    "to": [ 8.625, 0.125, 8.75 ],
    "faces": {
        "down":  { "uv": [ 8.375, 16, 7.125, 15.875 ], "texture": "#texture" },
        "up":    { "uv": [ 7.25, 15.875, 8.5, 16 ], "texture": "#texture" },
        "north": { "uv": [ 7.375, 15.875, 8.625, 16 ], "texture": "#texture" },
        "south": { "uv": [ 7.375, 15.875, 8.625, 16 ], "texture": "#texture" },
        "west":  { "uv": [ 8.625, 15.875, 8.75, 16 ], "texture": "#texture" },
        "east":  { "uv": [ 7.25, 15.875, 7.375, 16 ], "texture": "#texture" }
    }
},
{
    "__comment": "T_Knife",
    "from": [ 7.5, 6.875, 6.5 ],
    "to": [ 8.5, 7, 8.25 ],
    "faces": {
        "down":  { "uv": [ 8.75, 9.375, 7.75, 7.625 ], "rotation": 180, "texture": "#texture" },
        "up":    { "uv": [ 8.625, 8.625, 9.375, 9.625 ], "texture": "#texture" },
        "north": { "uv": [ 7.5, 9, 8.5, 9.125 ], "texture": "#texture" },
        "south": { "uv": [ 7.5, 9, 8.5, 9.125 ], "texture": "#texture" },
        "west":  { "uv": [ 6.5, 9, 8.25, 9.125 ], "texture": "#texture" },
        "east":  { "uv": [ 7.75, 9, 9.5, 9.125 ], "texture": "#texture" }
    }
},
{
    "__comment": "T_Knife",
    "from": [ 7.5, 7, 6.5 ],
    "to": [ 8.5, 7.25, 6.75 ],
    "faces": {
        "down":  { "uv": [ 8.375, 9.375, 7.375, 9.125 ], "texture": "#texture" },
        "up":    { "uv": [ 7.75, 9.125, 8.75, 9.375 ], "texture": "#texture" },
        "north": { "uv": [ 7.375, 9, 8.375, 9.25 ], "texture": "#texture" },
        "south": { "uv": [ 7.5, 9.125, 8.5, 9.375 ], "texture": "#texture" },
        "west":  { "uv": [ 6.5, 8.75, 6.75, 9 ], "texture": "#texture" },
        "east":  { "uv": [ 9.25, 8.75, 9.5, 9 ], "texture": "#texture" }
    }
},
{
    "__comment": "T_Knife",
    "from": [ 7.5, 6.75, 6.625 ],
    "to": [ 8.5, 6.875, 8.75 ],
    "faces": {
        "down":  { "uv": [ 8.75, 9.25, 7.75, 7.125 ], "rotation": 180, "texture": "#texture" },
        "up":    { "uv": [ 8, 7.375, 9, 9.5 ], "texture": "#texture" },
        "north": { "uv": [ 7.5, 9.125, 8.5, 9.25 ], "texture": "#texture" },
        "south": { "uv": [ 7.5, 9.125, 8.5, 9.25 ], "texture": "#texture" },
        "west":  { "uv": [ 6.625, 9.125, 8.75, 9.25 ], "texture": "#texture" },
        "east":  { "uv": [ 7.25, 9.125, 9.375, 9.25 ], "texture": "#texture" }
    }
},
{
    "__comment": "T_Knife",
    "from": [ 7.5, 6.625, 6.75 ],
    "to": [ 8.5, 6.75, 9 ],
    "faces": {
        "down":  { "uv": [ 9.375, 9.625, 8.875, 8.625 ], "texture": "#texture" },
        "up":    { "uv": [ 8.625, 8.625, 9.25, 9.625 ], "texture": "#texture" },
        "north": { "uv": [ 7.5, 9.25, 8.5, 9.375 ], "texture": "#texture" },
        "south": { "uv": [ 7.5, 9.25, 8.5, 9.375 ], "texture": "#texture" },
        "west":  { "uv": [ 6.75, 9.25, 9, 9.375 ], "texture": "#texture" },
        "east":  { "uv": [ 7, 9.25, 9.25, 9.375 ], "texture": "#texture" }
    }
},
{
    "__comment": "T_Knife",
    "from": [ 7.5, 0.25, 6.875 ],
    "to": [ 8.5, 0.375, 7 ],
    "faces": {
        "down":  { "uv": [ 3.5, 15.625, 2.5, 15.5 ], "texture": "#texture" },
        "up":    { "uv": [ 2, 15.875, 3, 16 ], "texture": "#texture" },
        "north": { "uv": [ 7.5, 15.625, 8.5, 15.75 ], "texture": "#texture" },
        "south": { "uv": [ 7.5, 15.625, 8.5, 15.75 ], "texture": "#texture" },
        "west":  { "uv": [ 6.875, 15.625, 7, 15.75 ], "texture": "#texture" },
        "east":  { "uv": [ 9, 15.625, 9.125, 15.75 ], "texture": "#texture" }
    }
},
{
    "__comment": "T_Knife",
    "from": [ 7.5, 0.375, 7 ],
    "to": [ 8.5, 0.5, 7.25 ],
    "faces": {
        "down":  { "uv": [ 4.5, 16, 3.5, 15.75 ], "texture": "#texture" },
        "up":    { "uv": [ 2.25, 15.75, 3.25, 16 ], "texture": "#texture" },
        "north": { "uv": [ 7.5, 15.5, 8.5, 15.625 ], "texture": "#texture" },
        "south": { "uv": [ 7.5, 15.5, 8.5, 15.625 ], "texture": "#texture" },
        "west":  { "uv": [ 7, 15.5, 7.25, 15.625 ], "texture": "#texture" },
        "east":  { "uv": [ 8.75, 15.5, 9, 15.625 ], "texture": "#texture" }
    }
},
{
    "__comment": "T_Knife",
    "from": [ 7.5, 6.5, 7.25 ],
    "to": [ 8.5, 6.625, 9.375 ],
    "faces": {
        "down":  { "uv": [ 9.375, 9.5, 8.875, 8.625 ], "texture": "#texture" },
        "up":    { "uv": [ 8.625, 8.625, 9.25, 9.625 ], "texture": "#texture" },
        "north": { "uv": [ 7.5, 9.375, 8.5, 9.5 ], "texture": "#texture" },
        "south": { "uv": [ 7.5, 9.375, 8.5, 9.5 ], "texture": "#texture" },
        "west":  { "uv": [ 7.25, 9.375, 9.375, 9.5 ], "texture": "#texture" },
        "east":  { "uv": [ 6.625, 9.375, 8.75, 9.5 ], "texture": "#texture" }
    }
},
{
    "__comment": "T_Knife",
    "from": [ 7.75, 7, 7.25 ],
    "to": [ 8.25, 7.125, 7.375 ],
    "faces": {
        "down":  { "uv": [ 8.25, 7.375, 7.75, 7.25 ], "texture": "#texture" },
        "up":    { "uv": [ 7.75, 7.25, 8.25, 7.375 ], "texture": "#texture" },
        "north": { "uv": [ 7.5, 8.75, 8, 8.875 ], "texture": "#texture" },
        "south": { "uv": [ 7.625, 8.625, 8.125, 8.75 ], "texture": "#texture" },
        "west":  { "uv": [ 7.375, 8.75, 7.5, 8.875 ], "texture": "#texture" },
        "east":  { "uv": [ 8, 8.75, 8.125, 8.875 ], "texture": "#texture" }
    }
},
{
    "__comment": "T_Knife",
    "from": [ 7.5, 0.5, 7.375 ],
    "to": [ 8.5, 0.625, 8.125 ],
    "faces": {
        "down":  { "uv": [ 4.25, 16, 3.25, 15.25 ], "texture": "#texture" },
        "up":    { "uv": [ 4, 15.25, 5, 16 ], "texture": "#texture" },
        "north": { "uv": [ 7.5, 15.375, 8.5, 15.5 ], "texture": "#texture" },
        "south": { "uv": [ 7.5, 15.375, 8.5, 15.5 ], "texture": "#texture" },
        "west":  { "uv": [ 7.375, 15.375, 8.125, 15.5 ], "texture": "#texture" },
        "east":  { "uv": [ 7.875, 15.375, 8.625, 15.5 ], "texture": "#texture" }
    }
},
{
    "__comment": "T_Knife",
    "from": [ 7.5, 0.625, 7.5 ],
    "to": [ 8.5, 0.75, 7.625 ],
    "faces": {
        "down":  { "uv": [ 3.75, 16, 2.75, 15.875 ], "texture": "#texture" },
        "up":    { "uv": [ 3.375, 15.875, 4.375, 16 ], "texture": "#texture" },
        "north": { "uv": [ 7.5, 15.25, 8.5, 15.375 ], "texture": "#texture" },
        "south": { "uv": [ 7.5, 15.25, 8.5, 15.375 ], "texture": "#texture" },
        "west":  { "uv": [ 7.5, 15.25, 7.625, 15.375 ], "texture": "#texture" },
        "east":  { "uv": [ 8.375, 15.25, 8.5, 15.375 ], "texture": "#texture" }
    }
},
{
    "__comment": "T_Knife",
    "from": [ 7.5, 0.375, 7.75 ],
    "to": [ 8.5, 0.5, 8.375 ],
    "faces": {
        "down":  { "uv": [ 8.125, 16, 7.125, 15.375 ], "texture": "#texture" },
        "up":    { "uv": [ 7.125, 15.375, 8.125, 16 ], "texture": "#texture" },
        "north": { "uv": [ 7.5, 15.5, 8.5, 15.625 ], "texture": "#texture" },
        "south": { "uv": [ 7.5, 15.5, 8.5, 15.625 ], "texture": "#texture" },
        "west":  { "uv": [ 7.75, 15.5, 8.375, 15.625 ], "texture": "#texture" },
        "east":  { "uv": [ 7.625, 15.5, 8.25, 15.625 ], "texture": "#texture" }
    }
},
{
    "__comment": "T_Knife",
    "from": [ 7.5, 6.375, 8.125 ],
    "to": [ 8.5, 6.5, 9.375 ],
    "faces": {
        "down":  { "uv": [ 9.5, 9.625, 8.875, 8.75 ], "texture": "#texture" },
        "up":    { "uv": [ 8.625, 8.625, 9.375, 9.625 ], "texture": "#texture" },
        "north": { "uv": [ 7.5, 9.375, 8.5, 9.5 ], "texture": "#texture" },
        "south": { "uv": [ 7.5, 9.375, 8.5, 9.5 ], "texture": "#texture" },
        "west":  { "uv": [ 8.125, 9.375, 9.375, 9.5 ], "texture": "#texture" },
        "east":  { "uv": [ 6.625, 9.375, 7.875, 9.5 ], "texture": "#texture" }
    }
},
{
    "__comment": "T_Knife",
    "from": [ 7.5, 0.25, 8.375 ],
    "to": [ 8.5, 0.375, 8.5 ],
    "faces": {
        "down":  { "uv": [ 8.125, 16, 7.125, 15.875 ], "texture": "#texture" },
        "up":    { "uv": [ 7.125, 15.875, 8.125, 16 ], "texture": "#texture" },
        "north": { "uv": [ 7.5, 15.625, 8.5, 15.75 ], "texture": "#texture" },
        "south": { "uv": [ 7.5, 15.625, 8.5, 15.75 ], "texture": "#texture" },
        "west":  { "uv": [ 8.375, 15.625, 8.5, 15.75 ], "texture": "#texture" },
        "east":  { "uv": [ 7.5, 15.625, 7.625, 15.75 ], "texture": "#texture" }
    }
},
{
    "__comment": "T_Knife",
    "from": [ 7.5, 0.125, 8.625 ],
    "to": [ 8.5, 0.25, 8.75 ],
    "faces": {
        "down":  { "uv": [ 8, 16, 7, 15.875 ], "texture": "#texture" },
        "up":    { "uv": [ 7, 15.875, 8, 16 ], "texture": "#texture" },
        "north": { "uv": [ 7.5, 15.75, 8.5, 15.875 ], "texture": "#texture" },
        "south": { "uv": [ 7.5, 15.75, 8.5, 15.875 ], "texture": "#texture" },
        "west":  { "uv": [ 8.625, 15.75, 8.75, 15.875 ], "texture": "#texture" },
        "east":  { "uv": [ 7.25, 15.75, 7.375, 15.875 ], "texture": "#texture" }
    }
},
{
    "__comment": "T_Knife",
    "from": [ 7.5, 0, 8.75 ],
    "to": [ 8.5, 0.125, 8.875 ],
    "faces": {
        "down":  { "uv": [ 8.125, 15.875, 7.125, 15.75 ], "texture": "#texture" },
        "up":    { "uv": [ 7.375, 15.875, 8.375, 16 ], "texture": "#texture" },
        "north": { "uv": [ 7.5, 15.875, 8.5, 16 ], "texture": "#texture" },
        "south": { "uv": [ 7.5, 15.875, 8.5, 16 ], "texture": "#texture" },
        "west":  { "uv": [ 8.75, 15.875, 8.875, 16 ], "texture": "#texture" },
        "east":  { "uv": [ 7.125, 15.875, 7.25, 16 ], "texture": "#texture" }
    }
},
{
    "__comment": "T_Knife",
    "from": [ 7.5, 6.625, 9.125 ],
    "to": [ 8.5, 6.75, 9.5 ],
    "faces": {
        "down":  { "uv": [ 8.5, 9.5, 7.5, 9.125 ], "texture": "#texture" },
        "up":    { "uv": [ 7.5, 9.125, 8.5, 9.5 ], "texture": "#texture" },
        "north": { "uv": [ 7.5, 9.25, 8.5, 9.375 ], "texture": "#texture" },
        "south": { "uv": [ 7.5, 9.25, 8.5, 9.375 ], "texture": "#texture" },
        "west":  { "uv": [ 9.125, 9.25, 9.5, 9.375 ], "texture": "#texture" },
        "east":  { "uv": [ 6.5, 9.25, 6.875, 9.375 ], "texture": "#texture" }
    }
},
{
    "__comment": "T_Knife",
    "from": [ 7.5, 6.75, 9.25 ],
    "to": [ 8.5, 6.875, 9.5 ],
    "faces": {
        "down":  { "uv": [ 8.5, 9.5, 7.5, 9.25 ], "texture": "#texture" },
        "up":    { "uv": [ 7.5, 9.25, 8.5, 9.5 ], "texture": "#texture" },
        "north": { "uv": [ 7.5, 9.125, 8.5, 9.25 ], "texture": "#texture" },
        "south": { "uv": [ 7.5, 9.125, 8.5, 9.25 ], "texture": "#texture" },
        "west":  { "uv": [ 9.25, 9.125, 9.5, 9.25 ], "texture": "#texture" },
        "east":  { "uv": [ 6.5, 9.125, 6.75, 9.25 ], "texture": "#texture" }
    }
},
{
    "__comment": "T_Knife",
    "from": [ 7.5, 6.875, 9.375 ],
    "to": [ 8.5, 7, 9.5 ],
    "faces": {
        "down":  { "uv": [ 8.5, 9.5, 7.5, 9.375 ], "texture": "#texture" },
        "up":    { "uv": [ 7.5, 9.375, 8.5, 9.5 ], "texture": "#texture" },
        "north": { "uv": [ 7.5, 9, 8.5, 9.125 ], "texture": "#texture" },
        "south": { "uv": [ 7.5, 9, 8.5, 9.125 ], "texture": "#texture" },
        "west":  { "uv": [ 9.375, 9, 9.5, 9.125 ], "texture": "#texture" },
        "east":  { "uv": [ 6.5, 9, 6.625, 9.125 ], "texture": "#texture" }
    }
},
{
    "__comment": "T_Knife",
    "from": [ 7.625, 0.25, 6.75 ],
    "to": [ 8.375, 0.375, 6.875 ],
    "faces": {
        "down":  { "uv": [ 3, 16, 2.25, 15.875 ], "texture": "#texture" },
        "up":    { "uv": [ 2.375, 15.875, 3.125, 16 ], "texture": "#texture" },
        "north": { "uv": [ 7.625, 15.625, 8.375, 15.75 ], "texture": "#texture" },
        "south": { "uv": [ 7.625, 15.625, 8.375, 15.75 ], "texture": "#texture" },
        "west":  { "uv": [ 6.75, 15.625, 6.875, 15.75 ], "texture": "#texture" },
        "east":  { "uv": [ 9.125, 15.625, 9.25, 15.75 ], "texture": "#texture" }
    }
},
{
    "__comment": "T_Knife",
    "from": [ 7.625, 0.375, 6.875 ],
    "to": [ 8.375, 0.5, 7 ],
    "faces": {
        "down":  { "uv": [ 2.5, 16, 1.75, 15.875 ], "texture": "#texture" },
        "up":    { "uv": [ 2.25, 15.875, 3, 16 ], "texture": "#texture" },
        "north": { "uv": [ 7.625, 15.5, 8.375, 15.625 ], "texture": "#texture" },
        "south": { "uv": [ 7.625, 15.5, 8.375, 15.625 ], "texture": "#texture" },
        "west":  { "uv": [ 6.875, 15.5, 7, 15.625 ], "texture": "#texture" },
        "east":  { "uv": [ 9, 15.5, 9.125, 15.625 ], "texture": "#texture" }
    }
},
{
    "__comment": "T_Knife",
    "from": [ 7.625, 0.5, 7.25 ],
    "to": [ 8.375, 0.75, 7.375 ],
    "faces": {
        "down":  { "uv": [ 4.5, 16, 3.75, 15.875 ], "texture": "#texture" },
        "up":    { "uv": [ 4.625, 15.875, 5.375, 16 ], "texture": "#texture" },
        "north": { "uv": [ 7.625, 15.25, 8.375, 15.5 ], "texture": "#texture" },
        "south": { "uv": [ 7.625, 15.25, 8.375, 15.5 ], "texture": "#texture" },
        "west":  { "uv": [ 7.25, 15.25, 7.375, 15.5 ], "texture": "#texture" },
        "east":  { "uv": [ 8.625, 15.25, 8.75, 15.5 ], "texture": "#texture" }
    }
},
{
    "__comment": "T_Knife",
    "from": [ 7.625, 1.875, 7.25 ],
    "to": [ 8.375, 5.125, 8.5 ],
    "faces": {
        "down":  { "uv": [ 8.5, 13.25, 7.75, 12 ], "texture": "#texture" },
        "up":    { "uv": [ 7.875, 11, 8.625, 12.25 ], "texture": "#texture" },
        "north": { "uv": [ 8, 10.875, 8.625, 14 ], "texture": "#texture" },
        "south": { "uv": [ 8, 11, 8.625, 14.25 ], "texture": "#texture" },
        "west":  { "uv": [ 7.25, 10.875, 8.5, 14.125 ], "texture": "#texture" },
        "east":  { "uv": [ 7.5, 10.875, 8.75, 14.125 ], "texture": "#texture" }
    }
},
{
    "__comment": "T_Knife",
    "from": [ 7.625, 0.625, 7.375 ],
    "to": [ 8.375, 1.875, 7.5 ],
    "faces": {
        "down":  { "uv": [ 8.375, 7.5, 7.625, 7.375 ], "texture": "#texture" },
        "up":    { "uv": [ 7.625, 7.375, 8.375, 7.5 ], "texture": "#texture" },
        "north": { "uv": [ 7.625, 14.125, 8.375, 15.375 ], "texture": "#texture" },
        "south": { "uv": [ 7.625, 14.125, 8.375, 15.375 ], "texture": "#texture" },
        "west":  { "uv": [ 7.375, 14.125, 7.5, 15.375 ], "texture": "#texture" },
        "east":  { "uv": [ 8.5, 14.125, 8.625, 15.375 ], "texture": "#texture" }
    }
},
{
    "__comment": "T_Knife",
    "from": [ 7.625, 5.125, 7.375 ],
    "to": [ 8.375, 5.625, 8.5 ],
    "faces": {
        "down":  { "uv": [ 8.5, 12.375, 8, 11.375 ], "texture": "#texture" },
        "up":    { "uv": [ 8, 10.75, 8.625, 11.875 ], "texture": "#texture" },
        "north": { "uv": [ 8, 10.25, 8.625, 10.75 ], "texture": "#texture" },
        "south": { "uv": [ 8, 10.375, 8.625, 10.75 ], "texture": "#texture" },
        "west":  { "uv": [ 7.375, 10.375, 8.5, 10.875 ], "texture": "#texture" },
        "east":  { "uv": [ 7.5, 10.375, 8.625, 10.875 ], "texture": "#texture" }
    }
},
{
    "__comment": "T_Knife",
    "from": [ 7.625, 5.625, 7.375 ],
    "to": [ 8.375, 6.25, 8.375 ],
    "faces": {
        "down":  { "uv": [ 8.5, 11.75, 8, 10.875 ], "texture": "#texture" },
        "up":    { "uv": [ 8, 11.25, 8.625, 12.25 ], "texture": "#texture" },
        "north": { "uv": [ 8, 9.875, 8.625, 10.5 ], "texture": "#texture" },
        "south": { "uv": [ 8, 11, 8.625, 11.625 ], "texture": "#texture" },
        "west":  { "uv": [ 7.375, 9.75, 8.375, 10.375 ], "texture": "#texture" },
        "east":  { "uv": [ 7.625, 9.75, 8.625, 10.375 ], "texture": "#texture" }
    }
},
{
    "__comment": "T_Knife",
    "from": [ 7.625, 0.75, 7.5 ],
    "to": [ 8.375, 1.875, 8.375 ],
    "faces": {
        "down":  { "uv": [ 8.5, 12.25, 8, 11.5 ], "texture": "#texture" },
        "up":    { "uv": [ 8, 11.625, 8.625, 12.5 ], "texture": "#texture" },
        "north": { "uv": [ 8, 13, 8.625, 14 ], "texture": "#texture" },
        "south": { "uv": [ 8, 13.375, 8.625, 14.375 ], "texture": "#texture" },
        "west":  { "uv": [ 7.5, 14.125, 8.375, 15.25 ], "texture": "#texture" },
        "east":  { "uv": [ 7.625, 14.125, 8.5, 15.25 ], "texture": "#texture" }
    }
},
{
    "__comment": "T_Knife",
    "from": [ 7.625, 6.25, 7.5 ],
    "to": [ 8.375, 6.375, 8.375 ],
    "faces": {
        "down":  { "uv": [ 8.375, 8.375, 7.625, 7.5 ], "texture": "#texture" },
        "up":    { "uv": [ 7.625, 7.5, 8.375, 8.375 ], "texture": "#texture" },
        "north": { "uv": [ 7.625, 9.625, 8.375, 9.75 ], "texture": "#texture" },
        "south": { "uv": [ 7.625, 9.625, 8.375, 9.75 ], "texture": "#texture" },
        "west":  { "uv": [ 7.5, 9.625, 8.375, 9.75 ], "texture": "#texture" },
        "east":  { "uv": [ 7.625, 9.625, 8.5, 9.75 ], "texture": "#texture" }
    }
},
{
    "__comment": "T_Knife",
    "from": [ 7.625, 6.375, 7.5 ],
    "to": [ 8.375, 6.5, 8.125 ],
    "faces": {
        "down":  { "uv": [ 8.375, 8.125, 7.625, 7.5 ], "texture": "#texture" },
        "up":    { "uv": [ 7.625, 7.5, 8.375, 8.125 ], "texture": "#texture" },
        "north": { "uv": [ 7.625, 9.5, 8.375, 9.625 ], "texture": "#texture" },
        "south": { "uv": [ 7.625, 9.5, 8.375, 9.625 ], "texture": "#texture" },
        "west":  { "uv": [ 7.5, 9.5, 8.125, 9.625 ], "texture": "#texture" },
        "east":  { "uv": [ 7.875, 9.5, 8.5, 9.625 ], "texture": "#texture" }
    }
},
{
    "__comment": "T_Knife",
    "from": [ 7.625, 0.625, 7.625 ],
    "to": [ 8.375, 0.75, 8.375 ],
    "faces": {
        "down":  { "uv": [ 8.375, 8.375, 7.625, 7.625 ], "texture": "#texture" },
        "up":    { "uv": [ 7.625, 7.625, 8.375, 8.375 ], "texture": "#texture" },
        "north": { "uv": [ 7.625, 15.25, 8.375, 15.375 ], "texture": "#texture" },
        "south": { "uv": [ 7.625, 15.25, 8.375, 15.375 ], "texture": "#texture" },
        "west":  { "uv": [ 7.625, 15.25, 8.375, 15.375 ], "texture": "#texture" },
        "east":  { "uv": [ 7.625, 15.25, 8.375, 15.375 ], "texture": "#texture" }
    }
},
{
    "__comment": "T_Knife",
    "from": [ 7.625, 0.5, 8.125 ],
    "to": [ 8.375, 0.625, 8.375 ],
    "faces": {
        "down":  { "uv": [ 8.375, 8.375, 7.625, 8.125 ], "texture": "#texture" },
        "up":    { "uv": [ 7.625, 8.125, 8.375, 8.375 ], "texture": "#texture" },
        "north": { "uv": [ 7.625, 15.375, 8.375, 15.5 ], "texture": "#texture" },
        "south": { "uv": [ 7.625, 15.375, 8.375, 15.5 ], "texture": "#texture" },
        "west":  { "uv": [ 8.125, 15.375, 8.375, 15.5 ], "texture": "#texture" },
        "east":  { "uv": [ 7.625, 15.375, 7.875, 15.5 ], "texture": "#texture" }
    }
},
{
    "__comment": "T_Knife",
    "from": [ 7.625, 0.375, 8.375 ],
    "to": [ 8.375, 0.5, 8.5 ],
    "faces": {
        "down":  { "uv": [ 8.125, 16, 7.375, 15.875 ], "texture": "#texture" },
        "up":    { "uv": [ 7.25, 15.875, 8, 16 ], "texture": "#texture" },
        "north": { "uv": [ 7.625, 15.5, 8.375, 15.625 ], "texture": "#texture" },
        "south": { "uv": [ 7.625, 15.5, 8.375, 15.625 ], "texture": "#texture" },
        "west":  { "uv": [ 8.375, 15.5, 8.5, 15.625 ], "texture": "#texture" },
        "east":  { "uv": [ 7.5, 15.5, 7.625, 15.625 ], "texture": "#texture" }
    }
},
{
    "__comment": "T_Knife",
    "from": [ 7.625, 1.5, 8.375 ],
    "to": [ 8.375, 1.875, 8.5 ],
    "faces": {
        "down":  { "uv": [ 8.5, 11.625, 8, 11.375 ], "texture": "#texture" },
        "up":    { "uv": [ 8, 10.75, 8.625, 10.875 ], "texture": "#texture" },
        "north": { "uv": [ 8, 13.875, 8.625, 14.25 ], "texture": "#texture" },
        "south": { "uv": [ 8, 13.75, 8.625, 14.125 ], "texture": "#texture" },
        "west":  { "uv": [ 8.375, 14.125, 8.5, 14.5 ], "texture": "#texture" },
        "east":  { "uv": [ 7.5, 14.125, 7.625, 14.5 ], "texture": "#texture" }
    }
},
{
    "__comment": "T_Knife",
    "from": [ 7.625, 0.125, 8.75 ],
    "to": [ 8.375, 0.25, 8.875 ],
    "faces": {
        "down":  { "uv": [ 8, 15.75, 7.25, 15.625 ], "texture": "#texture" },
        "up":    { "uv": [ 7.5, 15.875, 8.25, 16 ], "texture": "#texture" },
        "north": { "uv": [ 7.625, 15.75, 8.375, 15.875 ], "texture": "#texture" },
        "south": { "uv": [ 7.625, 15.75, 8.375, 15.875 ], "texture": "#texture" },
        "west":  { "uv": [ 8.75, 15.75, 8.875, 15.875 ], "texture": "#texture" },
        "east":  { "uv": [ 7.125, 15.75, 7.25, 15.875 ], "texture": "#texture" }
    }
},
{
    "__comment": "T_Knife",
    "from": [ 7.625, 0, 8.875 ],
    "to": [ 8.375, 0.125, 9 ],
    "faces": {
        "down":  { "uv": [ 8.125, 15.625, 7.375, 15.5 ], "texture": "#texture" },
        "up":    { "uv": [ 7.625, 15.875, 8.375, 16 ], "texture": "#texture" },
        "north": { "uv": [ 7.625, 15.875, 8.375, 16 ], "texture": "#texture" },
        "south": { "uv": [ 7.625, 15.875, 8.375, 16 ], "texture": "#texture" },
        "west":  { "uv": [ 8.875, 15.875, 9, 16 ], "texture": "#texture" },
        "east":  { "uv": [ 7, 15.875, 7.125, 16 ], "texture": "#texture" }
    }
},
{
    "__comment": "T_Knife",
    "from": [ 7.75, 0.5, 7 ],
    "to": [ 8.25, 0.625, 7.25 ],
    "faces": {
        "down":  { "uv": [ 3.375, 16, 2.875, 15.75 ], "texture": "#texture" },
        "up":    { "uv": [ 3.75, 15.75, 4.25, 16 ], "texture": "#texture" },
        "north": { "uv": [ 7.75, 15.375, 8.25, 15.5 ], "texture": "#texture" },
        "south": { "uv": [ 7.75, 15.375, 8.25, 15.5 ], "texture": "#texture" },
        "west":  { "uv": [ 7, 15.375, 7.25, 15.5 ], "texture": "#texture" },
        "east":  { "uv": [ 8.75, 15.375, 9, 15.5 ], "texture": "#texture" }
    }
},
{
    "__comment": "T_Knife",
    "from": [ 7.75, 2.875, 7 ],
    "to": [ 8.25, 4.125, 7.25 ],
    "faces": {
        "down":  { "uv": [ 8.5, 11.125, 8.125, 11 ], "texture": "#texture" },
        "up":    { "uv": [ 8.125, 11.25, 8.625, 11.5 ], "texture": "#texture" },
        "north": { "uv": [ 8.125, 11.75, 8.625, 13 ], "texture": "#texture" },
        "south": { "uv": [ 8.125, 11.875, 8.625, 13.125 ], "texture": "#texture" },
        "west":  { "uv": [ 7, 11.875, 7.25, 13.125 ], "texture": "#texture" },
        "east":  { "uv": [ 8.75, 11.875, 9, 13.125 ], "texture": "#texture" }
    }
},
{
    "__comment": "T_Knife",
    "from": [ 7.75, 0.625, 7.125 ],
    "to": [ 8.25, 0.75, 7.25 ],
    "faces": {
        "down":  { "uv": [ 3.5, 16, 3, 15.875 ], "texture": "#texture" },
        "up":    { "uv": [ 2.875, 15.875, 3.375, 16 ], "texture": "#texture" },
        "north": { "uv": [ 7.75, 15.25, 8.25, 15.375 ], "texture": "#texture" },
        "south": { "uv": [ 7.75, 15.25, 8.25, 15.375 ], "texture": "#texture" },
        "west":  { "uv": [ 7.125, 15.25, 7.25, 15.375 ], "texture": "#texture" },
        "east":  { "uv": [ 8.75, 15.25, 8.875, 15.375 ], "texture": "#texture" }
    }
},
{
    "__comment": "T_Knife",
    "from": [ 7.75, 1.375, 7.125 ],
    "to": [ 8.25, 1.875, 7.375 ],
    "faces": {
        "down":  { "uv": [ 8.625, 10.5, 8.125, 10.25 ], "texture": "#texture" },
        "up":    { "uv": [ 8.125, 11.125, 8.625, 11.375 ], "texture": "#texture" },
        "north": { "uv": [ 8.125, 13.875, 8.625, 14.375 ], "texture": "#texture" },
        "south": { "uv": [ 8.125, 14.125, 8.625, 14.625 ], "texture": "#texture" },
        "west":  { "uv": [ 7.125, 14.125, 7.375, 14.625 ], "texture": "#texture" },
        "east":  { "uv": [ 8.625, 14.125, 8.875, 14.625 ], "texture": "#texture" }
    }
},
{
    "__comment": "T_Knife",
    "from": [ 7.75, 1.875, 7.125 ],
    "to": [ 8.25, 2.875, 7.25 ],
    "faces": {
        "down":  { "uv": [ 8.5, 11.75, 8, 11.625 ], "texture": "#texture" },
        "up":    { "uv": [ 8.125, 11.125, 8.625, 11.25 ], "texture": "#texture" },
        "north": { "uv": [ 8.125, 13.125, 8.625, 14.125 ], "texture": "#texture" },
        "south": { "uv": [ 8.125, 13.25, 8.625, 14.25 ], "texture": "#texture" },
        "west":  { "uv": [ 7.125, 13.125, 7.25, 14.125 ], "texture": "#texture" },
        "east":  { "uv": [ 8.75, 13.125, 8.875, 14.125 ], "texture": "#texture" }
    }
},
{
    "__comment": "T_Knife",
    "from": [ 7.75, 4.125, 7.125 ],
    "to": [ 8.25, 5.625, 7.25 ],
    "faces": {
        "down":  { "uv": [ 8.625, 10.5, 8.125, 10.375 ], "texture": "#texture" },
        "up":    { "uv": [ 8.125, 10.5, 8.625, 10.625 ], "texture": "#texture" },
        "north": { "uv": [ 8.125, 10.75, 8.625, 12.25 ], "texture": "#texture" },
        "south": { "uv": [ 8.125, 10.375, 8.625, 11.875 ], "texture": "#texture" },
        "west":  { "uv": [ 7.125, 10.375, 7.25, 11.875 ], "texture": "#texture" },
        "east":  { "uv": [ 8.75, 10.375, 8.875, 11.875 ], "texture": "#texture" }
    }
},
{
    "__comment": "T_Knife",
    "from": [ 7.75, 0.75, 7.25 ],
    "to": [ 8.25, 1.375, 7.375 ],
    "faces": {
        "down":  { "uv": [ 8.625, 10.875, 8.125, 10.75 ], "texture": "#texture" },
        "up":    { "uv": [ 8.125, 10.75, 8.625, 10.875 ], "texture": "#texture" },
        "north": { "uv": [ 8.125, 13.375, 8.625, 14 ], "texture": "#texture" },
        "south": { "uv": [ 8.125, 13.125, 8.625, 13.75 ], "texture": "#texture" },
        "west":  { "uv": [ 7.25, 14.625, 7.375, 15.25 ], "texture": "#texture" },
        "east":  { "uv": [ 8.625, 14.625, 8.75, 15.25 ], "texture": "#texture" }
    }
},
{
    "__comment": "T_Knife",
    "from": [ 7.75, 5.125, 7.25 ],
    "to": [ 8.25, 6.5, 7.375 ],
    "faces": {
        "down":  { "uv": [ 8.5, 10.375, 8, 10.25 ], "texture": "#texture" },
        "up":    { "uv": [ 8.125, 10.875, 8.625, 11 ], "texture": "#texture" },
        "north": { "uv": [ 8.125, 9.5, 8.625, 10.875 ], "texture": "#texture" },
        "south": { "uv": [ 8.125, 9.5, 8.625, 10.875 ], "texture": "#texture" },
        "west":  { "uv": [ 7.25, 9.5, 7.375, 10.875 ], "texture": "#texture" },
        "east":  { "uv": [ 8.625, 9.75, 8.75, 11.125 ], "texture": "#texture" }
    }
},
{
    "__comment": "T_Knife",
    "from": [ 7.75, 7.125, 7.25 ],
    "to": [ 8.25, 7.625, 8.25 ],
    "faces": {
        "down":  { "uv": [ 8.25, 8.25, 7.75, 7.25 ], "texture": "#texture" },
        "up":    { "uv": [ 7.75, 7.25, 8.25, 8.25 ], "texture": "#texture" },
        "north": { "uv": [ 7.625, 8.25, 8.125, 8.75 ], "texture": "#texture" },
        "south": { "uv": [ 7.25, 8.125, 7.75, 8.625 ], "texture": "#texture" },
        "west":  { "uv": [ 7.25, 8.125, 8.25, 8.625 ], "texture": "#texture" },
        "east":  { "uv": [ 7.625, 8.125, 8.625, 8.625 ], "texture": "#texture" }
    }
},
{
    "__comment": "T_Knife",
    "from": [ 7.75, 7.625, 7.25 ],
    "to": [ 8.25, 10.375, 8.125 ],
    "faces": {
        "down":  { "uv": [ 8.25, 8.125, 7.75, 7.25 ], "texture": "#texture" },
        "up":    { "uv": [ 7.75, 7.25, 8.25, 8.125 ], "texture": "#texture" },
        "north": { "uv": [ 7.75, 5.625, 8.25, 8.375 ], "texture": "#texture" },
        "south": { "uv": [ 7.75, 5.625, 8.25, 8.375 ], "texture": "#texture" },
        "west":  { "uv": [ 7.25, 5.625, 8.125, 8.375 ], "texture": "#texture" },
        "east":  { "uv": [ 7.875, 5.625, 8.75, 8.375 ], "texture": "#texture" }
    }
},
{
    "__comment": "T_Knife",
    "from": [ 7.75, 6.25, 7.375 ],
    "to": [ 8.25, 6.5, 7.5 ],
    "faces": {
        "down":  { "uv": [ 8.25, 7.5, 7.75, 7.375 ], "texture": "#texture" },
        "up":    { "uv": [ 7.75, 7.375, 8.25, 7.5 ], "texture": "#texture" },
        "north": { "uv": [ 7.75, 9.5, 8.25, 9.75 ], "texture": "#texture" },
        "south": { "uv": [ 7.75, 9.5, 8.25, 9.75 ], "texture": "#texture" },
        "west":  { "uv": [ 7.375, 9.5, 7.5, 9.75 ], "texture": "#texture" },
        "east":  { "uv": [ 8.5, 9.5, 8.625, 9.75 ], "texture": "#texture" }
    }
},
{
    "__comment": "T_Knife",
    "from": [ 7.75, 7, 7.375 ],
    "to": [ 8.25, 7.125, 8.375 ],
    "faces": {
        "down":  { "uv": [ 8.25, 8.375, 7.75, 7.375 ], "texture": "#texture" },
        "up":    { "uv": [ 7.75, 7.375, 8.25, 8.375 ], "texture": "#texture" },
        "north": { "uv": [ 7.625, 8.75, 8.125, 8.875 ], "texture": "#texture" },
        "south": { "uv": [ 7.75, 8.75, 8.25, 8.875 ], "texture": "#texture" },
        "west":  { "uv": [ 7.25, 8.75, 8.25, 8.875 ], "texture": "#texture" },
        "east":  { "uv": [ 7.375, 8.75, 8.375, 8.875 ], "texture": "#texture" }
    }
},
{
    "__comment": "T_Knife",
    "from": [ 7.75, 10.375, 7.375 ],
    "to": [ 8.25, 12.125, 8.25 ],
    "faces": {
        "down":  { "uv": [ 8.25, 8.25, 7.75, 7.375 ], "texture": "#texture" },
        "up":    { "uv": [ 7.75, 7.375, 8.25, 8.25 ], "texture": "#texture" },
        "north": { "uv": [ 7.75, 3.875, 8.25, 5.625 ], "texture": "#texture" },
        "south": { "uv": [ 7.75, 3.875, 8.25, 5.625 ], "texture": "#texture" },
        "west":  { "uv": [ 7.375, 3.875, 8.25, 5.625 ], "texture": "#texture" },
        "east":  { "uv": [ 7.75, 3.875, 8.625, 5.625 ], "texture": "#texture" }
    }
},
{
    "__comment": "T_Knife",
    "from": [ 7.75, 14.5, 7.375 ],
    "to": [ 8.25, 14.625, 7.875 ],
    "faces": {
        "down":  { "uv": [ 8.25, 7.875, 7.75, 7.375 ], "texture": "#texture" },
        "up":    { "uv": [ 7.75, 7.375, 8.25, 7.875 ], "texture": "#texture" },
        "north": { "uv": [ 7.75, 1.375, 8.25, 1.5 ], "texture": "#texture" },
        "south": { "uv": [ 7.75, 1.375, 8.25, 1.5 ], "texture": "#texture" },
        "west":  { "uv": [ 7.375, 1.375, 7.875, 1.5 ], "texture": "#texture" },
        "east":  { "uv": [ 8.125, 1.375, 8.625, 1.5 ], "texture": "#texture" }
    }
},
{
    "__comment": "T_Knife",
    "from": [ 7.75, 14.625, 7.375 ],
    "to": [ 8.25, 14.875, 7.75 ],
    "faces": {
        "down":  { "uv": [ 8.25, 7.75, 7.75, 7.375 ], "texture": "#texture" },
        "up":    { "uv": [ 7.75, 7.375, 8.25, 7.75 ], "texture": "#texture" },
        "north": { "uv": [ 7.75, 1.125, 8.25, 1.375 ], "texture": "#texture" },
        "south": { "uv": [ 7.75, 1.125, 8.25, 1.375 ], "texture": "#texture" },
        "west":  { "uv": [ 7.375, 1.125, 7.75, 1.375 ], "texture": "#texture" },
        "east":  { "uv": [ 8.25, 1.125, 8.625, 1.375 ], "texture": "#texture" }
    }
},
{
    "__comment": "T_Knife",
    "from": [ 7.75, 14.875, 7.375 ],
    "to": [ 8.25, 15, 7.625 ],
    "faces": {
        "down":  { "uv": [ 8.25, 7.625, 7.75, 7.375 ], "texture": "#texture" },
        "up":    { "uv": [ 7.75, 7.375, 8.25, 7.625 ], "texture": "#texture" },
        "north": { "uv": [ 7.75, 1, 8.25, 1.125 ], "texture": "#texture" },
        "south": { "uv": [ 7.75, 1, 8.25, 1.125 ], "texture": "#texture" },
        "west":  { "uv": [ 7.375, 1, 7.625, 1.125 ], "texture": "#texture" },
        "east":  { "uv": [ 8.375, 1, 8.625, 1.125 ], "texture": "#texture" }
    }
},
{
    "__comment": "T_Knife",
    "from": [ 7.75, 15, 7.375 ],
    "to": [ 8.25, 15.25, 7.5 ],
    "faces": {
        "down":  { "uv": [ 8.25, 7.5, 7.75, 7.375 ], "texture": "#texture" },
        "up":    { "uv": [ 7.75, 7.375, 8.25, 7.5 ], "texture": "#texture" },
        "north": { "uv": [ 7.75, 0.75, 8.25, 1 ], "texture": "#texture" },
        "south": { "uv": [ 7.75, 0.75, 8.25, 1 ], "texture": "#texture" },
        "west":  { "uv": [ 7.375, 0.75, 7.5, 1 ], "texture": "#texture" },
        "east":  { "uv": [ 8.5, 0.75, 8.625, 1 ], "texture": "#texture" }
    }
},
{
    "__comment": "T_Knife",
    "from": [ 7.75, 12.125, 7.5 ],
    "to": [ 8.25, 12.75, 8.25 ],
    "faces": {
        "down":  { "uv": [ 8.25, 8.25, 7.75, 7.5 ], "texture": "#texture" },
        "up":    { "uv": [ 7.75, 7.5, 8.25, 8.25 ], "texture": "#texture" },
        "north": { "uv": [ 7.75, 3.25, 8.25, 3.875 ], "texture": "#texture" },
        "south": { "uv": [ 7.75, 3.25, 8.25, 3.875 ], "texture": "#texture" },
        "west":  { "uv": [ 7.5, 3.25, 8.25, 3.875 ], "texture": "#texture" },
        "east":  { "uv": [ 7.75, 3.25, 8.5, 3.875 ], "texture": "#texture" }
    }
},
{
    "__comment": "T_Knife",
    "from": [ 7.75, 12.75, 7.5 ],
    "to": [ 8.25, 13.75, 8.125 ],
    "faces": {
        "down":  { "uv": [ 8.25, 8.125, 7.75, 7.5 ], "texture": "#texture" },
        "up":    { "uv": [ 7.75, 7.5, 8.25, 8.125 ], "texture": "#texture" },
        "north": { "uv": [ 7.75, 2.25, 8.25, 3.25 ], "texture": "#texture" },
        "south": { "uv": [ 7.75, 2.25, 8.25, 3.25 ], "texture": "#texture" },
        "west":  { "uv": [ 7.5, 2.25, 8.125, 3.25 ], "texture": "#texture" },
        "east":  { "uv": [ 7.875, 2.25, 8.5, 3.25 ], "texture": "#texture" }
    }
},
{
    "__comment": "T_Knife",
    "from": [ 7.75, 13.75, 7.5 ],
    "to": [ 8.25, 14.25, 8 ],
    "faces": {
        "down":  { "uv": [ 8.25, 8, 7.75, 7.5 ], "texture": "#texture" },
        "up":    { "uv": [ 7.75, 7.5, 8.25, 8 ], "texture": "#texture" },
        "north": { "uv": [ 7.75, 1.75, 8.25, 2.25 ], "texture": "#texture" },
        "south": { "uv": [ 7.75, 1.75, 8.25, 2.25 ], "texture": "#texture" },
        "west":  { "uv": [ 7.5, 1.75, 8, 2.25 ], "texture": "#texture" },
        "east":  { "uv": [ 8, 1.75, 8.5, 2.25 ], "texture": "#texture" }
    }
},
{
    "__comment": "T_Knife",
    "from": [ 7.75, 14.25, 7.5 ],
    "to": [ 8.25, 14.5, 7.875 ],
    "faces": {
        "down":  { "uv": [ 8.25, 7.875, 7.75, 7.5 ], "texture": "#texture" },
        "up":    { "uv": [ 7.75, 7.5, 8.25, 7.875 ], "texture": "#texture" },
        "north": { "uv": [ 7.75, 1.5, 8.25, 1.75 ], "texture": "#texture" },
        "south": { "uv": [ 7.75, 1.5, 8.25, 1.75 ], "texture": "#texture" },
        "west":  { "uv": [ 7.5, 1.5, 7.875, 1.75 ], "texture": "#texture" },
        "east":  { "uv": [ 8.125, 1.5, 8.5, 1.75 ], "texture": "#texture" }
    }
},
{
    "__comment": "T_Knife",
    "from": [ 7.75, 7.625, 8.125 ],
    "to": [ 8.25, 10.375, 8.25 ],
    "faces": {
        "down":  { "uv": [ 8.25, 8.25, 7.75, 8.125 ], "texture": "#texture" },
        "up":    { "uv": [ 7.75, 8.125, 8.25, 8.25 ], "texture": "#texture" },
        "north": { "uv": [ 7.75, 5.625, 8.25, 8.375 ], "texture": "#texture" },
        "south": { "uv": [ 7.75, 5.625, 8.25, 8.375 ], "texture": "#texture" },
        "west":  { "uv": [ 8.125, 5.625, 8.25, 8.375 ], "texture": "#texture" },
        "east":  { "uv": [ 7.75, 5.625, 7.875, 8.375 ], "texture": "#texture" }
    }
},
{
    "__comment": "T_Knife",
    "from": [ 7.75, 6.875, 8.25 ],
    "to": [ 8.25, 7, 8.5 ],
    "faces": {
        "down":  { "uv": [ 8.25, 8.5, 7.75, 8.25 ], "texture": "#texture" },
        "up":    { "uv": [ 7.75, 8.25, 8.25, 8.5 ], "texture": "#texture" },
        "north": { "uv": [ 7.75, 8.875, 8.25, 9 ], "texture": "#texture" },
        "south": { "uv": [ 7.75, 8.875, 8.25, 9 ], "texture": "#texture" },
        "west":  { "uv": [ 8.125, 8.875, 8.375, 9 ], "texture": "#texture" },
        "east":  { "uv": [ 7.5, 8.75, 7.75, 8.875 ], "texture": "#texture" }
    }
},
{
    "__comment": "T_Knife",
    "from": [ 7.75, 8, 8.25 ],
    "to": [ 8.25, 8.75, 8.375 ],
    "faces": {
        "down":  { "uv": [ 8.25, 8.375, 7.75, 8.25 ], "texture": "#texture" },
        "up":    { "uv": [ 7.75, 8.25, 8.25, 8.375 ], "texture": "#texture" },
        "north": { "uv": [ 7.75, 7.25, 8.25, 8 ], "texture": "#texture" },
        "south": { "uv": [ 7.75, 7.25, 8.25, 8 ], "texture": "#texture" },
        "west":  { "uv": [ 8.25, 7.25, 8.375, 8 ], "texture": "#texture" },
        "east":  { "uv": [ 7.625, 7.25, 7.75, 8 ], "texture": "#texture" }
    }
},
{
    "__comment": "T_Knife",
    "from": [ 7.75, 0.5, 8.375 ],
    "to": [ 8.25, 1.5, 8.5 ],
    "faces": {
        "down":  { "uv": [ 8.625, 12.125, 8.125, 12 ], "texture": "#texture" },
        "up":    { "uv": [ 8.125, 11.5, 8.625, 11.625 ], "texture": "#texture" },
        "north": { "uv": [ 8.125, 14.5, 8.625, 15.5 ], "texture": "#texture" },
        "south": { "uv": [ 8.125, 14.5, 8.625, 15.5 ], "texture": "#texture" },
        "west":  { "uv": [ 8.375, 14.5, 8.5, 15.5 ], "texture": "#texture" },
        "east":  { "uv": [ 7.5, 14.5, 7.625, 15.5 ], "texture": "#texture" }
    }
},
{
    "__comment": "T_Knife",
    "from": [ 7.75, 5.625, 8.375 ],
    "to": [ 8.25, 6.125, 8.625 ],
    "faces": {
        "down":  { "uv": [ 8.5, 10.875, 8, 10.625 ], "texture": "#texture" },
        "up":    { "uv": [ 8.125, 11.375, 8.625, 11.625 ], "texture": "#texture" },
        "north": { "uv": [ 8.125, 10, 8.625, 10.5 ], "texture": "#texture" },
        "south": { "uv": [ 8.125, 9.875, 8.625, 10.375 ], "texture": "#texture" },
        "west":  { "uv": [ 8.375, 9.875, 8.625, 10.375 ], "texture": "#texture" },
        "east":  { "uv": [ 7.375, 9.875, 7.625, 10.375 ], "texture": "#texture" }
    }
},
{
    "__comment": "T_Knife",
    "from": [ 7.75, 6.125, 8.375 ],
    "to": [ 8.25, 6.375, 8.5 ],
    "faces": {
        "down":  { "uv": [ 8.625, 10.25, 8.125, 10.125 ], "texture": "#texture" },
        "up":    { "uv": [ 8.125, 10.75, 8.625, 10.875 ], "texture": "#texture" },
        "north": { "uv": [ 8.125, 9.625, 8.625, 9.875 ], "texture": "#texture" },
        "south": { "uv": [ 8.125, 9.625, 8.625, 9.875 ], "texture": "#texture" },
        "west":  { "uv": [ 8.375, 9.625, 8.5, 9.875 ], "texture": "#texture" },
        "east":  { "uv": [ 7.5, 9.625, 7.625, 9.875 ], "texture": "#texture" }
    }
},
{
    "__comment": "T_Knife",
    "from": [ 7.75, 8.125, 8.375 ],
    "to": [ 8.25, 8.75, 8.5 ],
    "faces": {
        "down":  { "uv": [ 8.25, 8.5, 7.75, 8.375 ], "texture": "#texture" },
        "up":    { "uv": [ 7.75, 8.375, 8.25, 8.5 ], "texture": "#texture" },
        "north": { "uv": [ 7.75, 7.25, 8.25, 7.875 ], "texture": "#texture" },
        "south": { "uv": [ 7.75, 7.25, 8.25, 7.875 ], "texture": "#texture" },
        "west":  { "uv": [ 8.375, 7.25, 8.5, 7.875 ], "texture": "#texture" },
        "east":  { "uv": [ 7.5, 7.25, 7.625, 7.875 ], "texture": "#texture" }
    }
},
{
    "__comment": "T_Knife",
    "from": [ 7.75, 0.25, 8.5 ],
    "to": [ 8.25, 0.5, 8.625 ],
    "faces": {
        "down":  { "uv": [ 7.875, 15.75, 7.375, 15.625 ], "texture": "#texture" },
        "up":    { "uv": [ 7.625, 15.875, 8.125, 16 ], "texture": "#texture" },
        "north": { "uv": [ 7.75, 15.5, 8.25, 15.75 ], "texture": "#texture" },
        "south": { "uv": [ 7.75, 15.5, 8.25, 15.75 ], "texture": "#texture" },
        "west":  { "uv": [ 8.5, 15.5, 8.625, 15.75 ], "texture": "#texture" },
        "east":  { "uv": [ 7.375, 15.5, 7.5, 15.75 ], "texture": "#texture" }
    }
},
{
    "__comment": "T_Knife",
    "from": [ 7.75, 1.125, 8.5 ],
    "to": [ 8.25, 5.625, 8.625 ],
    "faces": {
        "down":  { "uv": [ 8.625, 10.5, 8.125, 10.375 ], "texture": "#texture" },
        "up":    { "uv": [ 8.125, 12.625, 8.625, 12.75 ], "texture": "#texture" },
        "north": { "uv": [ 8.125, 10.25, 8.625, 14.75 ], "texture": "#texture" },
        "south": { "uv": [ 8.125, 10.375, 8.625, 14.875 ], "texture": "#texture" },
        "west":  { "uv": [ 8.5, 10.375, 8.625, 14.875 ], "texture": "#texture" },
        "east":  { "uv": [ 7.375, 10.375, 7.5, 14.875 ], "texture": "#texture" }
    }
},
{
    "__comment": "T_Knife",
    "from": [ 7.75, 8.25, 8.5 ],
    "to": [ 8.25, 8.75, 8.75 ],
    "faces": {
        "down":  { "uv": [ 8.25, 8.75, 7.75, 8.5 ], "texture": "#texture" },
        "up":    { "uv": [ 7.75, 8.5, 8.25, 8.75 ], "texture": "#texture" },
        "north": { "uv": [ 7.75, 7.25, 8.25, 7.75 ], "texture": "#texture" },
        "south": { "uv": [ 7.75, 7.25, 8.25, 7.75 ], "texture": "#texture" },
        "west":  { "uv": [ 8.5, 7.25, 8.75, 7.75 ], "texture": "#texture" },
        "east":  { "uv": [ 7.25, 7.25, 7.5, 7.75 ], "texture": "#texture" }
    }
},
{
    "__comment": "T_Knife",
    "from": [ 7.75, 2.375, 8.625 ],
    "to": [ 8.25, 4.625, 8.75 ],
    "faces": {
        "down":  { "uv": [ 8.625, 11, 8.125, 10.875 ], "texture": "#texture" },
        "up":    { "uv": [ 8.125, 12.25, 8.625, 12.375 ], "texture": "#texture" },
        "north": { "uv": [ 8.125, 11.375, 8.625, 13.625 ], "texture": "#texture" },
        "south": { "uv": [ 8.125, 11.375, 8.625, 13.625 ], "texture": "#texture" },
        "west":  { "uv": [ 8.5, 11.25, 8.625, 13.5 ], "texture": "#texture" },
        "east":  { "uv": [ 8.5, 11.5, 8.625, 13.75 ], "texture": "#texture" }
    }
},
{
    "__comment": "T_Knife",
    "from": [ 7.75, 8.375, 8.75 ],
    "to": [ 8.25, 8.75, 8.875 ],
    "faces": {
        "down":  { "uv": [ 8.25, 8.875, 7.75, 8.75 ], "texture": "#texture" },
        "up":    { "uv": [ 7.75, 8.75, 8.25, 8.875 ], "texture": "#texture" },
        "north": { "uv": [ 7.75, 7.25, 8.25, 7.625 ], "texture": "#texture" },
        "south": { "uv": [ 7.75, 7.25, 8.25, 7.625 ], "texture": "#texture" },
        "west":  { "uv": [ 8.75, 7.25, 8.875, 7.625 ], "texture": "#texture" },
        "east":  { "uv": [ 7.125, 7.25, 7.25, 7.625 ], "texture": "#texture" }
    }
},
{
    "__comment": "T_Knife",
    "from": [ 7.875, 15.25, 7.375 ],
    "to": [ 8.125, 15.375, 8 ],
    "faces": {
        "down":  { "uv": [ 8.125, 8, 7.875, 7.375 ], "texture": "#texture" },
        "up":    { "uv": [ 7.875, 7.375, 8.125, 8 ], "texture": "#texture" },
        "north": { "uv": [ 7.875, 0.625, 8.125, 0.75 ], "texture": "#texture" },
        "south": { "uv": [ 7.875, 0.625, 8.125, 0.75 ], "texture": "#texture" },
        "west":  { "uv": [ 7.375, 0.625, 8, 0.75 ], "texture": "#texture" },
        "east":  { "uv": [ 8, 0.625, 8.625, 0.75 ], "texture": "#texture" }
    }
},
{
    "__comment": "T_Knife",
    "from": [ 7.875, 15.375, 7.375 ],
    "to": [ 8.125, 15.5, 7.875 ],
    "faces": {
        "down":  { "uv": [ 8.125, 7.875, 7.875, 7.375 ], "texture": "#texture" },
        "up":    { "uv": [ 7.875, 7.375, 8.125, 7.875 ], "texture": "#texture" },
        "north": { "uv": [ 7.875, 0.5, 8.125, 0.625 ], "texture": "#texture" },
        "south": { "uv": [ 7.875, 0.5, 8.125, 0.625 ], "texture": "#texture" },
        "west":  { "uv": [ 7.375, 0.5, 7.875, 0.625 ], "texture": "#texture" },
        "east":  { "uv": [ 8.125, 0.5, 8.625, 0.625 ], "texture": "#texture" }
    }
},
{
    "__comment": "T_Knife",
    "from": [ 7.875, 15.5, 7.375 ],
    "to": [ 8.125, 15.625, 7.75 ],
    "faces": {
        "down":  { "uv": [ 8.125, 7.75, 7.875, 7.375 ], "texture": "#texture" },
        "up":    { "uv": [ 7.875, 7.375, 8.125, 7.75 ], "texture": "#texture" },
        "north": { "uv": [ 7.875, 0.375, 8.125, 0.5 ], "texture": "#texture" },
        "south": { "uv": [ 7.875, 0.375, 8.125, 0.5 ], "texture": "#texture" },
        "west":  { "uv": [ 7.375, 0.375, 7.75, 0.5 ], "texture": "#texture" },
        "east":  { "uv": [ 8.25, 0.375, 8.625, 0.5 ], "texture": "#texture" }
    }
},
{
    "__comment": "T_Knife",
    "from": [ 7.875, 15.625, 7.375 ],
    "to": [ 8.125, 15.75, 7.625 ],
    "faces": {
        "down":  { "uv": [ 8.125, 7.625, 7.875, 7.375 ], "texture": "#texture" },
        "up":    { "uv": [ 7.875, 7.375, 8.125, 7.625 ], "texture": "#texture" },
        "north": { "uv": [ 7.875, 0.25, 8.125, 0.375 ], "texture": "#texture" },
        "south": { "uv": [ 7.875, 0.25, 8.125, 0.375 ], "texture": "#texture" },
        "west":  { "uv": [ 7.375, 0.25, 7.625, 0.375 ], "texture": "#texture" },
        "east":  { "uv": [ 8.375, 0.25, 8.625, 0.375 ], "texture": "#texture" }
    }
},
{
    "__comment": "T_Knife",
    "from": [ 7.875, 15.75, 7.375 ],
    "to": [ 8.125, 15.875, 7.5 ],
    "faces": {
        "down":  { "uv": [ 8.125, 7.5, 7.875, 7.375 ], "texture": "#texture" },
        "up":    { "uv": [ 7.875, 7.375, 8.125, 7.5 ], "texture": "#texture" },
        "north": { "uv": [ 7.875, 0.125, 8.125, 0.25 ], "texture": "#texture" },
        "south": { "uv": [ 7.875, 0.125, 8.125, 0.25 ], "texture": "#texture" },
        "west":  { "uv": [ 7.375, 0.125, 7.5, 0.25 ], "texture": "#texture" },
        "east":  { "uv": [ 8.5, 0.125, 8.625, 0.25 ], "texture": "#texture" }
    }
},
{
    "__comment": "T_Knife",
    "from": [ 7.875, 15, 7.5 ],
    "to": [ 8.125, 15.125, 8.125 ],
    "faces": {
        "down":  { "uv": [ 8.125, 8.125, 7.875, 7.5 ], "texture": "#texture" },
        "up":    { "uv": [ 7.875, 7.5, 8.125, 8.125 ], "texture": "#texture" },
        "north": { "uv": [ 7.875, 0.875, 8.125, 1 ], "texture": "#texture" },
        "south": { "uv": [ 7.875, 0.875, 8.125, 1 ], "texture": "#texture" },
        "west":  { "uv": [ 7.5, 0.875, 8.125, 1 ], "texture": "#texture" },
        "east":  { "uv": [ 7.875, 0.875, 8.5, 1 ], "texture": "#texture" }
    }
},
{
    "__comment": "T_Knife",
    "from": [ 7.875, 15.125, 7.5 ],
    "to": [ 8.125, 15.25, 8 ],
    "faces": {
        "down":  { "uv": [ 8.125, 8, 7.875, 7.5 ], "texture": "#texture" },
        "up":    { "uv": [ 7.875, 7.5, 8.125, 8 ], "texture": "#texture" },
        "north": { "uv": [ 7.875, 0.75, 8.125, 0.875 ], "texture": "#texture" },
        "south": { "uv": [ 7.875, 0.75, 8.125, 0.875 ], "texture": "#texture" },
        "west":  { "uv": [ 7.5, 0.75, 8, 0.875 ], "texture": "#texture" },
        "east":  { "uv": [ 8, 0.75, 8.5, 0.875 ], "texture": "#texture" }
    }
},
{
    "__comment": "T_Knife",
    "from": [ 7.875, 14.875, 7.625 ],
    "to": [ 8.125, 15, 8.25 ],
    "faces": {
        "down":  { "uv": [ 8.125, 8.25, 7.875, 7.625 ], "texture": "#texture" },
        "up":    { "uv": [ 7.875, 7.625, 8.125, 8.25 ], "texture": "#texture" },
        "north": { "uv": [ 7.875, 1, 8.125, 1.125 ], "texture": "#texture" },
        "south": { "uv": [ 7.875, 1, 8.125, 1.125 ], "texture": "#texture" },
        "west":  { "uv": [ 7.625, 1, 8.25, 1.125 ], "texture": "#texture" },
        "east":  { "uv": [ 7.75, 1, 8.375, 1.125 ], "texture": "#texture" }
    }
},
{
    "__comment": "T_Knife",
    "from": [ 7.875, 14.625, 7.75 ],
    "to": [ 8.125, 14.75, 8.375 ],
    "faces": {
        "down":  { "uv": [ 8.125, 8.375, 7.875, 7.75 ], "texture": "#texture" },
        "up":    { "uv": [ 7.875, 7.75, 8.125, 8.375 ], "texture": "#texture" },
        "north": { "uv": [ 7.875, 1.25, 8.125, 1.375 ], "texture": "#texture" },
        "south": { "uv": [ 7.875, 1.25, 8.125, 1.375 ], "texture": "#texture" },
        "west":  { "uv": [ 7.75, 1.25, 8.375, 1.375 ], "texture": "#texture" },
        "east":  { "uv": [ 7.625, 1.25, 8.25, 1.375 ], "texture": "#texture" }
    }
},
{
    "__comment": "T_Knife",
    "from": [ 7.875, 14.75, 7.75 ],
    "to": [ 8.125, 14.875, 8.25 ],
    "faces": {
        "down":  { "uv": [ 8.125, 8.25, 7.875, 7.75 ], "texture": "#texture" },
        "up":    { "uv": [ 7.875, 7.75, 8.125, 8.25 ], "texture": "#texture" },
        "north": { "uv": [ 7.875, 1.125, 8.125, 1.25 ], "texture": "#texture" },
        "south": { "uv": [ 7.875, 1.125, 8.125, 1.25 ], "texture": "#texture" },
        "west":  { "uv": [ 7.75, 1.125, 8.25, 1.25 ], "texture": "#texture" },
        "east":  { "uv": [ 7.75, 1.125, 8.25, 1.25 ], "texture": "#texture" }
    }
},
{
    "__comment": "T_Knife",
    "from": [ 7.875, 14.25, 7.875 ],
    "to": [ 8.125, 14.5, 8.5 ],
    "faces": {
        "down":  { "uv": [ 8.125, 8.5, 7.875, 7.875 ], "texture": "#texture" },
        "up":    { "uv": [ 7.875, 7.875, 8.125, 8.5 ], "texture": "#texture" },
        "north": { "uv": [ 7.875, 1.5, 8.125, 1.75 ], "texture": "#texture" },
        "south": { "uv": [ 7.875, 1.5, 8.125, 1.75 ], "texture": "#texture" },
        "west":  { "uv": [ 7.875, 1.5, 8.5, 1.75 ], "texture": "#texture" },
        "east":  { "uv": [ 7.5, 1.5, 8.125, 1.75 ], "texture": "#texture" }
    }
},
{
    "__comment": "T_Knife",
    "from": [ 7.875, 14.5, 7.875 ],
    "to": [ 8.125, 14.625, 8.375 ],
    "faces": {
        "down":  { "uv": [ 8.125, 8.375, 7.875, 7.875 ], "texture": "#texture" },
        "up":    { "uv": [ 7.875, 7.875, 8.125, 8.375 ], "texture": "#texture" },
        "north": { "uv": [ 7.875, 1.375, 8.125, 1.5 ], "texture": "#texture" },
        "south": { "uv": [ 7.875, 1.375, 8.125, 1.5 ], "texture": "#texture" },
        "west":  { "uv": [ 7.875, 1.375, 8.375, 1.5 ], "texture": "#texture" },
        "east":  { "uv": [ 7.625, 1.375, 8.125, 1.5 ], "texture": "#texture" }
    }
},
{
    "__comment": "T_Knife",
    "from": [ 7.875, 13.75, 8 ],
    "to": [ 8.125, 14.125, 8.625 ],
    "faces": {
        "down":  { "uv": [ 8.125, 8.625, 7.875, 8 ], "texture": "#texture" },
        "up":    { "uv": [ 7.875, 8, 8.125, 8.625 ], "texture": "#texture" },
        "north": { "uv": [ 7.875, 1.875, 8.125, 2.25 ], "texture": "#texture" },
        "south": { "uv": [ 7.875, 1.875, 8.125, 2.25 ], "texture": "#texture" },
        "west":  { "uv": [ 8, 1.875, 8.625, 2.25 ], "texture": "#texture" },
        "east":  { "uv": [ 7.375, 1.875, 8, 2.25 ], "texture": "#texture" }
    }
},
{
    "__comment": "T_Knife",
    "from": [ 7.875, 14.125, 8 ],
    "to": [ 8.125, 14.25, 8.5 ],
    "faces": {
        "down":  { "uv": [ 8.125, 8.5, 7.875, 8 ], "texture": "#texture" },
        "up":    { "uv": [ 7.875, 8, 8.125, 8.5 ], "texture": "#texture" },
        "north": { "uv": [ 7.875, 1.75, 8.125, 1.875 ], "texture": "#texture" },
        "south": { "uv": [ 7.875, 1.75, 8.125, 1.875 ], "texture": "#texture" },
        "west":  { "uv": [ 8, 1.75, 8.5, 1.875 ], "texture": "#texture" },
        "east":  { "uv": [ 7.5, 1.75, 8, 1.875 ], "texture": "#texture" }
    }
},
{
    "__comment": "T_Knife",
    "from": [ 7.875, 12.75, 8.125 ],
    "to": [ 8.125, 13.375, 8.875 ],
    "faces": {
        "down":  { "uv": [ 8.125, 8.875, 7.875, 8.125 ], "texture": "#texture" },
        "up":    { "uv": [ 7.875, 8.125, 8.125, 8.875 ], "texture": "#texture" },
        "north": { "uv": [ 7.875, 2.625, 8.125, 3.25 ], "texture": "#texture" },
        "south": { "uv": [ 7.875, 2.625, 8.125, 3.25 ], "texture": "#texture" },
        "west":  { "uv": [ 8.125, 2.625, 8.875, 3.25 ], "texture": "#texture" },
        "east":  { "uv": [ 8.375, 2.875, 9.125, 3.5 ], "rotation": 180, "texture": "#texture" }
    }
},
{
    "__comment": "T_Knife",
    "from": [ 7.875, 13.375, 8.125 ],
    "to": [ 8.125, 13.75, 8.75 ],
    "faces": {
        "down":  { "uv": [ 8.125, 8.75, 7.875, 8.125 ], "texture": "#texture" },
        "up":    { "uv": [ 7.875, 8.125, 8.125, 8.75 ], "texture": "#texture" },
        "north": { "uv": [ 7.875, 2.25, 8.125, 2.625 ], "texture": "#texture" },
        "south": { "uv": [ 7.875, 2.25, 8.125, 2.625 ], "texture": "#texture" },
        "west":  { "uv": [ 8.125, 2.25, 8.75, 2.625 ], "texture": "#texture" },
        "east":  { "uv": [ 8.5, 2.875, 9.125, 3.25 ], "rotation": 180, "texture": "#texture" }
    }
},
{
    "__comment": "T_Knife",
    "from": [ 7.875, 8.75, 8.25 ],
    "to": [ 8.125, 12.75, 8.875 ],
    "faces": {
        "down":  { "uv": [ 8.125, 8.875, 7.875, 8.25 ], "texture": "#texture" },
        "up":    { "uv": [ 7.875, 8.25, 8.125, 8.875 ], "texture": "#texture" },
        "north": { "uv": [ 7.875, 3.25, 8.125, 7.25 ], "texture": "#texture" },
        "south": { "uv": [ 7.875, 3.25, 8.125, 7.25 ], "texture": "#texture" },
        "west":  { "uv": [ 8.25, 3.25, 8.875, 7.25 ], "texture": "#texture" },
        "east":  { "uv": [ 8.5, 2.875, 9.125, 6.875 ], "rotation": 180, "texture": "#texture" }
    }
},
{
    "__comment": "T_Knife",
    "from": [ 7.875, 8.875, 8.875 ],
    "to": [ 8.125, 12.125, 9 ],
    "faces": {
        "down":  { "uv": [ 8.125, 9, 7.875, 8.875 ], "texture": "#texture" },
        "up":    { "uv": [ 7.875, 8.875, 8.125, 9 ], "texture": "#texture" },
        "north": { "uv": [ 7.875, 3.875, 8.125, 7.125 ], "texture": "#texture" },
        "south": { "uv": [ 7.875, 3.875, 8.125, 7.125 ], "texture": "#texture" },
        "west":  { "uv": [ 9, 3.375, 9.125, 6.625 ], "texture": "#texture" },
        "east":  { "uv": [ 9, 3.375, 9.125, 6.625 ], "texture": "#texture" }
    }
}
],
"display": {
    "thirdperson_righthand": {
        "rotation": [ 0, 180, 0 ],
        "translation": [ -0.6, 1, 1 ],
        "scale": [ 0.75, 0.75, 0.75 ]
    },
    "firstperson_righthand": {
        "rotation": [ -45, -120, -45 ],
        "translation": [ 0, 3, 0 ],
        "scale": [ 0.7, 0.7, 0.7 ]
    },
    "gui": {
        "rotation": [ -45, -150, -45 ],
        "translation": [ 0, 0, 0 ],
        "scale": [ 1.7, 1.7, 1.7 ]
    },
    "ground": {
        "rotation": [ 0, 0, 0 ],
        "translation": [ 0, 0, 0 ],
        "scale": [ 0.7, 0.7, 0.7 ]
    }
}
}