{
"__comment": "Designed by Mechanan with BDcraft Cubik PRO 0.95 Beta - http://bdcraft.net",
"textures": {
    "texture": "items/deserteagle_blaze"
},
"elements": [ 
{
    "__comment": "DesertEagle",
    "from": [ 7.25, 9.25, 0.5 ],
    "to": [ 8.75, 9.375, 1 ],
    "faces": {
        "down":  { "uv": [ 5, 13.75, 3.5, 13.25 ], "texture": "#texture" },
        "up":    { "uv": [ 3, 13.25, 4.5, 13.75 ], "texture": "#texture" },
        "north": { "uv": [ 5.25, 12.625, 3.75, 12.75 ], "texture": "#texture" },
        "south": { "uv": [ 3.125, 12.8125, 4.625, 12.9375 ], "texture": "#texture" },
        "west":  { "uv": [ 0.5, 6.625, 1, 6.75 ], "texture": "#texture" },
        "east":  { "uv": [ 1, 6.625, 0.5, 6.75 ], "texture": "#texture" }
    }
},
{
    "__comment": "DesertEagle",
    "from": [ 7.25, 9.375, 1 ],
    "to": [ 8.75, 9.5, 8.75 ],
    "faces": {
        "down":  { "uv": [ 10.5, 16, 9, 8.25 ], "texture": "#texture" },
        "up":    { "uv": [ 9.3125, 8.25, 10.8125, 16 ], "texture": "#texture" },
        "north": { "uv": [ 5.375, 13, 3.875, 13.125 ], "texture": "#texture" },
        "south": { "uv": [ 7.25, 6.5, 8.75, 6.625 ], "texture": "#texture" },
        "west":  { "uv": [ 1, 6.5, 8.75, 6.625 ], "texture": "#texture" },
        "east":  { "uv": [ 8.75, 6.5, 1, 6.625 ], "texture": "#texture" }
    }
},
{
    "__comment": "DesertEagle",
    "from": [ 7.25, 9.5, 1.25 ],
    "to": [ 8.75, 9.75, 14.25 ],
    "faces": {
        "down":  { "uv": [ 13.875, 1.1875, 1.1875, 0.25 ], "rotation": 90, "texture": "#texture" },
        "up":    { "uv": [ 2.625, 1.5625, 4.125, 14.5625 ], "texture": "#texture" },
        "north": { "uv": [ 5.375, 13.0625, 3.875, 13.3125 ], "texture": "#texture" },
        "south": { "uv": [ 14.375, 4.9375, 15.875, 5.1875 ], "texture": "#texture" },
        "west":  { "uv": [ 1.25, 6.25, 14.25, 6.5 ], "texture": "#texture" },
        "east":  { "uv": [ 14.25, 6.25, 1.25, 6.5 ], "texture": "#texture" }
    }
},
{
    "__comment": "DesertEagle",
    "from": [ 7.25, 9.25, 1.375 ],
    "to": [ 8.75, 9.375, 8.625 ],
    "faces": {
        "down":  { "uv": [ 7.9375, 10.125, 6.4375, 2.875 ], "texture": "#texture" },
        "north": { "uv": [ 7.75, 11, 6.25, 11.125 ], "texture": "#texture" },
        "south": { "uv": [ 7.25, 6.625, 8.75, 6.75 ], "texture": "#texture" },
        "west":  { "uv": [ 1.375, 6.625, 8.125, 6.75 ], "texture": "#texture" },
        "east":  { "uv": [ 8.125, 6.625, 1.3125, 6.75 ], "texture": "#texture" }
    }
},
{
    "__comment": "DesertEagle",
    "from": [ 7.25, 9.75, 1.375 ],
    "to": [ 8.75, 10.25, 14.25 ],
    "faces": {
        "up":    { "uv": [ 6.375, 3.125, 7.875, 16 ], "texture": "#texture" },
        "north": { "uv": [ 5.375, 12.9375, 3.875, 13.4375 ], "texture": "#texture" },
        "south": { "uv": [ 14.5, 4.875, 16, 5.375 ], "texture": "#texture" },
        "west":  { "uv": [ 1.375, 5.75, 14.25, 6.25 ], "texture": "#texture" },
        "east":  { "uv": [ 14.25, 5.75, 1.375, 6.25 ], "texture": "#texture" }
    }
},
{
    "__comment": "DesertEagle",
    "from": [ 7.25, 10.25, 1.5 ],
    "to": [ 8.75, 10.5, 14.25 ],
    "faces": {
        "up":    { "uv": [ 6.6875, 0.125, 13.375, 1.375 ], "rotation": 90, "texture": "#texture" },
        "north": { "uv": [ 4.75, 12.75, 3.25, 13 ], "texture": "#texture" },
        "south": { "uv": [ 14.5, 4.875, 16, 5.125 ], "texture": "#texture" },
        "west":  { "uv": [ 1.5, 5.5, 14.25, 5.75 ], "texture": "#texture" },
        "east":  { "uv": [ 14.25, 5.5, 1.5, 5.75 ], "texture": "#texture" }
    }
},
{
    "__comment": "DesertEagle",
    "from": [ 7.25, 10.5, 1.5 ],
    "to": [ 8.75, 10.625, 6.75 ],
    "faces": {
        "up":    { "uv": [ 7.25, 1.5, 8.75, 6.75 ], "texture": "#texture" },
        "north": { "uv": [ 8.75, 5.375, 7.25, 5.5 ], "texture": "#texture" },
        "south": { "uv": [ 7.25, 5.375, 8.75, 5.5 ], "texture": "#texture" },
        "west":  { "uv": [ 1.5, 5.375, 6.75, 5.5 ], "texture": "#texture" },
        "east":  { "uv": [ 6.75, 5.375, 1.5, 5.5 ], "texture": "#texture" }
    }
},
{
    "__comment": "DesertEagle",
    "from": [ 7.25, 10.625, 1.5 ],
    "to": [ 8.75, 10.75, 6.625 ],
    "faces": {
        "up":    { "uv": [ 6.3125, 10.875, 7.8125, 16 ], "texture": "#texture" },
        "north": { "uv": [ 4.75, 12.9375, 3.25, 13.0625 ], "texture": "#texture" },
        "south": { "uv": [ 2.5625, 13, 4.0625, 13.125 ], "texture": "#texture" },
        "west":  { "uv": [ 1.5, 5.25, 6.625, 5.375 ], "texture": "#texture" },
        "east":  { "uv": [ 6.625, 5.25, 1.5, 5.375 ], "texture": "#texture" }
    }
},
{
    "__comment": "DesertEagle",
    "from": [ 7.25, 3.875, 1.625 ],
    "to": [ 8.75, 4.125, 4.625 ],
    "faces": {
        "down":  { "uv": [ 8.75, 4.625, 7.25, 1.625 ], "texture": "#texture" },
        "up":    { "uv": [ 5.9375, 8.8125, 7.4375, 11.8125 ], "texture": "#texture" },
        "north": { "uv": [ 8.75, 11.875, 7.25, 12.125 ], "texture": "#texture" },
        "south": { "uv": [ 7.25, 11.875, 8.75, 12.125 ], "texture": "#texture" },
        "west":  { "uv": [ 1.625, 11.875, 4.625, 12.125 ], "texture": "#texture" },
        "east":  { "uv": [ 4.625, 11.875, 1.625, 12.125 ], "texture": "#texture" }
    }
},
{
    "__comment": "DesertEagle",
    "from": [ 7.25, 4.125, 1.625 ],
    "to": [ 8.75, 4.375, 4.5 ],
    "faces": {
        "up":    { "uv": [ 9.1875, 10.6875, 10.6875, 13.5625 ], "texture": "#texture" },
        "north": { "uv": [ 10.625, 12.5625, 9.125, 12.8125 ], "texture": "#texture" },
        "south": { "uv": [ 7.25, 11.625, 8.75, 11.875 ], "texture": "#texture" },
        "west":  { "uv": [ 1.625, 11.625, 4.5, 11.875 ], "texture": "#texture" },
        "east":  { "uv": [ 4.5, 11.625, 1.625, 11.875 ], "texture": "#texture" }
    }
},
{
    "__comment": "DesertEagle",
    "from": [ 7.25, 9.125, 1.625 ],
    "to": [ 8.75, 9.25, 8.375 ],
    "faces": {
        "down":  { "uv": [ 13.4375, 11.5625, 11.9375, 4.8125 ], "rotation": 180, "texture": "#texture" },
        "north": { "uv": [ 7.5, 10.9375, 6, 11.0625 ], "texture": "#texture" },
        "south": { "uv": [ 7.25, 6.75, 8.75, 6.875 ], "texture": "#texture" },
        "west":  { "uv": [ 1.625, 6.75, 8.375, 6.875 ], "texture": "#texture" },
        "east":  { "uv": [ 8.375, 6.75, 1.625, 6.875 ], "texture": "#texture" }
    }
},
{
    "__comment": "DesertEagle",
    "from": [ 7.25, 10.75, 1.625 ],
    "to": [ 8.75, 10.875, 6.5 ],
    "faces": {
        "up":    { "uv": [ 6.4375, 9.875, 7.9375, 14.75 ], "texture": "#texture" },
        "north": { "uv": [ 4.75, 13, 3.25, 13.125 ], "texture": "#texture" },
        "south": { "uv": [ 2.5625, 13, 4.0625, 13.125 ], "texture": "#texture" },
        "west":  { "uv": [ 1.625, 5.125, 6.5, 5.25 ], "texture": "#texture" },
        "east":  { "uv": [ 6.5, 5.125, 1.625, 5.25 ], "texture": "#texture" }
    }
},
{
    "__comment": "DesertEagle",
    "from": [ 7.25, 10.875, 1.625 ],
    "to": [ 8.75, 11.25, 6.375 ],
    "faces": {
        "up":    { "uv": [ 7.25, 1.625, 8.75, 6.375 ], "texture": "#texture" },
        "north": { "uv": [ 3.9375, 13.8125, 2.4375, 14.1875 ], "texture": "#texture" },
        "south": { "uv": [ 2.4375, 12.9375, 3.9375, 13.3125 ], "texture": "#texture" },
        "west":  { "uv": [ 1.625, 4.75, 6.375, 5.125 ], "texture": "#texture" },
        "east":  { "uv": [ 6.375, 4.75, 1.625, 5.125 ], "texture": "#texture" }
    }
},
{
    "__comment": "DesertEagle",
    "from": [ 7.25, 3.75, 1.75 ],
    "to": [ 8.75, 3.875, 4.625 ],
    "faces": {
        "down":  { "uv": [ 13.1875, 12.5625, 11.6875, 9.6875 ], "texture": "#texture" },
        "north": { "uv": [ 13.1875, 12.9375, 11.6875, 13.0625 ], "texture": "#texture" },
        "south": { "uv": [ 11.8125, 13.0625, 13.3125, 13.1875 ], "texture": "#texture" },
        "west":  { "uv": [ 1.75, 12.125, 4.625, 12.25 ], "texture": "#texture" },
        "east":  { "uv": [ 4.625, 12.125, 1.75, 12.25 ], "texture": "#texture" }
    }
},
{
    "__comment": "DesertEagle",
    "from": [ 7.25, 4.375, 1.75 ],
    "to": [ 8.75, 5.375, 4.5 ],
    "faces": {
        "up":    { "uv": [ 9.0625, 11.3125, 10.5625, 14.0625 ], "texture": "#texture" },
        "north": { "uv": [ 10.8125, 12.75, 9.3125, 13.75 ], "texture": "#texture" },
        "south": { "uv": [ 9.3125, 12.125, 10.8125, 13.125 ], "texture": "#texture" },
        "west":  { "uv": [ 1.75, 10.625, 4.5, 11.625 ], "texture": "#texture" },
        "east":  { "uv": [ 4.5, 10.625, 1.75, 11.625 ], "texture": "#texture" }
    }
},
{
    "__comment": "DesertEagle",
    "from": [ 7.25, 11.25, 1.75 ],
    "to": [ 8.75, 11.375, 6.375 ],
    "faces": {
        "up":    { "uv": [ 7.25, 1.75, 8.75, 6.375 ], "texture": "#texture" },
        "north": { "uv": [ 4.25, 14.375, 2.75, 14.5 ], "texture": "#texture" },
        "south": { "uv": [ 3.0625, 13.1875, 4.5625, 13.3125 ], "texture": "#texture" },
        "west":  { "uv": [ 1.75, 4.625, 6.375, 4.75 ], "texture": "#texture" },
        "east":  { "uv": [ 6.375, 4.625, 1.75, 4.75 ], "texture": "#texture" }
    }
},
{
    "__comment": "DesertEagle",
    "from": [ 7.25, 5.375, 1.875 ],
    "to": [ 8.75, 5.625, 4.625 ],
    "faces": {
        "down":  { "uv": [ 10.5, 13.4375, 9, 10.6875 ], "texture": "#texture" },
        "up":    { "uv": [ 9.25, 10.8125, 10.75, 13.5625 ], "texture": "#texture" },
        "north": { "uv": [ 10.4375, 11.3125, 8.9375, 11.5625 ], "texture": "#texture" },
        "south": { "uv": [ 9.125, 11.125, 10.625, 11.375 ], "texture": "#texture" },
        "west":  { "uv": [ 1.875, 10.375, 4.625, 10.625 ], "texture": "#texture" },
        "east":  { "uv": [ 4.625, 10.375, 1.875, 10.625 ], "texture": "#texture" }
    }
},
{
    "__comment": "DesertEagle",
    "from": [ 7.25, 9, 1.875 ],
    "to": [ 8.75, 9.125, 6.5 ],
    "faces": {
        "down":  { "uv": [ 13.125, 15.75, 11.625, 11.125 ], "texture": "#texture" },
        "north": { "uv": [ 13.1875, 10.125, 11.6875, 10.25 ], "texture": "#texture" },
        "south": { "uv": [ 11.6875, 10.8125, 13.1875, 10.9375 ], "texture": "#texture" },
        "west":  { "uv": [ 1.875, 6.875, 6.5, 7 ], "texture": "#texture" },
        "east":  { "uv": [ 6.5, 6.875, 1.875, 7 ], "texture": "#texture" }
    }
},
{
    "__comment": "DesertEagle",
    "from": [ 7.25, 11.375, 1.875 ],
    "to": [ 8.75, 11.5, 6.375 ],
    "faces": {
        "up":    { "uv": [ 7.25, 1.875, 8.75, 6.375 ], "texture": "#texture" },
        "north": { "uv": [ 3.5625, 13.3125, 2.0625, 13.4375 ], "texture": "#texture" },
        "south": { "uv": [ 3.375, 12.9375, 4.875, 13.0625 ], "texture": "#texture" },
        "west":  { "uv": [ 1.875, 4.5, 6.375, 4.625 ], "texture": "#texture" },
        "east":  { "uv": [ 6.375, 4.5, 1.875, 4.625 ], "texture": "#texture" }
    }
},
{
    "__comment": "DesertEagle",
    "from": [ 7.25, 5.625, 2 ],
    "to": [ 8.75, 6.125, 4.75 ],
    "faces": {
        "down":  { "uv": [ 10.625, 13.4375, 9.125, 10.6875 ], "texture": "#texture" },
        "up":    { "uv": [ 9, 11.1875, 10.5, 13.9375 ], "texture": "#texture" },
        "north": { "uv": [ 10.6875, 11, 9.1875, 11.5 ], "texture": "#texture" },
        "south": { "uv": [ 9.3125, 11.75, 10.8125, 12.25 ], "texture": "#texture" },
        "west":  { "uv": [ 2, 9.875, 4.75, 10.375 ], "texture": "#texture" },
        "east":  { "uv": [ 4.75, 9.875, 2, 10.375 ], "texture": "#texture" }
    }
},
{
    "__comment": "DesertEagle",
    "from": [ 7.25, 11.5, 2 ],
    "to": [ 8.75, 11.625, 6.375 ],
    "faces": {
        "up":    { "uv": [ 6.25, 10.5625, 7.75, 14.9375 ], "texture": "#texture" },
        "north": { "uv": [ 4.875, 13.0625, 3.375, 13.1875 ], "texture": "#texture" },
        "south": { "uv": [ 3, 13.375, 4.5, 13.5 ], "texture": "#texture" },
        "west":  { "uv": [ 2, 4.375, 6.375, 4.5 ], "texture": "#texture" },
        "east":  { "uv": [ 6.375, 4.375, 2, 4.5 ], "texture": "#texture" }
    }
},
{
    "__comment": "DesertEagle",
    "from": [ 7.25, 6.125, 2.125 ],
    "to": [ 8.75, 6.625, 4.75 ],
    "faces": {
        "up":    { "uv": [ 9.25, 10.75, 10.75, 13.375 ], "texture": "#texture" },
        "north": { "uv": [ 11.0625, 11.5, 9.5625, 12 ], "texture": "#texture" },
        "south": { "uv": [ 9.5, 11.4375, 11, 11.9375 ], "texture": "#texture" },
        "west":  { "uv": [ 2.125, 9.375, 4.75, 9.875 ], "texture": "#texture" },
        "east":  { "uv": [ 4.75, 9.375, 2.125, 9.875 ], "texture": "#texture" }
    }
},
{
    "__comment": "DesertEagle",
    "from": [ 7.25, 8.875, 2.125 ],
    "to": [ 8.75, 9, 5.875 ],
    "faces": {
        "down":  { "uv": [ 13.1875, 15, 11.6875, 11.25 ], "texture": "#texture" },
        "north": { "uv": [ 13.1875, 11.125, 11.6875, 11.25 ], "texture": "#texture" },
        "south": { "uv": [ 11.75, 11.25, 13.25, 11.375 ], "texture": "#texture" },
        "west":  { "uv": [ 2.125, 7, 5.875, 7.125 ], "texture": "#texture" },
        "east":  { "uv": [ 5.875, 7, 2.125, 7.125 ], "texture": "#texture" }
    }
},
{
    "__comment": "DesertEagle",
    "from": [ 7.25, 11.625, 2.125 ],
    "to": [ 8.75, 11.75, 6.375 ],
    "faces": {
        "up":    { "uv": [ 3.875, 4.25, 6.3125, 5.125 ], "rotation": 90, "texture": "#texture" },
        "north": { "uv": [ 4.5, 13, 3, 13.125 ], "texture": "#texture" },
        "south": { "uv": [ 3.5, 13.0625, 5, 13.1875 ], "texture": "#texture" },
        "west":  { "uv": [ 2.125, 4.25, 6.375, 4.375 ], "texture": "#texture" },
        "east":  { "uv": [ 6.375, 4.25, 2.125, 4.375 ], "texture": "#texture" }
    }
},
{
    "__comment": "DesertEagle",
    "from": [ 7.25, 6.625, 2.25 ],
    "to": [ 8.75, 7.25, 4.875 ],
    "faces": {
        "down":  { "uv": [ 10.6875, 13.5, 9.1875, 10.875 ], "texture": "#texture" },
        "up":    { "uv": [ 9.25, 11.1875, 10.75, 13.8125 ], "texture": "#texture" },
        "north": { "uv": [ 10.875, 11.625, 9.375, 12.25 ], "texture": "#texture" },
        "south": { "uv": [ 9.0625, 11, 10.5625, 11.625 ], "texture": "#texture" },
        "west":  { "uv": [ 2.25, 8.75, 4.875, 9.375 ], "texture": "#texture" },
        "east":  { "uv": [ 4.875, 8.75, 2.25, 9.375 ], "texture": "#texture" }
    }
},
{
    "__comment": "DesertEagle",
    "from": [ 7.25, 8.625, 2.25 ],
    "to": [ 8.75, 8.875, 5.625 ],
    "faces": {
        "down":  { "uv": [ 13.25, 14.75, 11.75, 11.375 ], "texture": "#texture" },
        "north": { "uv": [ 13.1875, 10.4375, 11.6875, 10.6875 ], "texture": "#texture" },
        "south": { "uv": [ 11.6875, 11.375, 13.1875, 11.625 ], "texture": "#texture" },
        "west":  { "uv": [ 2.25, 7.125, 5.625, 7.375 ], "texture": "#texture" },
        "east":  { "uv": [ 5.625, 7.125, 2.25, 7.375 ], "texture": "#texture" }
    }
},
{
    "__comment": "DesertEagle",
    "from": [ 7.25, 7.25, 2.375 ],
    "to": [ 8.75, 7.75, 5.375 ],
    "faces": {
        "down":  { "uv": [ 13.25, 14.1875, 11.75, 11.1875 ], "texture": "#texture" },
        "up":    { "uv": [ 9.0625, 12.125, 10.5625, 15.125 ], "texture": "#texture" },
        "north": { "uv": [ 10.75, 11.5625, 9.25, 12.0625 ], "texture": "#texture" },
        "south": { "uv": [ 11.6875, 11.3125, 13.1875, 11.8125 ], "texture": "#texture" },
        "west":  { "uv": [ 2.375, 8.25, 5.375, 8.75 ], "texture": "#texture" },
        "east":  { "uv": [ 5.375, 8.25, 2.375, 8.75 ], "texture": "#texture" }
    }
},
{
    "__comment": "DesertEagle",
    "from": [ 7.25, 8.5, 2.375 ],
    "to": [ 8.75, 8.625, 5.5 ],
    "faces": {
        "down":  { "uv": [ 13.25, 15.875, 11.75, 12.75 ], "texture": "#texture" },
        "north": { "uv": [ 13.1875, 10.5625, 11.6875, 10.6875 ], "texture": "#texture" },
        "south": { "uv": [ 11.75, 10.125, 13.25, 10.25 ], "texture": "#texture" },
        "west":  { "uv": [ 2.375, 7.375, 5.5, 7.5 ], "texture": "#texture" },
        "east":  { "uv": [ 5.5, 7.375, 2.375, 7.5 ], "texture": "#texture" }
    }
},
{
    "__comment": "DesertEagle",
    "from": [ 7.25, 7.75, 2.5 ],
    "to": [ 8.75, 7.875, 5.625 ],
    "faces": {
        "down":  { "uv": [ 8.75, 5.625, 7.25, 2.5 ], "texture": "#texture" },
        "up":    { "uv": [ 11.75, 9.875, 13.25, 13 ], "texture": "#texture" },
        "north": { "uv": [ 11, 11.5625, 9.5, 11.6875 ], "texture": "#texture" },
        "south": { "uv": [ 11.6875, 10.1875, 13.1875, 10.3125 ], "texture": "#texture" },
        "west":  { "uv": [ 2.5, 8.125, 5.625, 8.25 ], "texture": "#texture" },
        "east":  { "uv": [ 5.625, 8.125, 2.5, 8.25 ], "texture": "#texture" }
    }
},
{
    "__comment": "DesertEagle",
    "from": [ 7.25, 7.875, 2.5 ],
    "to": [ 8.75, 8.375, 5.5 ],
    "faces": {
        "up":    { "uv": [ 11.75, 10.9375, 13.25, 13.9375 ], "texture": "#texture" },
        "north": { "uv": [ 10.6875, 12.1875, 9.1875, 12.6875 ], "texture": "#texture" },
        "south": { "uv": [ 11.625, 11.625, 13.125, 12.125 ], "texture": "#texture" },
        "west":  { "uv": [ 2.5, 7.625, 5.5, 8.125 ], "texture": "#texture" },
        "east":  { "uv": [ 5.5, 7.625, 2.5, 8.125 ], "texture": "#texture" }
    }
},
{
    "__comment": "DesertEagle",
    "from": [ 7.25, 8.375, 2.5 ],
    "to": [ 8.75, 8.5, 5.375 ],
    "faces": {
        "north": { "uv": [ 10.625, 11.3125, 9.125, 11.4375 ], "texture": "#texture" },
        "south": { "uv": [ 11.75, 11.1875, 13.25, 11.3125 ], "texture": "#texture" },
        "west":  { "uv": [ 2.5, 7.5, 5.375, 7.625 ], "texture": "#texture" },
        "east":  { "uv": [ 5.375, 7.5, 2.5, 7.625 ], "texture": "#texture" }
    }
},
{
    "__comment": "DesertEagle",
    "from": [ 7.25, 4.875, 4.5 ],
    "to": [ 8.75, 5.375, 4.625 ],
    "faces": {
        "down":  { "uv": [ 7.8125, 9.5625, 6.3125, 9.4375 ], "texture": "#texture" },
        "south": { "uv": [ 7.25, 10.625, 8.75, 11.125 ], "texture": "#texture" },
        "west":  { "uv": [ 4.5, 10.625, 4.625, 11.125 ], "texture": "#texture" },
        "east":  { "uv": [ 4.625, 10.625, 4.5, 11.125 ], "texture": "#texture" }
    }
},
{
    "__comment": "DesertEagle",
    "from": [ 7.25, 6.25, 4.75 ],
    "to": [ 8.75, 6.625, 4.875 ],
    "faces": {
        "down":  { "uv": [ 7.875, 10.3125, 6.375, 10.1875 ], "texture": "#texture" },
        "south": { "uv": [ 7.25, 9.375, 8.75, 9.75 ], "texture": "#texture" },
        "west":  { "uv": [ 4.75, 9.375, 4.875, 9.75 ], "texture": "#texture" },
        "east":  { "uv": [ 4.875, 9.375, 4.75, 9.75 ], "texture": "#texture" }
    }
},
{
    "__comment": "DesertEagle",
    "from": [ 7.25, 7, 4.875 ],
    "to": [ 8.75, 7.25, 5 ],
    "faces": {
        "down":  { "uv": [ 10.6875, 8.9375, 9.1875, 8.8125 ], "texture": "#texture" },
        "south": { "uv": [ 7.25, 8.75, 8.75, 9 ], "texture": "#texture" },
        "west":  { "uv": [ 4.875, 8.75, 5, 9 ], "texture": "#texture" },
        "east":  { "uv": [ 5, 8.75, 4.875, 9 ], "texture": "#texture" }
    }
},
{
    "__comment": "DesertEagle",
    "from": [ 7.25, 7.375, 5.375 ],
    "to": [ 8.75, 7.75, 5.75 ],
    "faces": {
        "down":  { "uv": [ 8, 10.5, 6.5, 10.125 ], "texture": "#texture" },
        "up":    { "uv": [ 6.5, 8.75, 8, 9.125 ], "texture": "#texture" },
        "south": { "uv": [ 5.5625, 9.75, 7.0625, 10.125 ], "texture": "#texture" },
        "west":  { "uv": [ 5.375, 8.25, 5.75, 8.625 ], "texture": "#texture" },
        "east":  { "uv": [ 5.75, 8.25, 5.375, 8.625 ], "texture": "#texture" }
    }
},
{
    "__comment": "DesertEagle",
    "from": [ 7.25, 7.5, 5.75 ],
    "to": [ 8.75, 7.625, 5.875 ],
    "faces": {
        "down":  { "uv": [ 8.75, 5.875, 7.25, 5.75 ], "texture": "#texture" },
        "up":    { "uv": [ 7.25, 5.75, 8.75, 5.875 ], "texture": "#texture" },
        "south": { "uv": [ 5.9375, 10.8125, 7.4375, 10.9375 ], "texture": "#texture" },
        "west":  { "uv": [ 5.75, 8.375, 5.875, 8.5 ], "texture": "#texture" },
        "east":  { "uv": [ 5.875, 8.375, 5.75, 8.5 ], "texture": "#texture" }
    }
},
{
    "__comment": "DesertEagle",
    "from": [ 7.25, 9, 7.625 ],
    "to": [ 8.75, 9.125, 8.25 ],
    "faces": {
        "down":  { "uv": [ 13.25, 10.6875, 11.75, 10.0625 ], "texture": "#texture" },
        "north": { "uv": [ 13.125, 10.875, 11.625, 11 ], "texture": "#texture" },
        "south": { "uv": [ 11.8125, 10.25, 13.3125, 10.375 ], "texture": "#texture" },
        "west":  { "uv": [ 7.625, 6.875, 8.25, 7 ], "texture": "#texture" },
        "east":  { "uv": [ 8.25, 6.875, 7.625, 7 ], "texture": "#texture" }
    }
},
{
    "__comment": "DesertEagle",
    "from": [ 7.25, 8.625, 7.75 ],
    "to": [ 8.75, 9, 8.125 ],
    "faces": {
        "down":  { "uv": [ 13.25, 10.3125, 11.75, 9.9375 ], "texture": "#texture" },
        "north": { "uv": [ 13.125, 10.25, 11.625, 10.625 ], "texture": "#texture" },
        "south": { "uv": [ 11.8125, 14.5, 13.3125, 14.875 ], "texture": "#texture" },
        "west":  { "uv": [ 7.75, 7, 8.125, 7.375 ], "texture": "#texture" },
        "east":  { "uv": [ 8.125, 7, 7.75, 7.375 ], "texture": "#texture" }
    }
},
{
    "__comment": "DesertEagle",
    "from": [ 7.25, 8.875, 8.125 ],
    "to": [ 8.75, 9, 8.25 ],
    "faces": {
        "down":  { "uv": [ 13.25, 10.5, 11.75, 10.375 ], "texture": "#texture" },
        "south": { "uv": [ 11.6875, 9.5625, 13.1875, 9.6875 ], "texture": "#texture" },
        "west":  { "uv": [ 8.125, 7, 8.25, 7.125 ], "texture": "#texture" },
        "east":  { "uv": [ 8.25, 7, 8.125, 7.125 ], "texture": "#texture" }
    }
},
{
    "__comment": "DesertEagle",
    "from": [ 7.375, 9.125, 0.5625 ],
    "to": [ 8.625, 9.25, 1.625 ],
    "faces": {
        "down":  { "uv": [ 4.8125, 2, 3.5625, 0.625 ], "texture": "#texture" },
        "up":    { "uv": [ 4.25, 1.3125, 5.5, 2.6875 ], "texture": "#texture" },
        "west":  { "uv": [ 0.25, 6.75, 1.625, 6.875 ], "texture": "#texture" },
        "east":  { "uv": [ 1.625, 6.75, 0.25, 6.875 ], "texture": "#texture" }
    }
},
{
    "__comment": "DesertEagle",
    "from": [ 7.375, 9.25, 1 ],
    "to": [ 8.625, 9.375, 1.375 ],
    "faces": {
        "west":  { "uv": [ 1, 6.625, 1.375, 6.75 ], "texture": "#texture" },
        "east":  { "uv": [ 1.375, 6.625, 1, 6.75 ], "texture": "#texture" }
    }
},
{
    "__comment": "DesertEagle",
    "from": [ 7.375, 9, 1.625 ],
    "to": [ 8.625, 9.125, 1.875 ],
    "faces": {
        "down":  { "uv": [ 8.625, 1.875, 7.375, 1.625 ], "texture": "#texture" },
        "north": { "uv": [ 7.375, 10.375, 6.125, 10.5 ], "texture": "#texture" },
        "west":  { "uv": [ 1.625, 6.875, 1.875, 7 ], "texture": "#texture" },
        "east":  { "uv": [ 1.875, 6.875, 1.625, 7 ], "texture": "#texture" }
    }
},
{
    "__comment": "DesertEagle",
    "from": [ 7.375, 8.875, 1.875 ],
    "to": [ 8.625, 9, 2.125 ],
    "faces": {
        "down":  { "uv": [ 13, 10.875, 11.75, 10.625 ], "texture": "#texture" },
        "north": { "uv": [ 13.125, 10.25, 11.875, 10.375 ], "texture": "#texture" },
        "west":  { "uv": [ 1.875, 7, 2.125, 7.125 ], "texture": "#texture" },
        "east":  { "uv": [ 2.125, 7, 1.875, 7.125 ], "texture": "#texture" }
    }
},
{
    "__comment": "DesertEagle",
    "from": [ 7.375, 8.625, 2.125 ],
    "to": [ 8.625, 8.875, 2.25 ],
    "faces": {
        "down":  { "uv": [ 13.0625, 10.6875, 11.8125, 10.5625 ], "texture": "#texture" },
        "north": { "uv": [ 13.125, 11.0625, 11.875, 11.3125 ], "texture": "#texture" },
        "west":  { "uv": [ 2.125, 7.125, 2.25, 7.375 ], "texture": "#texture" },
        "east":  { "uv": [ 2.25, 7.125, 2.125, 7.375 ], "texture": "#texture" }
    }
},
{
    "__comment": "DesertEagle",
    "from": [ 7.375, 8.5, 2.25 ],
    "to": [ 8.625, 8.625, 2.375 ],
    "faces": {
        "down":  { "uv": [ 5.5, 13.0625, 4.25, 12.9375 ], "texture": "#texture" },
        "north": { "uv": [ 5.3125, 13, 4.0625, 13.125 ], "texture": "#texture" },
        "west":  { "uv": [ 2.25, 7.375, 2.375, 7.5 ], "texture": "#texture" },
        "east":  { "uv": [ 2.375, 7.375, 2.25, 7.5 ], "texture": "#texture" }
    }
},
{
    "__comment": "DesertEagle",
    "from": [ 7.375, 7.75, 2.375 ],
    "to": [ 8.625, 8.5, 2.5 ],
    "faces": {
        "north": { "uv": [ 10.6875, 10.875, 9.4375, 11.625 ], "texture": "#texture" },
        "south": { "uv": [ 11.75, 9.9375, 13, 10.6875 ], "texture": "#texture" },
        "west":  { "uv": [ 2.375, 7.5, 2.5, 8.25 ], "texture": "#texture" },
        "east":  { "uv": [ 2.5, 7.5, 2.375, 8.25 ], "texture": "#texture" }
    }
},
{
    "__comment": "DesertEagle",
    "from": [ 7.375, 11.75, 3.875 ],
    "to": [ 8.625, 11.875, 6.375 ],
    "faces": {
        "up":    { "uv": [ 3.8125, 4.25, 6.1875, 5.125 ], "rotation": 90, "texture": "#texture" },
        "north": { "uv": [ 13.125, 9.5625, 11.875, 9.6875 ], "texture": "#texture" },
        "south": { "uv": [ 7.375, 4.125, 8.625, 4.25 ], "texture": "#texture" },
        "west":  { "uv": [ 3.875, 4.125, 6.375, 4.25 ], "texture": "#texture" },
        "east":  { "uv": [ 6.375, 4.125, 3.875, 4.25 ], "texture": "#texture" }
    }
},
{
    "__comment": "DesertEagle",
    "from": [ 7.375, 4.125, 4.5 ],
    "to": [ 8.625, 4.625, 4.75 ],
    "faces": {
        "down":  { "uv": [ 8.625, 4.75, 7.375, 4.5 ], "texture": "#texture" },
        "up":    { "uv": [ 6.625, 10.1875, 7.875, 10.4375 ], "texture": "#texture" },
        "north": { "uv": [ 8.625, 11.375, 7.375, 11.875 ], "texture": "#texture" },
        "south": { "uv": [ 7.375, 11.375, 8.625, 11.875 ], "texture": "#texture" },
        "west":  { "uv": [ 4.5, 11.375, 4.75, 11.875 ], "texture": "#texture" },
        "east":  { "uv": [ 4.75, 11.375, 4.5, 11.875 ], "texture": "#texture" }
    }
},
{
    "__comment": "DesertEagle",
    "from": [ 7.375, 4.625, 4.5 ],
    "to": [ 8.625, 4.875, 4.625 ],
    "faces": {
        "south": { "uv": [ 7.375, 11.125, 8.625, 11.375 ], "texture": "#texture" },
        "west":  { "uv": [ 4.5, 11.125, 4.625, 11.375 ], "texture": "#texture" },
        "east":  { "uv": [ 4.625, 11.125, 4.5, 11.375 ], "texture": "#texture" }
    }
},
{
    "__comment": "DesertEagle",
    "from": [ 7.375, 3.75, 4.625 ],
    "to": [ 8.625, 4.125, 4.75 ],
    "faces": {
        "down":  { "uv": [ 8.5625, 10.4375, 7.3125, 10.3125 ], "texture": "#texture" },
        "north": { "uv": [ 8.625, 11.875, 7.375, 12.25 ], "texture": "#texture" },
        "south": { "uv": [ 7.375, 11.875, 8.625, 12.25 ], "texture": "#texture" },
        "west":  { "uv": [ 4.625, 11.875, 4.75, 12.25 ], "texture": "#texture" },
        "east":  { "uv": [ 4.75, 11.875, 4.625, 12.25 ], "texture": "#texture" }
    }
},
{
    "__comment": "DesertEagle",
    "from": [ 7.375, 4.75, 4.625 ],
    "to": [ 8.625, 5.625, 4.75 ],
    "faces": {
        "down":  { "uv": [ 7.875, 10.125, 6.625, 10 ], "texture": "#texture" },
        "north": { "uv": [ 8.625, 10.375, 7.375, 11.25 ], "texture": "#texture" },
        "south": { "uv": [ 7.375, 10.375, 8.625, 11.25 ], "texture": "#texture" },
        "west":  { "uv": [ 4.625, 10.375, 4.75, 11.25 ], "texture": "#texture" },
        "east":  { "uv": [ 4.75, 10.375, 4.625, 11.25 ], "texture": "#texture" }
    }
},
{
    "__comment": "DesertEagle",
    "from": [ 7.375, 3.875, 4.75 ],
    "to": [ 8.625, 4.125, 4.875 ],
    "faces": {
        "down":  { "uv": [ 7.625, 9.8125, 6.375, 9.6875 ], "texture": "#texture" },
        "up":    { "uv": [ 6.0625, 9.375, 7.3125, 9.5 ], "texture": "#texture" },
        "south": { "uv": [ 7.375, 11.875, 8.625, 12.125 ], "texture": "#texture" },
        "west":  { "uv": [ 4.75, 11.875, 4.875, 12.125 ], "texture": "#texture" },
        "east":  { "uv": [ 4.875, 11.875, 4.75, 12.125 ], "texture": "#texture" }
    }
},
{
    "__comment": "DesertEagle",
    "from": [ 7.375, 5.375, 4.75 ],
    "to": [ 8.625, 6.25, 4.875 ],
    "faces": {
        "down":  { "uv": [ 7.625, 9.75, 6.375, 9.625 ], "texture": "#texture" },
        "north": { "uv": [ 8.625, 9.75, 7.375, 10.625 ], "texture": "#texture" },
        "south": { "uv": [ 7.375, 9.75, 8.625, 10.625 ], "texture": "#texture" },
        "west":  { "uv": [ 4.75, 9.75, 4.875, 10.625 ], "texture": "#texture" },
        "east":  { "uv": [ 4.875, 9.75, 4.75, 10.625 ], "texture": "#texture" }
    }
},
{
    "__comment": "DesertEagle",
    "from": [ 7.375, 6.125, 4.875 ],
    "to": [ 8.625, 7, 5 ],
    "faces": {
        "down":  { "uv": [ 7.25, 9.6875, 6, 9.5625 ], "texture": "#texture" },
        "north": { "uv": [ 8.625, 9, 7.375, 9.875 ], "texture": "#texture" },
        "south": { "uv": [ 7.375, 9, 8.625, 9.875 ], "texture": "#texture" },
        "west":  { "uv": [ 4.875, 9, 5, 9.875 ], "texture": "#texture" },
        "east":  { "uv": [ 5, 9, 4.875, 9.875 ], "texture": "#texture" }
    }
},
{
    "__comment": "DesertEagle",
    "from": [ 7.375, 6.75, 5 ],
    "to": [ 8.625, 7.25, 5.125 ],
    "faces": {
        "down":  { "uv": [ 8.625, 5.125, 7.375, 5 ], "texture": "#texture" },
        "north": { "uv": [ 8.625, 8.75, 7.375, 9.25 ], "texture": "#texture" },
        "south": { "uv": [ 7.375, 8.75, 8.625, 9.25 ], "texture": "#texture" },
        "west":  { "uv": [ 5, 8.75, 5.125, 9.25 ], "texture": "#texture" },
        "east":  { "uv": [ 5.125, 8.75, 5, 9.25 ], "texture": "#texture" }
    }
},
{
    "__comment": "DesertEagle",
    "from": [ 7.375, 7.375, 5.75 ],
    "to": [ 8.625, 7.5, 6 ],
    "faces": {
        "down":  { "uv": [ 8.625, 6, 7.375, 5.75 ], "texture": "#texture" },
        "up":    { "uv": [ 7.375, 5.75, 8.625, 6 ], "texture": "#texture" },
        "south": { "uv": [ 7.375, 8.5, 8.625, 8.625 ], "texture": "#texture" },
        "west":  { "uv": [ 5.75, 8.5, 6, 8.625 ], "texture": "#texture" },
        "east":  { "uv": [ 6, 8.5, 5.75, 8.625 ], "texture": "#texture" }
    }
},
{
    "__comment": "DesertEagle",
    "from": [ 7.375, 10.875, 6.375 ],
    "to": [ 8.625, 11, 8.75 ],
    "faces": {
        "down":  { "uv": [ 8.625, 8.75, 7.375, 6.375 ], "texture": "#texture" },
        "up":    { "uv": [ 7.375, 6.375, 8.625, 8.75 ], "texture": "#texture" },
        "south": { "uv": [ 7.375, 5, 8.625, 5.125 ], "texture": "#texture" },
        "west":  { "uv": [ 6.375, 5, 8.75, 5.125 ], "texture": "#texture" },
        "east":  { "uv": [ 8.75, 5, 6.375, 5.125 ], "texture": "#texture" }
    }
},
{
    "__comment": "DesertEagle",
    "from": [ 7.375, 11, 6.375 ],
    "to": [ 8.625, 11.125, 8.625 ],
    "faces": {
        "up":    { "uv": [ 7.375, 6.375, 8.625, 8.625 ], "texture": "#texture" },
        "south": { "uv": [ 7.375, 4.875, 8.625, 5 ], "texture": "#texture" },
        "west":  { "uv": [ 6.375, 4.875, 8.625, 5 ], "texture": "#texture" },
        "east":  { "uv": [ 8.625, 4.875, 6.375, 5 ], "texture": "#texture" }
    }
},
{
    "__comment": "DesertEagle",
    "from": [ 7.375, 11.125, 6.375 ],
    "to": [ 8.625, 11.5, 8.5 ],
    "faces": {
        "up":    { "uv": [ 7.375, 6.375, 8.625, 8.5 ], "texture": "#texture" },
        "north": { "uv": [ 8.625, 4.5, 7.375, 4.875 ], "texture": "#texture" },
        "south": { "uv": [ 7.375, 4.5, 8.625, 4.875 ], "texture": "#texture" },
        "west":  { "uv": [ 6.375, 4.5, 8.5, 4.875 ], "texture": "#texture" },
        "east":  { "uv": [ 8.5, 4.5, 6.375, 4.875 ], "texture": "#texture" }
    }
},
{
    "__comment": "DesertEagle",
    "from": [ 7.375, 11.5, 6.375 ],
    "to": [ 8.625, 11.75, 8.375 ],
    "faces": {
        "up":    { "uv": [ 4.375, 4.375, 6.25, 5 ], "rotation": 90, "texture": "#texture" },
        "north": { "uv": [ 13.0625, 10.3125, 11.8125, 10.5625 ], "texture": "#texture" },
        "south": { "uv": [ 7.375, 4.25, 8.625, 4.5 ], "texture": "#texture" },
        "west":  { "uv": [ 6.375, 4.25, 8.375, 4.5 ], "texture": "#texture" },
        "east":  { "uv": [ 8.375, 4.25, 6.375, 4.5 ], "texture": "#texture" }
    }
},
{
    "__comment": "DesertEagle",
    "from": [ 7.375, 10.75, 6.5 ],
    "to": [ 8.625, 10.875, 14.25 ],
    "faces": {
        "down":  { "uv": [ 12.9375, 16, 11.9375, 8.8125 ], "texture": "#texture" },
        "up":    { "uv": [ 6.4375, 0.125, 14.4375, 1.3125 ], "rotation": 90, "texture": "#texture" },
        "south": { "uv": [ 14.6875, 5.0625, 15.9375, 5.1875 ], "texture": "#texture" },
        "west":  { "uv": [ 6.5, 5.125, 14.25, 5.25 ], "texture": "#texture" },
        "east":  { "uv": [ 14.25, 5.125, 6.5, 5.25 ], "texture": "#texture" }
    }
},
{
    "__comment": "DesertEagle",
    "from": [ 7.375, 10.625, 6.625 ],
    "to": [ 8.625, 10.75, 14.25 ],
    "faces": {
        "down":  { "uv": [ 8.625, 14.25, 7.375, 6.625 ], "texture": "#texture" },
        "south": { "uv": [ 14.5625, 4.875, 15.8125, 5 ], "texture": "#texture" },
        "west":  { "uv": [ 6.625, 5.25, 14.25, 5.375 ], "texture": "#texture" },
        "east":  { "uv": [ 14.25, 5.25, 6.625, 5.375 ], "texture": "#texture" }
    }
},
{
    "__comment": "DesertEagle",
    "from": [ 7.375, 10.5, 6.75 ],
    "to": [ 8.625, 10.625, 14.25 ],
    "faces": {
        "south": { "uv": [ 14.6875, 5, 15.9375, 5.125 ], "texture": "#texture" },
        "west":  { "uv": [ 6.75, 5.375, 14.25, 5.5 ], "texture": "#texture" },
        "east":  { "uv": [ 14.25, 5.375, 6.75, 5.5 ], "texture": "#texture" }
    }
},
{
    "__comment": "DesertEagle",
    "from": [ 7.375, 8.5, 7.875 ],
    "to": [ 8.625, 8.625, 8.125 ],
    "faces": {
        "down":  { "uv": [ 13.0625, 10.4375, 11.8125, 10.1875 ], "texture": "#texture" },
        "north": { "uv": [ 13.0625, 12.1875, 11.8125, 12.3125 ], "texture": "#texture" },
        "south": { "uv": [ 3.6875, 12.6875, 4.9375, 12.8125 ], "texture": "#texture" },
        "west":  { "uv": [ 7.875, 7.375, 8.125, 7.5 ], "texture": "#texture" },
        "east":  { "uv": [ 8.125, 7.375, 7.875, 7.5 ], "texture": "#texture" }
    }
},
{
    "__comment": "DesertEagle",
    "from": [ 7.375, 9.375, 8.75 ],
    "to": [ 8.625, 9.5, 14.25 ],
    "faces": {
        "down":  { "uv": [ 16, 1.1875, 6.6875, 0.25 ], "rotation": 90, "texture": "#texture" },
        "south": { "uv": [ 14, 5.0625, 15.25, 5.1875 ], "texture": "#texture" },
        "west":  { "uv": [ 8.75, 6.25, 14.25, 6.375 ], "texture": "#texture" },
        "east":  { "uv": [ 14.25, 6.25, 8.75, 6.375 ], "texture": "#texture" }
    }
},
{
    "__comment": "DesertEagle",
    "from": [ 7.5, 9, 1.5 ],
    "to": [ 8.5, 9.125, 1.625 ],
    "faces": {
        "down":  { "uv": [ 13, 11.1875, 12, 11.0625 ], "texture": "#texture" },
        "north": { "uv": [ 13.25, 11.25, 12.25, 11.375 ], "texture": "#texture" },
        "west":  { "uv": [ 1.5, 6.875, 1.625, 7 ], "texture": "#texture" },
        "east":  { "uv": [ 1.625, 6.875, 1.5, 7 ], "texture": "#texture" }
    }
},
{
    "__comment": "DesertEagle",
    "from": [ 7.5, 8.75, 2 ],
    "to": [ 8.5, 8.875, 2.125 ],
    "faces": {
        "down":  { "uv": [ 13, 11.1875, 12, 11.0625 ], "texture": "#texture" },
        "north": { "uv": [ 13.0625, 10.625, 12.0625, 10.75 ], "texture": "#texture" },
        "west":  { "uv": [ 2, 7.125, 2.125, 7.25 ], "texture": "#texture" },
        "east":  { "uv": [ 2.125, 7.125, 2, 7.25 ], "texture": "#texture" }
    }
},
{
    "__comment": "DesertEagle",
    "from": [ 7.5, 8.375, 2.25 ],
    "to": [ 8.5, 8.5, 2.375 ],
    "faces": {
        "down":  { "uv": [ 8.5, 2.375, 7.5, 2.25 ], "texture": "#texture" },
        "north": { "uv": [ 4.375, 13.3125, 3.375, 13.4375 ], "texture": "#texture" },
        "west":  { "uv": [ 2.25, 7.5, 2.375, 7.625 ], "texture": "#texture" },
        "east":  { "uv": [ 2.375, 7.5, 2.25, 7.625 ], "texture": "#texture" }
    }
},
{
    "__comment": "DesertEagle",
    "from": [ 7.5, 11.75, 2.5 ],
    "to": [ 8.5, 11.875, 3.125 ],
    "faces": {
        "up":    { "uv": [ 7.5, 2.5, 8.5, 3.125 ], "texture": "#texture" },
        "north": { "uv": [ 8.4375, 3.8125, 7.4375, 3.9375 ], "texture": "#texture" },
        "south": { "uv": [ 7.5, 3.875, 8.5, 4 ], "texture": "#texture" },
        "west":  { "uv": [ 2.5, 4.125, 3.125, 4.25 ], "texture": "#texture" },
        "east":  { "uv": [ 3.125, 4.125, 2.5, 4.25 ], "texture": "#texture" }
    }
},
{
    "__comment": "DesertEagle",
    "from": [ 7.5, 11.875, 2.5 ],
    "to": [ 8.5, 12, 3 ],
    "faces": {
        "up":    { "uv": [ 7.5, 2.5, 8.5, 3 ], "texture": "#texture" },
        "north": { "uv": [ 8.4375, 3.4375, 7.4375, 3.5625 ], "texture": "#texture" },
        "south": { "uv": [ 7.5, 3.875, 8.5, 4 ], "texture": "#texture" },
        "west":  { "uv": [ 2.5, 4, 3, 4.125 ], "texture": "#texture" },
        "east":  { "uv": [ 3, 4, 2.5, 4.125 ], "texture": "#texture" }
    }
},
{
    "__comment": "DesertEagle",
    "from": [ 7.5, 12, 2.5 ],
    "to": [ 7.875, 12.125, 2.875 ],
    "faces": {
        "up":    { "uv": [ 7.5, 2.5, 7.875, 2.875 ], "texture": "#texture" },
        "north": { "uv": [ 7.875, 3.875, 7.5, 4 ], "texture": "#texture" },
        "south": { "uv": [ 7.5, 3.875, 7.875, 4 ], "texture": "#texture" },
        "west":  { "uv": [ 2.5, 3.875, 2.875, 4 ], "texture": "#texture" },
        "east":  { "uv": [ 2.875, 3.875, 2.5, 4 ], "texture": "#texture" }
    }
},
{
    "__comment": "DesertEagle",
    "from": [ 7.5, 12.125, 2.5 ],
    "to": [ 7.875, 12.25, 2.75 ],
    "faces": {
        "up":    { "uv": [ 7.5, 2.5, 7.875, 2.75 ], "texture": "#texture" },
        "north": { "uv": [ 7.875, 3.75, 7.5, 3.875 ], "texture": "#texture" },
        "south": { "uv": [ 7.5, 3.75, 7.875, 3.875 ], "texture": "#texture" },
        "west":  { "uv": [ 2.5, 3.75, 2.75, 3.875 ], "texture": "#texture" },
        "east":  { "uv": [ 2.75, 3.75, 2.5, 3.875 ], "texture": "#texture" }
    }
},
{
    "__comment": "DesertEagle",
    "from": [ 7.5, 4.625, 4.625 ],
    "to": [ 8.5, 4.75, 4.75 ],
    "faces": {
        "south": { "uv": [ 7.5, 11.25, 8.5, 11.375 ], "texture": "#texture" },
        "west":  { "uv": [ 4.625, 11.25, 4.75, 11.375 ], "texture": "#texture" },
        "east":  { "uv": [ 4.75, 11.25, 4.625, 11.375 ], "texture": "#texture" }
    }
},
{
    "__comment": "DesertEagle",
    "from": [ 7.5, 4.125, 4.75 ],
    "to": [ 8.5, 4.375, 4.875 ],
    "faces": {
        "up":    { "uv": [ 7.25, 10.25, 8.25, 10.375 ], "texture": "#texture" },
        "south": { "uv": [ 7.5, 11.625, 8.5, 11.875 ], "texture": "#texture" },
        "west":  { "uv": [ 4.75, 11.625, 4.875, 11.875 ], "texture": "#texture" },
        "east":  { "uv": [ 4.875, 11.625, 4.75, 11.875 ], "texture": "#texture" }
    }
},
{
    "__comment": "DesertEagle",
    "from": [ 7.5, 5, 4.75 ],
    "to": [ 8.5, 5.375, 4.875 ],
    "faces": {
        "down":  { "uv": [ 8, 9.875, 7, 9.75 ], "texture": "#texture" },
        "south": { "uv": [ 7.5, 10.625, 8.5, 11 ], "texture": "#texture" },
        "west":  { "uv": [ 4.75, 10.625, 4.875, 11 ], "texture": "#texture" },
        "east":  { "uv": [ 4.875, 10.625, 4.75, 11 ], "texture": "#texture" }
    }
},
{
    "__comment": "DesertEagle",
    "from": [ 7.5, 3.875, 4.875 ],
    "to": [ 8.5, 4, 5 ],
    "faces": {
        "down":  { "uv": [ 7.625, 10.375, 6.625, 10.25 ], "texture": "#texture" },
        "up":    { "uv": [ 6.5625, 9.5625, 7.5625, 9.6875 ], "texture": "#texture" },
        "south": { "uv": [ 7.5, 12, 8.5, 12.125 ], "texture": "#texture" },
        "west":  { "uv": [ 4.875, 12, 5, 12.125 ], "texture": "#texture" },
        "east":  { "uv": [ 5, 12, 4.875, 12.125 ], "texture": "#texture" }
    }
},
{
    "__comment": "DesertEagle",
    "from": [ 7.5, 5.75, 4.875 ],
    "to": [ 8.5, 6.125, 5 ],
    "faces": {
        "down":  { "uv": [ 7.625, 9.875, 6.625, 9.75 ], "texture": "#texture" },
        "south": { "uv": [ 7.5, 9.875, 8.5, 10.25 ], "texture": "#texture" },
        "west":  { "uv": [ 4.875, 9.875, 5, 10.25 ], "texture": "#texture" },
        "east":  { "uv": [ 5, 9.875, 4.875, 10.25 ], "texture": "#texture" }
    }
},
{
    "__comment": "DesertEagle",
    "from": [ 7.5, 6.375, 5 ],
    "to": [ 8.5, 6.75, 5.125 ],
    "faces": {
        "down":  { "uv": [ 7.625, 9.9375, 6.625, 9.8125 ], "texture": "#texture" },
        "south": { "uv": [ 7.5, 9.25, 8.5, 9.625 ], "texture": "#texture" },
        "west":  { "uv": [ 5, 9.25, 5.125, 9.625 ], "texture": "#texture" },
        "east":  { "uv": [ 5.125, 9.25, 5, 9.625 ], "texture": "#texture" }
    }
},
{
    "__comment": "DesertEagle",
    "from": [ 7.5, 7.125, 5.125 ],
    "to": [ 8.5, 7.25, 5.25 ],
    "faces": {
        "down":  { "uv": [ 8.5, 5.25, 7.5, 5.125 ], "texture": "#texture" },
        "south": { "uv": [ 7.5, 8.75, 8.5, 8.875 ], "texture": "#texture" },
        "west":  { "uv": [ 5.125, 8.75, 5.25, 8.875 ], "texture": "#texture" },
        "east":  { "uv": [ 5.25, 8.75, 5.125, 8.875 ], "texture": "#texture" }
    }
},
{
    "__comment": "DesertEagle",
    "from": [ 7.5, 7.375, 6 ],
    "to": [ 8.5, 7.5, 6.125 ],
    "faces": {
        "down":  { "uv": [ 8.5, 6.125, 7.5, 6 ], "texture": "#texture" },
        "up":    { "uv": [ 7.5, 6, 8.5, 6.125 ], "texture": "#texture" },
        "south": { "uv": [ 7.5, 8.5, 8.5, 8.625 ], "texture": "#texture" },
        "west":  { "uv": [ 6, 8.5, 6.125, 8.625 ], "texture": "#texture" },
        "east":  { "uv": [ 6.125, 8.5, 6, 8.625 ], "texture": "#texture" }
    }
},
{
    "__comment": "DesertEagle",
    "from": [ 7.5, 8.375, 8 ],
    "to": [ 8.5, 8.5, 8.125 ],
    "faces": {
        "down":  { "uv": [ 8.5, 8.125, 7.5, 8 ], "texture": "#texture" },
        "north": { "uv": [ 13.0625, 10.9375, 12.0625, 11.0625 ], "texture": "#texture" },
        "south": { "uv": [ 12.0625, 10.875, 13.0625, 11 ], "texture": "#texture" },
        "west":  { "uv": [ 8, 7.5, 8.125, 7.625 ], "texture": "#texture" },
        "east":  { "uv": [ 8.125, 7.5, 8, 7.625 ], "texture": "#texture" }
    }
},
{
    "__comment": "DesertEagle",
    "from": [ 7.5, 9.125, 8.375 ],
    "to": [ 8.5, 9.25, 8.625 ],
    "faces": {
        "down":  { "uv": [ 13, 11.5, 12, 11.25 ], "texture": "#texture" },
        "south": { "uv": [ 12.375, 10.4375, 13.375, 10.5625 ], "texture": "#texture" },
        "west":  { "uv": [ 8.375, 6.75, 8.625, 6.875 ], "texture": "#texture" },
        "east":  { "uv": [ 8.625, 6.75, 8.375, 6.875 ], "texture": "#texture" }
    }
},
{
    "__comment": "DesertEagle",
    "from": [ 7.5, 11.125, 8.5 ],
    "to": [ 8.5, 11.375, 16 ],
    "faces": {
        "down":  { "uv": [ 15.25, 16, 14.25, 8.5 ], "texture": "#texture" },
        "up":    { "uv": [ 6.5625, 0.125, 16, 1.3125 ], "rotation": 90, "texture": "#texture" },
        "south": { "uv": [ 14.5625, 5.0625, 15.5625, 5.3125 ], "texture": "#texture" },
        "west":  { "uv": [ 8.5, 4.75, 16, 5 ], "texture": "#texture" },
        "east":  { "uv": [ 16, 4.75, 8.5, 5 ], "texture": "#texture" }
    }
},
{
    "__comment": "DesertEagle",
    "from": [ 7.5, 9.25, 8.625 ],
    "to": [ 8.5, 9.375, 13.875 ],
    "faces": {
        "down":  { "uv": [ 7.625, 16, 7, 12.3125 ], "texture": "#texture" },
        "up":    { "uv": [ 6.75, 12.1875, 7.5625, 16 ], "texture": "#texture" },
        "south": { "uv": [ 8.6875, 6.75, 9.6875, 6.875 ], "texture": "#texture" },
        "west":  { "uv": [ 8.625, 6.625, 13.875, 6.75 ], "texture": "#texture" },
        "east":  { "uv": [ 13.875, 6.625, 8.625, 6.75 ], "texture": "#texture" }
    }
},
{
    "__comment": "DesertEagle",
    "from": [ 7.5, 11, 8.625 ],
    "to": [ 8.5, 11.125, 16 ],
    "faces": {
        "down":  { "uv": [ 8.5, 16, 7.5, 8.625 ], "texture": "#texture" },
        "south": { "uv": [ 14.6875, 5.0625, 15.6875, 5.1875 ], "texture": "#texture" },
        "west":  { "uv": [ 8.625, 4.875, 16, 5 ], "texture": "#texture" },
        "east":  { "uv": [ 16, 4.875, 8.625, 5 ], "texture": "#texture" }
    }
},
{
    "__comment": "DesertEagle",
    "from": [ 7.5, 10.875, 8.75 ],
    "to": [ 8.5, 11, 16 ],
    "faces": {
        "down":  { "uv": [ 8.5, 16, 7.5, 8.75 ], "texture": "#texture" },
        "south": { "uv": [ 14.75, 5.125, 15.75, 5.25 ], "texture": "#texture" },
        "west":  { "uv": [ 8.75, 5, 16, 5.125 ], "texture": "#texture" },
        "east":  { "uv": [ 16, 5, 8.75, 5.125 ], "texture": "#texture" }
    }
},
{
    "__comment": "DesertEagle",
    "from": [ 7.5, 9.125, 9 ],
    "to": [ 8.5, 9.25, 9.75 ],
    "faces": {
        "down":  { "uv": [ 8, 14.6875, 7, 13.9375 ], "texture": "#texture" },
        "north": { "uv": [ 11.3125, 6.6875, 10.3125, 6.8125 ], "texture": "#texture" },
        "south": { "uv": [ 9.25, 6.875, 10.25, 7 ], "texture": "#texture" },
        "west":  { "uv": [ 9, 6.75, 9.75, 6.875 ], "texture": "#texture" },
        "east":  { "uv": [ 9.75, 6.75, 9, 6.875 ], "texture": "#texture" }
    }
},
{
    "__comment": "DesertEagle",
    "from": [ 7.5, 9.125, 10 ],
    "to": [ 8.5, 9.25, 10.75 ],
    "faces": {
        "down":  { "uv": [ 8.125, 13.9375, 7.125, 13.1875 ], "texture": "#texture" },
        "north": { "uv": [ 10.4375, 6.75, 9.4375, 6.875 ], "texture": "#texture" },
        "south": { "uv": [ 9.25, 6.75, 10.25, 6.875 ], "texture": "#texture" },
        "west":  { "uv": [ 10, 6.75, 10.75, 6.875 ], "texture": "#texture" },
        "east":  { "uv": [ 10.75, 6.75, 10, 6.875 ], "texture": "#texture" }
    }
},
{
    "__comment": "DesertEagle",
    "from": [ 7.5, 9.125, 11 ],
    "to": [ 8.5, 9.25, 11.875 ],
    "faces": {
        "down":  { "uv": [ 7.375, 13.9375, 6.375, 13.0625 ], "texture": "#texture" },
        "north": { "uv": [ 7.5, 13.8125, 6.5, 13.9375 ], "texture": "#texture" },
        "south": { "uv": [ 6.75, 14.125, 7.75, 14.25 ], "texture": "#texture" },
        "west":  { "uv": [ 11, 6.75, 11.875, 6.875 ], "texture": "#texture" },
        "east":  { "uv": [ 11.875, 6.75, 11, 6.875 ], "texture": "#texture" }
    }
},
{
    "__comment": "DesertEagle",
    "from": [ 7.5, 9.125, 12.125 ],
    "to": [ 8.5, 9.25, 12.875 ],
    "faces": {
        "down":  { "uv": [ 7.9375, 14.625, 6.9375, 13.875 ], "texture": "#texture" },
        "north": { "uv": [ 9.875, 6.875, 8.875, 7 ], "texture": "#texture" },
        "south": { "uv": [ 9, 6.8125, 10, 6.9375 ], "texture": "#texture" },
        "west":  { "uv": [ 12.125, 6.75, 12.875, 6.875 ], "texture": "#texture" },
        "east":  { "uv": [ 12.875, 6.75, 12.125, 6.875 ], "texture": "#texture" }
    }
},
{
    "__comment": "DesertEagle",
    "from": [ 7.5, 9.125, 13.125 ],
    "to": [ 8.5, 9.25, 13.875 ],
    "faces": {
        "down":  { "uv": [ 8.0625, 14.1875, 7.0625, 13.4375 ], "texture": "#texture" },
        "north": { "uv": [ 10.3125, 6.8125, 9.3125, 6.9375 ], "texture": "#texture" },
        "south": { "uv": [ 9.6875, 6.75, 10.6875, 6.875 ], "texture": "#texture" },
        "west":  { "uv": [ 13.125, 6.75, 13.875, 6.875 ], "texture": "#texture" },
        "east":  { "uv": [ 13.875, 6.75, 13.125, 6.875 ], "texture": "#texture" }
    }
},
{
    "__comment": "DesertEagle",
    "from": [ 7.5, 9.375, 14.25 ],
    "to": [ 8.5, 10.875, 15.5 ],
    "faces": {
        "down":  { "uv": [ 15.75, 5.6875, 15, 4.8125 ], "texture": "#texture" },
        "north": { "uv": [ 13, 9.625, 12, 11.125 ], "texture": "#texture" },
        "south": { "uv": [ 15, 4.75, 15.875, 5.5625 ], "texture": "#texture" },
        "west":  { "uv": [ 14.25, 5.125, 15.5, 6.5 ], "texture": "#texture" },
        "east":  { "uv": [ 15.5, 5.125, 14.25, 6.5 ], "texture": "#texture" }
    }
},
{
    "__comment": "DesertEagle",
    "from": [ 7.5, 9.5, 15.5 ],
    "to": [ 8.5, 10.875, 15.625 ],
    "faces": {
        "down":  { "uv": [ 15.6875, 5.0625, 14.6875, 4.9375 ], "texture": "#texture" },
        "south": { "uv": [ 14.875, 4.125, 15.875, 5.5 ], "texture": "#texture" },
        "west":  { "uv": [ 15.5, 5.125, 15.625, 6.5 ], "texture": "#texture" },
        "east":  { "uv": [ 15.625, 5.125, 15.5, 6.5 ], "texture": "#texture" }
    }
},
{
    "__comment": "DesertEagle",
    "from": [ 7.5, 9.875, 15.625 ],
    "to": [ 8.5, 10.875, 15.75 ],
    "faces": {
        "down":  { "uv": [ 15.8125, 4.9375, 14.8125, 5.4375 ], "texture": "#texture" },
        "south": { "uv": [ 14.6875, 4.75, 15.6875, 5.75 ], "texture": "#texture" },
        "west":  { "uv": [ 15.625, 5.125, 15.75, 6.125 ], "texture": "#texture" },
        "east":  { "uv": [ 15.75, 5.125, 15.625, 6.125 ], "texture": "#texture" }
    }
},
{
    "__comment": "DesertEagle",
    "from": [ 7.5, 10.25, 15.75 ],
    "to": [ 8.5, 10.875, 15.875 ],
    "faces": {
        "down":  { "uv": [ 15.8125, 4.8125, 14.8125, 5.3125 ], "texture": "#texture" },
        "south": { "uv": [ 14.6875, 4.875, 15.6875, 5.5 ], "texture": "#texture" },
        "west":  { "uv": [ 15.75, 5.125, 15.875, 5.75 ], "texture": "#texture" },
        "east":  { "uv": [ 15.875, 5.125, 15.75, 5.75 ], "texture": "#texture" }
    }
},
{
    "__comment": "DesertEagle",
    "from": [ 7.5, 10.625, 15.875 ],
    "to": [ 8.5, 10.875, 16 ],
    "faces": {
        "down":  { "uv": [ 15.625, 4.875, 14.625, 5.375 ], "texture": "#texture" },
        "south": { "uv": [ 14.8125, 5.0625, 15.8125, 5.3125 ], "texture": "#texture" },
        "west":  { "uv": [ 15.875, 5.125, 16, 5.375 ], "texture": "#texture" },
        "east":  { "uv": [ 16, 5.125, 15.875, 5.375 ], "texture": "#texture" }
    }
},
{
    "__comment": "DesertEagle",
    "from": [ 7.625, 4.375, 4.75 ],
    "to": [ 8.375, 5, 4.875 ],
    "faces": {
        "north": { "uv": [ 8.375, 11, 7.625, 11.625 ], "texture": "#texture" },
        "south": { "uv": [ 7.625, 11, 8.375, 11.625 ], "texture": "#texture" },
        "west":  { "uv": [ 4.75, 11, 4.875, 11.625 ], "texture": "#texture" },
        "east":  { "uv": [ 4.875, 11, 4.75, 11.625 ], "texture": "#texture" }
    }
},
{
    "__comment": "DesertEagle",
    "from": [ 7.625, 4, 4.875 ],
    "to": [ 8.375, 4.25, 5 ],
    "faces": {
        "up":    { "uv": [ 7.5, 10.9375, 8.25, 11.0625 ], "texture": "#texture" },
        "north": { "uv": [ 8.375, 11.75, 7.625, 12 ], "texture": "#texture" },
        "south": { "uv": [ 7.625, 11.75, 8.375, 12 ], "texture": "#texture" },
        "west":  { "uv": [ 4.875, 11.75, 5, 12 ], "texture": "#texture" },
        "east":  { "uv": [ 5, 11.75, 4.875, 12 ], "texture": "#texture" }
    }
},
{
    "__comment": "DesertEagle",
    "from": [ 7.625, 5.375, 4.875 ],
    "to": [ 8.375, 5.75, 5 ],
    "faces": {
        "down":  { "uv": [ 7.25, 9.875, 6.5, 9.75 ], "texture": "#texture" },
        "south": { "uv": [ 7.625, 10.25, 8.375, 10.625 ], "texture": "#texture" },
        "west":  { "uv": [ 4.875, 10.25, 5, 10.625 ], "texture": "#texture" },
        "east":  { "uv": [ 5, 10.25, 4.875, 10.625 ], "texture": "#texture" }
    }
},
{
    "__comment": "DesertEagle",
    "from": [ 7.625, 6.125, 5 ],
    "to": [ 8.375, 6.375, 5.125 ],
    "faces": {
        "down":  { "uv": [ 7.75, 9.1875, 7, 9.0625 ], "texture": "#texture" },
        "south": { "uv": [ 7.625, 9.625, 8.375, 9.875 ], "texture": "#texture" },
        "west":  { "uv": [ 5, 9.625, 5.125, 9.875 ], "texture": "#texture" },
        "east":  { "uv": [ 5.125, 9.625, 5, 9.875 ], "texture": "#texture" }
    }
},
{
    "__comment": "DesertEagle",
    "from": [ 7.625, 6.75, 5.125 ],
    "to": [ 8.375, 7.125, 5.25 ],
    "faces": {
        "down":  { "uv": [ 7.375, 10.8125, 6.625, 10.6875 ], "texture": "#texture" },
        "south": { "uv": [ 7.625, 8.875, 8.375, 9.25 ], "texture": "#texture" },
        "west":  { "uv": [ 5.125, 8.875, 5.25, 9.25 ], "texture": "#texture" },
        "east":  { "uv": [ 5.25, 8.875, 5.125, 9.25 ], "texture": "#texture" }
    }
},
{
    "__comment": "DesertEagle",
    "from": [ 7.625, 7.375, 6.125 ],
    "to": [ 8.375, 7.5, 8.25 ],
    "faces": {
        "down":  { "uv": [ 12.8125, 12.3125, 12.0625, 10.1875 ], "texture": "#texture" },
        "up":    { "uv": [ 12.0625, 10.4375, 12.8125, 12.5625 ], "texture": "#texture" },
        "south": { "uv": [ 7.5, 8.5, 8.25, 8.625 ], "texture": "#texture" },
        "west":  { "uv": [ 6.125, 8.5, 8.25, 8.625 ], "texture": "#texture" },
        "east":  { "uv": [ 8.25, 8.5, 6.125, 8.625 ], "texture": "#texture" }
    }
},
{
    "__comment": "DesertEagle",
    "from": [ 7.625, 7.5, 7.875 ],
    "to": [ 8.375, 7.625, 8.25 ],
    "faces": {
        "up":    { "uv": [ 9.25, 7.4375, 10, 7.8125 ], "texture": "#texture" },
        "north": { "uv": [ 10.1875, 7.75, 9.4375, 7.875 ], "texture": "#texture" },
        "south": { "uv": [ 8.9375, 8.625, 9.6875, 8.75 ], "texture": "#texture" },
        "west":  { "uv": [ 6.5625, 8.4375, 6.9375, 8.5625 ], "texture": "#texture" },
        "east":  { "uv": [ 6.9375, 8.4375, 6.5625, 8.5625 ], "texture": "#texture" }
    }
},
{
    "__comment": "DesertEagle",
    "from": [ 7.625, 7.625, 8 ],
    "to": [ 8.375, 8.375, 8.125 ],
    "faces": {
        "north": { "uv": [ 12.8125, 11.75, 12.0625, 12.5 ], "texture": "#texture" },
        "south": { "uv": [ 12.0625, 11.8125, 12.8125, 12.5625 ], "texture": "#texture" },
        "west":  { "uv": [ 8, 7.625, 8.125, 8.375 ], "texture": "#texture" },
        "east":  { "uv": [ 8.125, 7.625, 8, 8.375 ], "texture": "#texture" }
    }
},
{
    "__comment": "DesertEagle",
    "from": [ 7.625, 9, 8.25 ],
    "to": [ 8.375, 9.125, 8.625 ],
    "faces": {
        "down":  { "uv": [ 12.6875, 12.25, 11.9375, 11.875 ], "texture": "#texture" },
        "up":    { "uv": [ 12.125, 11.1875, 12.875, 11.5625 ], "texture": "#texture" },
        "south": { "uv": [ 12.1875, 11.5625, 12.9375, 11.6875 ], "texture": "#texture" },
        "west":  { "uv": [ 8.25, 6.875, 8.625, 7 ], "texture": "#texture" },
        "east":  { "uv": [ 8.625, 6.875, 8.25, 7 ], "texture": "#texture" }
    }
},
{
    "__comment": "DesertEagle",
    "from": [ 7.625, 11.5, 8.375 ],
    "to": [ 8.375, 11.75, 15.875 ],
    "faces": {
        "down":  { "uv": [ 15, 16, 14.25, 8.5 ], "texture": "#texture" },
        "up":    { "uv": [ 6.4375, 0.1875, 16, 1.3125 ], "rotation": 90, "texture": "#texture" },
        "south": { "uv": [ 14.9375, 0.4375, 15.6875, 0.6875 ], "texture": "#texture" },
        "west":  { "uv": [ 8.375, 4.25, 15.875, 4.5 ], "texture": "#texture" },
        "east":  { "uv": [ 15.875, 4.25, 8.375, 4.5 ], "texture": "#texture" }
    }
},
{
    "__comment": "DesertEagle",
    "from": [ 7.625, 11.375, 8.5 ],
    "to": [ 8.375, 11.5, 15.875 ],
    "faces": {
        "south": { "uv": [ 15, 0.5, 15.75, 0.625 ], "texture": "#texture" },
        "west":  { "uv": [ 8.5, 4.375, 15.875, 4.5 ], "texture": "#texture" },
        "east":  { "uv": [ 15.875, 4.375, 8.5, 4.5 ], "texture": "#texture" }
    }
},
{
    "__comment": "DesertEagle",
    "from": [ 7.625, 9, 9 ],
    "to": [ 8.375, 9.125, 9.75 ],
    "faces": {
        "down":  { "uv": [ 7.4375, 14.8125, 6.6875, 14.0625 ], "texture": "#texture" },
        "north": { "uv": [ 9.9375, 6.75, 9.1875, 6.875 ], "texture": "#texture" },
        "south": { "uv": [ 9.25, 6.875, 10, 7 ], "texture": "#texture" },
        "west":  { "uv": [ 9, 6.875, 9.75, 7 ], "texture": "#texture" },
        "east":  { "uv": [ 9.75, 6.875, 9, 7 ], "texture": "#texture" }
    }
},
{
    "__comment": "DesertEagle",
    "from": [ 7.625, 9, 10 ],
    "to": [ 8.375, 9.125, 10.75 ],
    "faces": {
        "down":  { "uv": [ 7.375, 14.0625, 6.625, 13.3125 ], "texture": "#texture" },
        "north": { "uv": [ 7.875, 14, 7.125, 14.125 ], "texture": "#texture" },
        "south": { "uv": [ 6.875, 13.5, 7.625, 13.625 ], "texture": "#texture" },
        "west":  { "uv": [ 10, 6.875, 10.75, 7 ], "texture": "#texture" },
        "east":  { "uv": [ 10.75, 6.875, 10, 7 ], "texture": "#texture" }
    }
},
{
    "__comment": "DesertEagle",
    "from": [ 7.625, 9, 11 ],
    "to": [ 8.375, 9.125, 11.875 ],
    "faces": {
        "down":  { "uv": [ 7.625, 14.625, 6.875, 13.75 ], "texture": "#texture" },
        "north": { "uv": [ 7.375, 14.0625, 6.625, 14.1875 ], "texture": "#texture" },
        "south": { "uv": [ 6.6875, 13.875, 7.4375, 14 ], "texture": "#texture" },
        "west":  { "uv": [ 11, 6.875, 11.875, 7 ], "texture": "#texture" },
        "east":  { "uv": [ 11.875, 6.875, 11, 7 ], "texture": "#texture" }
    }
},
{
    "__comment": "DesertEagle",
    "from": [ 7.625, 9, 12.125 ],
    "to": [ 8.375, 9.125, 12.875 ],
    "faces": {
        "down":  { "uv": [ 7.3125, 14.375, 6.5625, 13.625 ], "texture": "#texture" },
        "north": { "uv": [ 10.4375, 6.6875, 9.6875, 6.8125 ], "texture": "#texture" },
        "south": { "uv": [ 8.625, 6.875, 9.375, 7 ], "texture": "#texture" },
        "west":  { "uv": [ 12.125, 6.875, 12.875, 7 ], "texture": "#texture" },
        "east":  { "uv": [ 12.875, 6.875, 12.125, 7 ], "texture": "#texture" }
    }
},
{
    "__comment": "DesertEagle",
    "from": [ 7.625, 9, 13.125 ],
    "to": [ 8.375, 9.125, 13.875 ],
    "faces": {
        "down":  { "uv": [ 7.6875, 14.375, 6.9375, 13.625 ], "texture": "#texture" },
        "north": { "uv": [ 9.5, 6.875, 8.75, 7 ], "texture": "#texture" },
        "south": { "uv": [ 13.1875, 6.6875, 13.9375, 6.8125 ], "texture": "#texture" },
        "west":  { "uv": [ 13.125, 6.875, 13.875, 7 ], "texture": "#texture" },
        "east":  { "uv": [ 13.875, 6.875, 13.125, 7 ], "texture": "#texture" }
    }
},
{
    "__comment": "DesertEagle",
    "from": [ 7.75, 9.875, 0.625 ],
    "to": [ 8.25, 10.125, 1.375 ],
    "faces": {
        "down":  { "uv": [ 8.25, 3.0625, 7.75, 2.3125 ], "texture": "#texture" },
        "up":    { "uv": [ 7.75, 1.6875, 8.25, 2.4375 ], "texture": "#texture" },
        "north": { "uv": [ 8.25, 5.875, 7.75, 6.125 ], "texture": "#texture" },
        "west":  { "uv": [ 0.625, 5.875, 1.375, 6.125 ], "texture": "#texture" },
        "east":  { "uv": [ 1.375, 5.875, 0.625, 6.125 ], "texture": "#texture" }
    }
},
{
    "__comment": "DesertEagle",
    "from": [ 7.75, 10.125, 0.75 ],
    "to": [ 8.25, 10.25, 1.375 ],
    "faces": {
        "up":    { "uv": [ 8.1875, 1.875, 8.6875, 2.5 ], "texture": "#texture" },
        "north": { "uv": [ 7.5, 3.75, 7, 3.875 ], "texture": "#texture" },
        "west":  { "uv": [ 0.75, 5.75, 1.375, 5.875 ], "texture": "#texture" },
        "east":  { "uv": [ 1.375, 5.75, 0.75, 5.875 ], "texture": "#texture" }
    }
},
{
    "__comment": "DesertEagle",
    "from": [ 7.75, 10.25, 0.875 ],
    "to": [ 8.25, 10.375, 1.5 ],
    "faces": {
        "down":  { "uv": [ 8.25, 1.5, 7.75, 0.875 ], "texture": "#texture" },
        "up":    { "uv": [ 7.75, 1.9375, 8.25, 2.5625 ], "texture": "#texture" },
        "north": { "uv": [ 7.4375, 3.4375, 6.9375, 3.5625 ], "texture": "#texture" },
        "west":  { "uv": [ 0.875, 5.625, 1.5, 5.75 ], "texture": "#texture" },
        "east":  { "uv": [ 1.5, 5.625, 0.875, 5.75 ], "texture": "#texture" }
    }
},
{
    "__comment": "DesertEagle",
    "from": [ 7.75, 10.375, 1 ],
    "to": [ 8.25, 10.875, 1.5 ],
    "faces": {
        "up":    { "uv": [ 9.875, 9.75, 10.375, 10.25 ], "texture": "#texture" },
        "north": { "uv": [ 9.5625, 8.125, 9.0625, 8.625 ], "texture": "#texture" },
        "south": { "uv": [ 7.75, 5.125, 8.25, 5.625 ], "texture": "#texture" },
        "west":  { "uv": [ 1, 5.125, 1.5, 5.625 ], "texture": "#texture" },
        "east":  { "uv": [ 1.5, 5.125, 1, 5.625 ], "texture": "#texture" }
    }
},
{
    "__comment": "DesertEagle",
    "from": [ 7.75, 10.875, 1.125 ],
    "to": [ 8.25, 11, 1.375 ],
    "faces": {
        "up":    { "uv": [ 10.0625, 11.75, 10.5625, 12 ], "texture": "#texture" },
        "north": { "uv": [ 10, 12.4375, 9.5, 12.5625 ], "texture": "#texture" },
        "south": { "uv": [ 6.5625, 3.375, 7.0625, 3.5 ], "texture": "#texture" },
        "west":  { "uv": [ 1.125, 5, 1.375, 5.125 ], "texture": "#texture" },
        "east":  { "uv": [ 1.375, 5, 1.125, 5.125 ], "texture": "#texture" }
    }
},
{
    "__comment": "DesertEagle",
    "from": [ 7.75, 6, 5 ],
    "to": [ 8.25, 6.125, 5.125 ],
    "faces": {
        "down":  { "uv": [ 7.375, 10.125, 6.875, 10 ], "texture": "#texture" },
        "south": { "uv": [ 7.75, 9.875, 8.25, 10 ], "texture": "#texture" },
        "west":  { "uv": [ 5, 9.875, 5.125, 10 ], "texture": "#texture" },
        "east":  { "uv": [ 5.125, 9.875, 5, 10 ], "texture": "#texture" }
    }
},
{
    "__comment": "DesertEagle",
    "from": [ 7.875, 8.125, 6 ],
    "to": [ 8.125, 9, 6.375 ],
    "faces": {
        "down":  { "uv": [ 8.125, 6.375, 7.875, 6 ], "texture": "#texture" },
        "north": { "uv": [ 6, 7, 5.75, 7.875 ], "texture": "#texture" },
        "south": { "uv": [ 5.875, 7, 6.125, 7.875 ], "texture": "#texture" },
        "west":  { "uv": [ 6, 7, 6.375, 7.875 ], "texture": "#texture" },
        "east":  { "uv": [ 6.375, 7, 6, 7.875 ], "texture": "#texture" }
    }
},
{
    "__comment": "DesertEagle",
    "from": [ 7.875, 8, 6.125 ],
    "to": [ 8.125, 8.125, 6.5 ],
    "faces": {
        "down":  { "uv": [ 6, 7.5, 5.75, 7.125 ], "texture": "#texture" },
        "up":    { "uv": [ 5.75, 7.1875, 6, 7.5625 ], "texture": "#texture" },
        "north": { "uv": [ 6, 7.375, 5.75, 7.5 ], "texture": "#texture" },
        "south": { "uv": [ 5.75, 7.3125, 6, 7.4375 ], "texture": "#texture" },
        "west":  { "uv": [ 6.125, 7.875, 6.5, 8 ], "texture": "#texture" },
        "east":  { "uv": [ 6.5, 7.875, 6.125, 8 ], "texture": "#texture" }
    }
},
{
    "__comment": "DesertEagle",
    "from": [ 7.875, 7.875, 6.25 ],
    "to": [ 8.125, 8, 6.5 ],
    "faces": {
        "down":  { "uv": [ 5.9375, 7.5, 5.6875, 7.25 ], "texture": "#texture" },
        "north": { "uv": [ 6, 7.3125, 5.75, 7.4375 ], "texture": "#texture" },
        "south": { "uv": [ 5.75, 7.4375, 6, 7.5625 ], "texture": "#texture" },
        "west":  { "uv": [ 6.25, 8, 6.5, 8.125 ], "texture": "#texture" },
        "east":  { "uv": [ 6.5, 8, 6.25, 8.125 ], "texture": "#texture" }
    }
},
{
    "__comment": "DesertEagle",
    "from": [ 7.875, 7.75, 6.375 ],
    "to": [ 8.125, 7.875, 6.625 ],
    "faces": {
        "down":  { "uv": [ 6, 7.375, 5.75, 7.125 ], "texture": "#texture" },
        "up":    { "uv": [ 5.75, 7.25, 6, 7.5 ], "texture": "#texture" },
        "north": { "uv": [ 6, 7.3125, 5.75, 7.4375 ], "texture": "#texture" },
        "south": { "uv": [ 5.8125, 7.3125, 6.0625, 7.4375 ], "texture": "#texture" },
        "west":  { "uv": [ 6.375, 8.125, 6.625, 8.25 ], "texture": "#texture" },
        "east":  { "uv": [ 6.625, 8.125, 6.375, 8.25 ], "texture": "#texture" }
    }
},
{
    "__comment": "DesertEagle",
    "from": [ 7.875, 7.625, 6.5 ],
    "to": [ 8.125, 7.75, 6.625 ],
    "faces": {
        "down":  { "uv": [ 6, 7.375, 5.75, 7.25 ], "texture": "#texture" },
        "north": { "uv": [ 5.9375, 7.3125, 5.6875, 7.4375 ], "texture": "#texture" },
        "south": { "uv": [ 5.8125, 7.4375, 6.0625, 7.5625 ], "texture": "#texture" },
        "west":  { "uv": [ 5.875, 7.375, 6, 7.5 ], "texture": "#texture" },
        "east":  { "uv": [ 5.875, 7.3125, 5.75, 7.4375 ], "texture": "#texture" }
    }
},
{
    "__comment": "DesertEagle",
    "from": [ 7.875, 11.75, 14.875 ],
    "to": [ 8.125, 11.875, 15.5 ],
    "faces": {
        "up":    { "uv": [ 14.6875, 12.5, 14.9375, 13.125 ], "texture": "#texture" },
        "north": { "uv": [ 14.875, 10.0625, 14.625, 10.1875 ], "texture": "#texture" },
        "south": { "uv": [ 14.875, 10.3125, 15.125, 10.4375 ], "texture": "#texture" },
        "west":  { "uv": [ 14.875, 4.125, 15.5, 4.25 ], "texture": "#texture" },
        "east":  { "uv": [ 15.5, 4.125, 14.875, 4.25 ], "texture": "#texture" }
    }
},
{
    "__comment": "DesertEagle",
    "from": [ 7.875, 11.875, 15 ],
    "to": [ 8.125, 12, 15.5 ],
    "faces": {
        "up":    { "uv": [ 14.625, 11.5, 14.875, 12 ], "texture": "#texture" },
        "north": { "uv": [ 14.75, 9.6875, 14.5, 9.8125 ], "texture": "#texture" },
        "south": { "uv": [ 14.4375, 11.0625, 14.6875, 11.1875 ], "texture": "#texture" },
        "west":  { "uv": [ 15, 4, 15.5, 4.125 ], "texture": "#texture" },
        "east":  { "uv": [ 15.5, 4, 15, 4.125 ], "texture": "#texture" }
    }
},
{
    "__comment": "DesertEagle",
    "from": [ 7.875, 12, 15.25 ],
    "to": [ 8.125, 12.125, 15.375 ],
    "faces": {
        "up":    { "uv": [ 12.3125, 14.0625, 12.5625, 14.1875 ], "texture": "#texture" },
        "north": { "uv": [ 8.125, 3.875, 7.875, 4 ], "texture": "#texture" },
        "south": { "uv": [ 7.875, 3.875, 8.125, 4 ], "texture": "#texture" },
        "west":  { "uv": [ 15.25, 3.875, 15.375, 4 ], "texture": "#texture" },
        "east":  { "uv": [ 15.375, 3.875, 15.25, 4 ], "texture": "#texture" }
    }
},
{
    "__comment": "DesertEagle",
    "from": [ 8.125, 12, 2.5 ],
    "to": [ 8.5, 12.125, 2.875 ],
    "faces": {
        "up":    { "uv": [ 8.125, 2.5, 8.5, 2.875 ], "texture": "#texture" },
        "north": { "uv": [ 8.5, 3.875, 8.125, 4 ], "texture": "#texture" },
        "south": { "uv": [ 8.125, 3.875, 8.5, 4 ], "texture": "#texture" },
        "west":  { "uv": [ 2.5, 3.875, 2.875, 4 ], "texture": "#texture" },
        "east":  { "uv": [ 2.875, 3.875, 2.5, 4 ], "texture": "#texture" }
    }
},
{
    "__comment": "DesertEagle",
    "from": [ 8.125, 12.125, 2.5 ],
    "to": [ 8.5, 12.25, 2.75 ],
    "faces": {
        "up":    { "uv": [ 8.125, 2.5, 8.5, 2.75 ], "texture": "#texture" },
        "north": { "uv": [ 8.5, 3.75, 8.125, 3.875 ], "texture": "#texture" },
        "south": { "uv": [ 8.125, 3.75, 8.5, 3.875 ], "texture": "#texture" },
        "west":  { "uv": [ 2.5, 3.75, 2.75, 3.875 ], "texture": "#texture" },
        "east":  { "uv": [ 2.75, 3.75, 2.5, 3.875 ], "texture": "#texture" }
    }
}
],
"display": {
    "thirdperson_righthand": {
        "rotation": [ 0, 180, 0 ],
        "translation": [ -0.6, -0.3, -0.3 ],
        "scale": [ 0.7, 0.7, 0.7 ]
    },
    "firstperson_righthand": {
        "rotation": [ 5, 180, 0 ],
        "translation": [ -0.9, 4, 1.8 ],
        "scale": [ 0.4, 0.4, 0.4 ]
    },
    "gui": {
        "rotation": [ -55, -45, -45 ],
        "translation": [ -1, 0, 0 ],
        "scale": [ 1.2, 1.2, 1.2 ]
    },
    "ground": {
        "rotation": [ 0, 0, 0 ],
        "translation": [ 0, 0, 0 ],
        "scale": [ 0.4, 0.4, 0.4 ]
    }
}
}