{
"__comment": "Designed by Mechanan with BDcraft Cubik PRO 0.95 Beta - http://bdcraft.net",
"textures": {
    "texture": "items/smoke"
},
"elements": [ 
{
    "__comment": "Incendiary_Maya",
    "from": [ 4.375, 12.5, 6.375 ],
    "to": [ 5, 12.625, 6.75 ],
    "faces": {
        "down":  { "uv": [ 13.25, 2.875, 12.625, 2.5 ], "texture": "#texture" },
        "up":    { "uv": [ 12.625, 2.375, 13.25, 2.75 ], "texture": "#texture" },
        "north": { "uv": [ 13.5, 2.375, 12.875, 2.5 ], "texture": "#texture" },
        "south": { "uv": [ 13, 2.25, 13.625, 2.375 ], "texture": "#texture" },
        "west":  { "uv": [ 13.375, 3.375, 13.75, 3.5 ], "texture": "#texture" },
        "east":  { "uv": [ 13.75, 3.375, 13.375, 3.5 ], "texture": "#texture" }
    }
},
{
    "__comment": "Incendiary_Maya",
    "from": [ 4.5, 12.5, 5.875 ],
    "to": [ 5, 12.75, 6.375 ],
    "faces": {
        "down":  { "uv": [ 14.375, 3, 13.875, 2.5 ], "texture": "#texture" },
        "up":    { "uv": [ 12.25, 1.375, 12.75, 1.875 ], "texture": "#texture" },
        "north": { "uv": [ 13.125, 2.75, 12.625, 3 ], "texture": "#texture" },
        "south": { "uv": [ 12.375, 2.75, 12.875, 3 ], "texture": "#texture" },
        "west":  { "uv": [ 12.875, 3.25, 13.375, 3.5 ], "texture": "#texture" },
        "east":  { "uv": [ 13.375, 3.25, 12.875, 3.5 ], "texture": "#texture" }
    }
},
{
    "__comment": "Incendiary_Maya",
    "from": [ 4.5, 12.375, 6.375 ],
    "to": [ 4.875, 12.5, 6.75 ],
    "faces": {
        "down":  { "uv": [ 13, 2.375, 12.625, 2 ], "texture": "#texture" },
        "north": { "uv": [ 12.875, 3.5, 12.5, 3.625 ], "texture": "#texture" },
        "south": { "uv": [ 12.5, 3.5, 12.875, 3.625 ], "texture": "#texture" },
        "west":  { "uv": [ 13.375, 3.5, 13.75, 3.625 ], "texture": "#texture" },
        "east":  { "uv": [ 13.75, 3.5, 13.375, 3.625 ], "texture": "#texture" }
    }
},
{
    "__comment": "Incendiary_Maya",
    "from": [ 4.5, 12.625, 6.375 ],
    "to": [ 5, 12.75, 7.25 ],
    "faces": {
        "down":  { "uv": [ 12, 1.875, 11.5, 1 ], "texture": "#texture" },
        "up":    { "uv": [ 13.375, 2.875, 13.875, 3.75 ], "texture": "#texture" },
        "south": { "uv": [ 14.875, 3, 15.375, 3.125 ], "texture": "#texture" },
        "west":  { "uv": [ 13.375, 3.25, 14.25, 3.375 ], "texture": "#texture" },
        "east":  { "uv": [ 14.25, 3.25, 13.375, 3.375 ], "texture": "#texture" }
    }
},
{
    "__comment": "Incendiary_Maya",
    "from": [ 4.5, 12.5, 6.75 ],
    "to": [ 5, 12.625, 7.25 ],
    "faces": {
        "down":  { "uv": [ 12.25, 3.25, 11.75, 2.75 ], "texture": "#texture" },
        "south": { "uv": [ 12.5, 3.375, 13, 3.5 ], "texture": "#texture" },
        "west":  { "uv": [ 13.75, 3.375, 14.25, 3.5 ], "texture": "#texture" },
        "east":  { "uv": [ 14.25, 3.375, 13.75, 3.5 ], "texture": "#texture" }
    }
},
{
    "__comment": "Incendiary_Maya",
    "from": [ 4.625, 12.75, 5.375 ],
    "to": [ 4.875, 12.875, 7.75 ],
    "faces": {
        "down":  { "uv": [ 12.375, 2.875, 12.125, 0.5 ], "texture": "#texture" },
        "up":    { "uv": [ 12.125, 0.75, 12.375, 3.125 ], "texture": "#texture" },
        "north": { "uv": [ 13.625, 2.875, 13.375, 3 ], "texture": "#texture" },
        "south": { "uv": [ 12.625, 2.5, 12.875, 2.625 ], "texture": "#texture" },
        "west":  { "uv": [ 12.375, 3.125, 14.75, 3.25 ], "texture": "#texture" },
        "east":  { "uv": [ 14.75, 3.125, 12.375, 3.25 ], "texture": "#texture" }
    }
},
{
    "__comment": "Incendiary_Maya",
    "from": [ 4.625, 12.375, 5.875 ],
    "to": [ 4.875, 12.5, 6.375 ],
    "faces": {
        "down":  { "uv": [ 12.125, 2.25, 11.875, 1.75 ], "texture": "#texture" },
        "north": { "uv": [ 12.875, 3.5, 12.625, 3.625 ], "texture": "#texture" },
        "west":  { "uv": [ 12.875, 3.5, 13.375, 3.625 ], "texture": "#texture" },
        "east":  { "uv": [ 13.375, 3.5, 12.875, 3.625 ], "texture": "#texture" }
    }
},
{
    "__comment": "Incendiary_Maya",
    "from": [ 4.625, 12.25, 6.375 ],
    "to": [ 4.75, 12.375, 6.75 ],
    "faces": {
        "down":  { "uv": [ 15.125, 1.125, 15, 0.75 ], "texture": "#texture" },
        "north": { "uv": [ 12.75, 3.625, 12.625, 3.75 ], "texture": "#texture" },
        "south": { "uv": [ 12.625, 3.625, 12.75, 3.75 ], "texture": "#texture" },
        "west":  { "uv": [ 13.375, 3.625, 13.75, 3.75 ], "texture": "#texture" },
        "east":  { "uv": [ 13.75, 3.625, 13.375, 3.75 ], "texture": "#texture" }
    }
},
{
    "__comment": "Incendiary_Maya",
    "from": [ 4.625, 12.375, 6.75 ],
    "to": [ 4.875, 12.5, 7.25 ],
    "faces": {
        "down":  { "uv": [ 12.75, 2.875, 12.5, 2.375 ], "texture": "#texture" },
        "south": { "uv": [ 12.625, 3.5, 12.875, 3.625 ], "texture": "#texture" },
        "west":  { "uv": [ 13.75, 3.5, 14.25, 3.625 ], "texture": "#texture" },
        "east":  { "uv": [ 14.25, 3.5, 13.75, 3.625 ], "texture": "#texture" }
    }
},
{
    "__comment": "Incendiary_Maya",
    "from": [ 4.75, 12.625, 5.375 ],
    "to": [ 5.125, 12.75, 5.875 ],
    "faces": {
        "down":  { "uv": [ 12.875, 2.25, 12.5, 1.75 ], "texture": "#texture" },
        "up":    { "uv": [ 12.75, 2.5, 13.125, 3 ], "texture": "#texture" },
        "north": { "uv": [ 13.125, 3.25, 12.75, 3.375 ], "texture": "#texture" },
        "south": { "uv": [ 12.75, 3.25, 13.125, 3.375 ], "texture": "#texture" },
        "west":  { "uv": [ 12.375, 3.25, 12.875, 3.375 ], "texture": "#texture" },
        "east":  { "uv": [ 12.875, 3.25, 12.375, 3.375 ], "texture": "#texture" }
    }
},
{
    "__comment": "Incendiary_Maya",
    "from": [ 4.75, 12.875, 5.375 ],
    "to": [ 5.125, 13, 5.875 ],
    "faces": {
        "down":  { "uv": [ 13.625, 3, 13.25, 2.5 ], "texture": "#texture" },
        "up":    { "uv": [ 13.125, 2, 13.5, 2.5 ], "texture": "#texture" },
        "north": { "uv": [ 13.125, 3, 12.75, 3.125 ], "texture": "#texture" },
        "south": { "uv": [ 12.75, 3, 13.125, 3.125 ], "texture": "#texture" },
        "west":  { "uv": [ 12.375, 3, 12.875, 3.125 ], "texture": "#texture" },
        "east":  { "uv": [ 12.875, 3, 12.375, 3.125 ], "texture": "#texture" }
    }
},
{
    "__comment": "Incendiary_Maya",
    "from": [ 4.75, 12.875, 6.75 ],
    "to": [ 4.875, 13, 7.75 ],
    "faces": {
        "up":    { "uv": [ 13.75, 1.75, 13.875, 2.75 ], "texture": "#texture" },
        "north": { "uv": [ 12.875, 3, 12.75, 3.125 ], "texture": "#texture" },
        "south": { "uv": [ 12.75, 3, 12.875, 3.125 ], "texture": "#texture" },
        "west":  { "uv": [ 13.75, 3, 14.75, 3.125 ], "texture": "#texture" },
        "east":  { "uv": [ 14.75, 3, 13.75, 3.125 ], "texture": "#texture" }
    }
},
{
    "__comment": "Incendiary_Maya",
    "from": [ 4.75, 12.625, 7.25 ],
    "to": [ 5.125, 12.75, 7.75 ],
    "faces": {
        "down":  { "uv": [ 12.125, 2.125, 11.75, 1.625 ], "texture": "#texture" },
        "up":    { "uv": [ 12.375, 2, 12.75, 2.5 ], "texture": "#texture" },
        "north": { "uv": [ 13.125, 3.25, 12.75, 3.375 ], "texture": "#texture" },
        "south": { "uv": [ 12.75, 3.25, 13.125, 3.375 ], "texture": "#texture" },
        "west":  { "uv": [ 14.25, 3.25, 14.75, 3.375 ], "texture": "#texture" },
        "east":  { "uv": [ 14.75, 3.25, 14.25, 3.375 ], "texture": "#texture" }
    }
},
{
    "__comment": "Incendiary_Maya",
    "from": [ 4.875, 12.5, 5.375 ],
    "to": [ 5, 12.625, 5.875 ],
    "faces": {
        "down":  { "uv": [ 12.25, 3.25, 12.125, 2.75 ], "texture": "#texture" },
        "north": { "uv": [ 13, 3.375, 12.875, 3.5 ], "texture": "#texture" },
        "west":  { "uv": [ 12.375, 3.375, 12.875, 3.5 ], "texture": "#texture" },
        "east":  { "uv": [ 12.875, 3.375, 12.375, 3.5 ], "texture": "#texture" }
    }
},
{
    "__comment": "Incendiary_Maya",
    "from": [ 4.875, 12.75, 5.375 ],
    "to": [ 5, 12.875, 6.375 ],
    "faces": {
        "down":  { "uv": [ 12.5, 2.25, 12.375, 1.25 ], "texture": "#texture" },
        "up":    { "uv": [ 13.125, 1.625, 13.25, 2.625 ], "texture": "#texture" },
        "north": { "uv": [ 13, 3.125, 12.875, 3.25 ], "texture": "#texture" },
        "south": { "uv": [ 12.875, 3.125, 13, 3.25 ], "texture": "#texture" },
        "east":  { "uv": [ 13.375, 3.125, 12.375, 3.25 ], "texture": "#texture" }
    }
},
{
    "__comment": "Incendiary_Maya",
    "from": [ 4.875, 13, 5.375 ],
    "to": [ 5, 13.125, 5.875 ],
    "faces": {
        "up":    { "uv": [ 13.125, 1.75, 13.25, 2.25 ], "texture": "#texture" },
        "north": { "uv": [ 13, 2.875, 12.875, 3 ], "texture": "#texture" },
        "south": { "uv": [ 12.875, 2.875, 13, 3 ], "texture": "#texture" },
        "west":  { "uv": [ 12.375, 2.875, 12.875, 3 ], "texture": "#texture" },
        "east":  { "uv": [ 12.875, 2.875, 12.375, 3 ], "texture": "#texture" }
    }
},
{
    "__comment": "Incendiary_Maya",
    "from": [ 4.875, 12.75, 6.75 ],
    "to": [ 5, 12.875, 7.75 ],
    "faces": {
        "down":  { "uv": [ 3.125, 14.75, 3, 13.75 ], "texture": "#texture" },
        "up":    { "uv": [ 12.875, 13.75, 13, 14.75 ], "texture": "#texture" },
        "north": { "uv": [ 13, 3.125, 12.875, 3.25 ], "texture": "#texture" },
        "south": { "uv": [ 12.875, 3.125, 13, 3.25 ], "texture": "#texture" },
        "east":  { "uv": [ 14.75, 3.125, 13.75, 3.25 ], "texture": "#texture" }
    }
},
{
    "__comment": "Incendiary_Maya",
    "from": [ 4.875, 12.5, 7.25 ],
    "to": [ 5, 12.625, 7.75 ],
    "faces": {
        "down":  { "uv": [ 13.75, 3.625, 13.625, 3.125 ], "texture": "#texture" },
        "south": { "uv": [ 12.875, 3.375, 13, 3.5 ], "texture": "#texture" },
        "west":  { "uv": [ 14.25, 3.375, 14.75, 3.5 ], "texture": "#texture" },
        "east":  { "uv": [ 14.75, 3.375, 14.25, 3.5 ], "texture": "#texture" }
    }
},
{
    "__comment": "Incendiary_Maya",
    "from": [ 4.875, 12.875, 7.25 ],
    "to": [ 5, 13.125, 7.75 ],
    "faces": {
        "up":    { "uv": [ 12.75, 0.875, 12.875, 1.375 ], "texture": "#texture" },
        "north": { "uv": [ 13, 2.875, 12.875, 3.125 ], "texture": "#texture" },
        "south": { "uv": [ 12.875, 2.875, 13, 3.125 ], "texture": "#texture" },
        "west":  { "uv": [ 14.25, 2.875, 14.75, 3.125 ], "texture": "#texture" },
        "east":  { "uv": [ 14.75, 2.875, 14.25, 3.125 ], "texture": "#texture" }
    }
},
{
    "__comment": "Incendiary_Maya",
    "from": [ 5, 13, 5 ],
    "to": [ 5.5, 13.25, 5.5 ],
    "faces": {
        "down":  { "uv": [ 13, 2.875, 12.5, 2.375 ], "texture": "#texture" },
        "up":    { "uv": [ 12.25, 2, 12.75, 2.5 ], "texture": "#texture" },
        "north": { "uv": [ 12.625, 1.75, 12.125, 2 ], "texture": "#texture" },
        "south": { "uv": [ 13, 2.25, 13.5, 2.5 ], "texture": "#texture" },
        "west":  { "uv": [ 12, 2.75, 12.5, 3 ], "texture": "#texture" },
        "east":  { "uv": [ 12.5, 2.75, 12, 3 ], "texture": "#texture" }
    }
},
{
    "__comment": "Incendiary_Maya",
    "from": [ 5, 12.75, 5.375 ],
    "to": [ 5.25, 12.875, 5.875 ],
    "faces": {
        "down":  { "uv": [ 3, 12.875, 2.75, 12.375 ], "texture": "#texture" },
        "up":    { "uv": [ 13, 12.375, 13.25, 12.875 ], "texture": "#texture" },
        "north": { "uv": [ 13.25, 3.125, 13, 3.25 ], "texture": "#texture" },
        "south": { "uv": [ 13, 3.125, 13.25, 3.25 ], "texture": "#texture" },
        "east":  { "uv": [ 12.875, 3.125, 12.375, 3.25 ], "texture": "#texture" }
    }
},
{
    "__comment": "Incendiary_Maya",
    "from": [ 5, 12.625, 5.875 ],
    "to": [ 5.125, 12.75, 6.375 ],
    "faces": {
        "down":  { "uv": [ 13, 3.375, 12.875, 2.875 ], "texture": "#texture" },
        "up":    { "uv": [ 11.25, 2.5, 11.375, 3 ], "texture": "#texture" },
        "south": { "uv": [ 13, 3.25, 13.125, 3.375 ], "texture": "#texture" },
        "east":  { "uv": [ 13.375, 3.25, 12.875, 3.375 ], "texture": "#texture" }
    }
},
{
    "__comment": "Incendiary_Maya",
    "from": [ 5, 12.625, 6.75 ],
    "to": [ 5.125, 12.75, 7.25 ],
    "faces": {
        "down":  { "uv": [ 3, 14.25, 2.875, 13.75 ], "texture": "#texture" },
        "up":    { "uv": [ 13, 13.75, 13.125, 14.25 ], "texture": "#texture" },
        "north": { "uv": [ 13.125, 3.25, 13, 3.375 ], "texture": "#texture" },
        "east":  { "uv": [ 14.25, 3.25, 13.75, 3.375 ], "texture": "#texture" }
    }
},
{
    "__comment": "Incendiary_Maya",
    "from": [ 5, 12.75, 7.25 ],
    "to": [ 5.125, 13, 7.75 ],
    "faces": {
        "up":    { "uv": [ 13, 14.25, 13.125, 14.75 ], "texture": "#texture" },
        "north": { "uv": [ 13.125, 3, 13, 3.25 ], "texture": "#texture" },
        "south": { "uv": [ 13, 3, 13.125, 3.25 ], "texture": "#texture" },
        "west":  { "uv": [ 14.25, 3, 14.75, 3.25 ], "texture": "#texture" },
        "east":  { "uv": [ 14.75, 3, 14.25, 3.25 ], "texture": "#texture" }
    }
},
{
    "__comment": "Incendiary_Maya",
    "from": [ 5, 13, 7.625 ],
    "to": [ 5.5, 13.25, 8 ],
    "faces": {
        "down":  { "uv": [ 12, 2, 11.5, 1.625 ], "texture": "#texture" },
        "up":    { "uv": [ 13.25, 1.375, 13.75, 1.75 ], "texture": "#texture" },
        "north": { "uv": [ 13.5, 2.75, 13, 3 ], "texture": "#texture" },
        "south": { "uv": [ 13, 2.75, 13.5, 3 ], "texture": "#texture" },
        "west":  { "uv": [ 14.625, 2.75, 15, 3 ], "texture": "#texture" },
        "east":  { "uv": [ 15, 2.75, 14.625, 3 ], "texture": "#texture" }
    }
},
{
    "__comment": "Incendiary_Maya",
    "from": [ 5.125, 12.875, 5 ],
    "to": [ 5.375, 13, 5.5 ],
    "faces": {
        "down":  { "uv": [ 13.75, 2.625, 13.5, 2.125 ], "texture": "#texture" },
        "north": { "uv": [ 13.375, 3, 13.125, 3.125 ], "texture": "#texture" },
        "south": { "uv": [ 13.125, 3, 13.375, 3.125 ], "texture": "#texture" },
        "west":  { "uv": [ 12, 3, 12.5, 3.125 ], "texture": "#texture" },
        "east":  { "uv": [ 12.5, 3, 12, 3.125 ], "texture": "#texture" }
    }
},
{
    "__comment": "Incendiary_Maya",
    "from": [ 5.125, 13.25, 5 ],
    "to": [ 5.375, 13.375, 5.5 ],
    "faces": {
        "up":    { "uv": [ 13, 1.375, 13.25, 1.875 ], "texture": "#texture" },
        "north": { "uv": [ 13.375, 2.625, 13.125, 2.75 ], "texture": "#texture" },
        "south": { "uv": [ 13.125, 2.625, 13.375, 2.75 ], "texture": "#texture" },
        "west":  { "uv": [ 12, 2.625, 12.5, 2.75 ], "texture": "#texture" },
        "east":  { "uv": [ 12.5, 2.625, 12, 2.75 ], "texture": "#texture" }
    }
},
{
    "__comment": "Incendiary_Maya",
    "from": [ 5.125, 12.75, 7.25 ],
    "to": [ 5.25, 12.875, 7.75 ],
    "faces": {
        "down":  { "uv": [ 2.875, 14.75, 2.75, 14.25 ], "texture": "#texture" },
        "up":    { "uv": [ 13.125, 14.25, 13.25, 14.75 ], "texture": "#texture" },
        "north": { "uv": [ 13.25, 3.125, 13.125, 3.25 ], "texture": "#texture" },
        "south": { "uv": [ 13.125, 3.125, 13.25, 3.25 ], "texture": "#texture" },
        "east":  { "uv": [ 14.75, 3.125, 14.25, 3.25 ], "texture": "#texture" }
    }
},
{
    "__comment": "Incendiary_Maya",
    "from": [ 5.125, 12.875, 7.625 ],
    "to": [ 5.375, 13, 8 ],
    "faces": {
        "down":  { "uv": [ 14.375, 1.125, 14.125, 0.75 ], "texture": "#texture" },
        "north": { "uv": [ 13.375, 3, 13.125, 3.125 ], "texture": "#texture" },
        "south": { "uv": [ 13.125, 3, 13.375, 3.125 ], "texture": "#texture" },
        "west":  { "uv": [ 14.625, 3, 15, 3.125 ], "texture": "#texture" },
        "east":  { "uv": [ 15, 3, 14.625, 3.125 ], "texture": "#texture" }
    }
},
{
    "__comment": "Incendiary_Maya",
    "from": [ 5.125, 13.25, 7.625 ],
    "to": [ 5.375, 13.375, 8 ],
    "faces": {
        "up":    { "uv": [ 13.125, 2.875, 13.375, 3.25 ], "texture": "#texture" },
        "north": { "uv": [ 13.375, 2.625, 13.125, 2.75 ], "texture": "#texture" },
        "south": { "uv": [ 13.125, 2.625, 13.375, 2.75 ], "texture": "#texture" },
        "west":  { "uv": [ 14.625, 2.625, 15, 2.75 ], "texture": "#texture" },
        "east":  { "uv": [ 15, 2.625, 14.625, 2.75 ], "texture": "#texture" }
    }
},
{
    "__comment": "Incendiary_Maya",
    "from": [ 5.25, 13.375, 4.75 ],
    "to": [ 5.875, 13.5, 5.25 ],
    "faces": {
        "down":  { "uv": [ 13.25, 3.125, 12.625, 2.625 ], "texture": "#texture" },
        "up":    { "uv": [ 12.625, 2, 13.25, 2.5 ], "texture": "#texture" },
        "north": { "uv": [ 13.875, 2.5, 13.25, 2.625 ], "texture": "#texture" },
        "south": { "uv": [ 13.25, 2.5, 13.875, 2.625 ], "texture": "#texture" },
        "west":  { "uv": [ 11.75, 2.5, 12.25, 2.625 ], "texture": "#texture" },
        "east":  { "uv": [ 12.25, 2.5, 11.75, 2.625 ], "texture": "#texture" }
    }
},
{
    "__comment": "Incendiary_Maya",
    "from": [ 5.25, 13.375, 7.875 ],
    "to": [ 5.875, 13.5, 8.375 ],
    "faces": {
        "down":  { "uv": [ 13.5, 1.875, 12.875, 1.375 ], "texture": "#texture" },
        "up":    { "uv": [ 12.125, 1.125, 12.75, 1.625 ], "texture": "#texture" },
        "north": { "uv": [ 13.875, 2.5, 13.25, 2.625 ], "texture": "#texture" },
        "south": { "uv": [ 13.25, 2.5, 13.875, 2.625 ], "texture": "#texture" },
        "west":  { "uv": [ 14.875, 2.5, 15.375, 2.625 ], "texture": "#texture" },
        "east":  { "uv": [ 15.375, 2.5, 14.875, 2.625 ], "texture": "#texture" }
    }
},
{
    "__comment": "Incendiary_Maya",
    "from": [ 5.375, 0, 4.25 ],
    "to": [ 11.625, 12.375, 6.25 ],
    "faces": {
        "down":  { "uv": [ 16, 8.625, 10.125, 6.75 ], "texture": "#texture" },
        "up":    { "uv": [ 10, 6.875, 16, 8.625 ], "texture": "#texture" },
        "north": { "uv": [ 12.125, 4.25, 10.125, 16 ], "texture": "#texture" },
        "south": { "uv": [ 9.875, 3.875, 16, 16 ], "texture": "#texture" },
        "west":  { "uv": [ 4.25, 3.625, 6.25, 16 ], "texture": "#texture" },
        "east":  { "uv": [ 12.25, 4.125, 10, 16 ], "texture": "#texture" }
    }
},
{
    "__comment": "Incendiary_Maya",
    "from": [ 5.375, 13.25, 4.75 ],
    "to": [ 5.75, 13.375, 5.25 ],
    "faces": {
        "down":  { "uv": [ 2.625, 12.25, 2.25, 11.75 ], "texture": "#texture" },
        "north": { "uv": [ 13.75, 2.625, 13.375, 2.75 ], "texture": "#texture" },
        "south": { "uv": [ 13.375, 2.625, 13.75, 2.75 ], "texture": "#texture" },
        "west":  { "uv": [ 11.75, 2.625, 12.25, 2.75 ], "texture": "#texture" },
        "east":  { "uv": [ 12.25, 2.625, 11.75, 2.75 ], "texture": "#texture" }
    }
},
{
    "__comment": "Incendiary_Maya",
    "from": [ 5.375, 13.5, 4.75 ],
    "to": [ 6, 13.625, 5.25 ],
    "faces": {
        "down":  { "uv": [ 14.5, 3, 13.875, 2.5 ], "texture": "#texture" },
        "up":    { "uv": [ 13.125, 1.625, 13.75, 2.125 ], "texture": "#texture" },
        "north": { "uv": [ 13.5, 1.875, 12.875, 2 ], "texture": "#texture" },
        "south": { "uv": [ 12.625, 2.5, 13.25, 2.625 ], "texture": "#texture" },
        "west":  { "uv": [ 11.75, 2.375, 12.25, 2.5 ], "texture": "#texture" },
        "east":  { "uv": [ 12.25, 2.375, 11.75, 2.5 ], "texture": "#texture" }
    }
},
{
    "__comment": "Incendiary_Maya",
    "from": [ 5.375, 13.25, 7.875 ],
    "to": [ 5.75, 13.375, 8.375 ],
    "faces": {
        "down":  { "uv": [ 12.625, 2, 12.25, 1.5 ], "texture": "#texture" },
        "north": { "uv": [ 13.75, 2.625, 13.375, 2.75 ], "texture": "#texture" },
        "south": { "uv": [ 13.375, 2.625, 13.75, 2.75 ], "texture": "#texture" },
        "west":  { "uv": [ 14.875, 2.625, 15.375, 2.75 ], "texture": "#texture" },
        "east":  { "uv": [ 15.375, 2.625, 14.875, 2.75 ], "texture": "#texture" }
    }
},
{
    "__comment": "Incendiary_Maya",
    "from": [ 5.375, 13.5, 7.875 ],
    "to": [ 5.875, 13.625, 8.375 ],
    "faces": {
        "up":    { "uv": [ 12.5, 2, 13, 2.5 ], "texture": "#texture" },
        "north": { "uv": [ 13.875, 2.375, 13.375, 2.5 ], "texture": "#texture" },
        "south": { "uv": [ 13.375, 2.375, 13.875, 2.5 ], "texture": "#texture" },
        "west":  { "uv": [ 14.875, 2.375, 15.375, 2.5 ], "texture": "#texture" },
        "east":  { "uv": [ 15.375, 2.375, 14.875, 2.5 ], "texture": "#texture" }
    }
},
{
    "__comment": "Incendiary_Maya",
    "from": [ 5.5, 13.125, 4.75 ],
    "to": [ 5.625, 13.25, 5.25 ],
    "faces": {
        "down":  { "uv": [ 2.5, 12.25, 2.375, 11.75 ], "texture": "#texture" },
        "north": { "uv": [ 13.625, 2.75, 13.5, 2.875 ], "texture": "#texture" },
        "south": { "uv": [ 13.5, 2.75, 13.625, 2.875 ], "texture": "#texture" },
        "west":  { "uv": [ 11.75, 2.75, 12.25, 2.875 ], "texture": "#texture" },
        "east":  { "uv": [ 12.25, 2.75, 11.75, 2.875 ], "texture": "#texture" }
    }
},
{
    "__comment": "Incendiary_Maya",
    "from": [ 5.5, 13.625, 4.75 ],
    "to": [ 5.75, 13.75, 5.25 ],
    "faces": {
        "up":    { "uv": [ 13, 2.375, 13.25, 2.875 ], "texture": "#texture" },
        "north": { "uv": [ 13.75, 2.25, 13.5, 2.375 ], "texture": "#texture" },
        "south": { "uv": [ 13.5, 2.25, 13.75, 2.375 ], "texture": "#texture" },
        "west":  { "uv": [ 11.75, 2.25, 12.25, 2.375 ], "texture": "#texture" },
        "east":  { "uv": [ 12.25, 2.25, 11.75, 2.375 ], "texture": "#texture" }
    }
},
{
    "__comment": "Incendiary_Maya",
    "from": [ 5.5, 13.125, 7.625 ],
    "to": [ 5.625, 13.25, 8.375 ],
    "faces": {
        "down":  { "uv": [ 13.375, 2.5, 13.25, 1.75 ], "texture": "#texture" },
        "up":    { "uv": [ 12.375, 0, 12.5, 0.75 ], "texture": "#texture" },
        "north": { "uv": [ 13.625, 2.75, 13.5, 2.875 ], "texture": "#texture" },
        "south": { "uv": [ 13.5, 2.75, 13.625, 2.875 ], "texture": "#texture" },
        "west":  { "uv": [ 14.625, 2.75, 15.375, 2.875 ], "texture": "#texture" },
        "east":  { "uv": [ 15.375, 2.75, 14.625, 2.875 ], "texture": "#texture" }
    }
},
{
    "__comment": "Incendiary_Maya",
    "from": [ 5.5, 13.625, 7.875 ],
    "to": [ 5.75, 13.75, 8.375 ],
    "faces": {
        "up":    { "uv": [ 13.625, 3.25, 13.875, 3.75 ], "texture": "#texture" },
        "north": { "uv": [ 13.75, 2.25, 13.5, 2.375 ], "texture": "#texture" },
        "south": { "uv": [ 13.5, 2.25, 13.75, 2.375 ], "texture": "#texture" },
        "west":  { "uv": [ 14.875, 2.25, 15.375, 2.375 ], "texture": "#texture" },
        "east":  { "uv": [ 15.375, 2.25, 14.875, 2.375 ], "texture": "#texture" }
    }
},
{
    "__comment": "Incendiary_Maya",
    "from": [ 5.625, 13.75, 4.75 ],
    "to": [ 6.25, 13.875, 5.125 ],
    "faces": {
        "down":  { "uv": [ 12.875, 2.125, 13.5, 2.5 ], "texture": "#texture" },
        "up":    { "uv": [ 12.5, 2.625, 13.125, 3 ], "texture": "#texture" },
        "north": { "uv": [ 13.25, 1.875, 13.875, 2 ], "texture": "#texture" },
        "south": { "uv": [ 12.625, 2.125, 13.25, 2.25 ], "texture": "#texture" },
        "west":  { "uv": [ 11.75, 2.125, 12.125, 2.25 ], "texture": "#texture" },
        "east":  { "uv": [ 11.75, 2.125, 12.125, 2.25 ], "texture": "#texture" }
    }
},
{
    "__comment": "Incendiary_Maya",
    "from": [ 5.625, 13.75, 8 ],
    "to": [ 6.25, 13.875, 8.375 ],
    "faces": {
        "down":  { "uv": [ 14, 1.375, 13.375, 1 ], "texture": "#texture" },
        "up":    { "uv": [ 12.625, 1.125, 13.25, 1.5 ], "texture": "#texture" },
        "north": { "uv": [ 14.25, 2.125, 13.625, 2.25 ], "texture": "#texture" },
        "south": { "uv": [ 13.625, 2.125, 14.25, 2.25 ], "texture": "#texture" },
        "west":  { "uv": [ 15, 2.125, 15.375, 2.25 ], "texture": "#texture" },
        "east":  { "uv": [ 15.375, 2.125, 15, 2.25 ], "texture": "#texture" }
    }
},
{
    "__comment": "Incendiary_Maya",
    "from": [ 5.75, 13.625, 4.75 ],
    "to": [ 6.125, 13.75, 5.125 ],
    "faces": {
        "down":  { "uv": [ 2.25, 12.125, 1.875, 11.75 ], "texture": "#texture" },
        "north": { "uv": [ 14.125, 2.25, 13.75, 2.375 ], "texture": "#texture" },
        "south": { "uv": [ 13.75, 2.25, 14.125, 2.375 ], "texture": "#texture" },
        "east":  { "uv": [ 12.125, 2.25, 11.75, 2.375 ], "texture": "#texture" }
    }
},
{
    "__comment": "Incendiary_Maya",
    "from": [ 5.75, 13.875, 4.75 ],
    "to": [ 6.375, 14, 5.125 ],
    "faces": {
        "down":  { "uv": [ 10.25, 12.125, 9.625, 11.75 ], "texture": "#texture" },
        "up":    { "uv": [ 12.625, 2.375, 13.25, 2.75 ], "texture": "#texture" },
        "north": { "uv": [ 12.375, 2.125, 11.75, 2.25 ], "texture": "#texture" },
        "south": { "uv": [ 13.125, 2, 13.75, 2.125 ], "texture": "#texture" },
        "west":  { "uv": [ 11.75, 2, 12.125, 2.125 ], "texture": "#texture" },
        "east":  { "uv": [ 12.125, 2, 11.75, 2.125 ], "texture": "#texture" }
    }
},
{
    "__comment": "Incendiary_Maya",
    "from": [ 5.75, 13.625, 8 ],
    "to": [ 6.125, 13.75, 8.375 ],
    "faces": {
        "down":  { "uv": [ 2.25, 15.375, 1.875, 15 ], "texture": "#texture" },
        "north": { "uv": [ 14.125, 2.25, 13.75, 2.375 ], "texture": "#texture" },
        "south": { "uv": [ 13.75, 2.25, 14.125, 2.375 ], "texture": "#texture" },
        "east":  { "uv": [ 15.375, 2.25, 15, 2.375 ], "texture": "#texture" }
    }
},
{
    "__comment": "Incendiary_Maya",
    "from": [ 5.75, 13.875, 8 ],
    "to": [ 6.375, 14.125, 8.375 ],
    "faces": {
        "down":  { "uv": [ 14.125, 1.75, 13.5, 1.375 ], "texture": "#texture" },
        "up":    { "uv": [ 14, 2.75, 14.625, 3.125 ], "texture": "#texture" },
        "north": { "uv": [ 14.375, 1.875, 13.75, 2.125 ], "texture": "#texture" },
        "south": { "uv": [ 13.75, 1.875, 14.375, 2.125 ], "texture": "#texture" },
        "west":  { "uv": [ 15, 1.875, 15.375, 2.125 ], "texture": "#texture" },
        "east":  { "uv": [ 15.375, 1.875, 15, 2.125 ], "texture": "#texture" }
    }
},
{
    "__comment": "Incendiary_Maya",
    "from": [ 5.875, 0, 3.125 ],
    "to": [ 11.125, 12.375, 4.25 ],
    "faces": {
        "down":  { "uv": [ 15.75, 5.25, 10.5, 4.125 ], "texture": "#texture" },
        "up":    { "uv": [ 10.625, 4.125, 15.875, 5.25 ], "texture": "#texture" },
        "north": { "uv": [ 12.375, 3.875, 10.125, 16 ], "texture": "#texture" },
        "west":  { "uv": [ 3.125, 3.625, 4.25, 16 ], "texture": "#texture" },
        "east":  { "uv": [ 11.375, 4, 10.375, 15.875 ], "texture": "#texture" }
    }
},
{
    "__comment": "Incendiary_Maya",
    "from": [ 5.875, 14, 4.75 ],
    "to": [ 6.5, 14.25, 5.125 ],
    "faces": {
        "down":  { "uv": [ 14.625, 1.375, 14, 1 ], "texture": "#texture" },
        "up":    { "uv": [ 12.25, 2.625, 12.875, 3 ], "texture": "#texture" },
        "north": { "uv": [ 14.5, 1.75, 13.875, 2 ], "texture": "#texture" },
        "south": { "uv": [ 13.875, 1.75, 14.5, 2 ], "texture": "#texture" },
        "west":  { "uv": [ 11.75, 1.75, 12.125, 2 ], "texture": "#texture" },
        "east":  { "uv": [ 12.125, 1.75, 11.75, 2 ], "texture": "#texture" }
    }
},
{
    "__comment": "Incendiary_Maya",
    "from": [ 5.875, 13.625, 5.125 ],
    "to": [ 6.125, 13.75, 5.25 ],
    "faces": {
        "down":  { "uv": [ 2.125, 12.25, 1.875, 12.125 ], "texture": "#texture" },
        "up":    { "uv": [ 13.875, 12.125, 14.125, 12.25 ], "texture": "#texture" },
        "south": { "uv": [ 13.875, 2.25, 14.125, 2.375 ], "texture": "#texture" },
        "west":  { "uv": [ 12.125, 2.25, 12.25, 2.375 ], "texture": "#texture" },
        "east":  { "uv": [ 12.25, 2.25, 12.125, 2.375 ], "texture": "#texture" }
    }
},
{
    "__comment": "Incendiary_Maya",
    "from": [ 5.875, 14.125, 5.125 ],
    "to": [ 6.5, 14.25, 5.25 ],
    "faces": {
        "down":  { "uv": [ 12.5, 1, 11.875, 0.875 ], "texture": "#texture" },
        "up":    { "uv": [ 12.375, 2.375, 13, 2.5 ], "texture": "#texture" },
        "south": { "uv": [ 13.875, 1.75, 14.5, 1.875 ], "texture": "#texture" },
        "west":  { "uv": [ 12.125, 1.75, 12.25, 1.875 ], "texture": "#texture" },
        "east":  { "uv": [ 12.25, 1.75, 12.125, 1.875 ], "texture": "#texture" }
    }
},
{
    "__comment": "Incendiary_Maya",
    "from": [ 5.875, 0, 6.25 ],
    "to": [ 11.125, 12.375, 7.25 ],
    "faces": {
        "down":  { "uv": [ 15.75, 8.25, 10.5, 7.25 ], "texture": "#texture" },
        "up":    { "uv": [ 10.375, 4.125, 15.625, 5.125 ], "texture": "#texture" },
        "south": { "uv": [ 9.875, 3.875, 12.125, 16 ], "texture": "#texture" },
        "west":  { "uv": [ 6.25, 3.625, 7.25, 16 ], "texture": "#texture" },
        "east":  { "uv": [ 11.5, 3.875, 10.5, 16 ], "texture": "#texture" }
    }
},
{
    "__comment": "Incendiary_Maya",
    "from": [ 5.875, 14.125, 7.875 ],
    "to": [ 6.5, 14.25, 8.375 ],
    "faces": {
        "down":  { "uv": [ 12.375, 3.125, 11.75, 2.625 ], "texture": "#texture" },
        "up":    { "uv": [ 14.25, 1, 14.875, 1.5 ], "texture": "#texture" },
        "north": { "uv": [ 14.5, 1.75, 13.875, 1.875 ], "texture": "#texture" },
        "south": { "uv": [ 13.875, 1.75, 14.5, 1.875 ], "texture": "#texture" },
        "west":  { "uv": [ 14.875, 1.75, 15.375, 1.875 ], "texture": "#texture" },
        "east":  { "uv": [ 15.375, 1.75, 14.875, 1.875 ], "texture": "#texture" }
    }
},
{
    "__comment": "Incendiary_Maya",
    "from": [ 5.875, 13.5, 8 ],
    "to": [ 6, 13.625, 8.375 ],
    "faces": {
        "down":  { "uv": [ 2.125, 15.375, 2, 15 ], "texture": "#texture" },
        "north": { "uv": [ 14, 2.375, 13.875, 2.5 ], "texture": "#texture" },
        "south": { "uv": [ 13.875, 2.375, 14, 2.5 ], "texture": "#texture" },
        "east":  { "uv": [ 15.375, 2.375, 15, 2.5 ], "texture": "#texture" }
    }
},
{
    "__comment": "Incendiary_Maya",
    "from": [ 6, 14.25, 4.75 ],
    "to": [ 6.375, 14.375, 5.25 ],
    "faces": {
        "down":  { "uv": [ 14.375, 2.25, 14, 1.75 ], "texture": "#texture" },
        "up":    { "uv": [ 12.75, 1.125, 13.125, 1.625 ], "texture": "#texture" },
        "north": { "uv": [ 14.375, 1.625, 14, 1.75 ], "texture": "#texture" },
        "south": { "uv": [ 14, 1.625, 14.375, 1.75 ], "texture": "#texture" },
        "west":  { "uv": [ 11.75, 1.625, 12.25, 1.75 ], "texture": "#texture" },
        "east":  { "uv": [ 12.25, 1.625, 11.75, 1.75 ], "texture": "#texture" }
    }
},
{
    "__comment": "Incendiary_Maya",
    "from": [ 6, 14, 5.125 ],
    "to": [ 6.5, 14.125, 5.25 ],
    "faces": {
        "down":  { "uv": [ 2, 12.25, 1.5, 12.125 ], "texture": "#texture" },
        "south": { "uv": [ 14, 1.875, 14.5, 2 ], "texture": "#texture" },
        "west":  { "uv": [ 12.125, 1.875, 12.25, 2 ], "texture": "#texture" },
        "east":  { "uv": [ 12.25, 1.875, 12.125, 2 ], "texture": "#texture" }
    }
},
{
    "__comment": "Incendiary_Maya",
    "from": [ 6, 14, 7.875 ],
    "to": [ 6.5, 14.125, 8 ],
    "faces": {
        "down":  { "uv": [ 2, 15, 1.5, 14.875 ], "texture": "#texture" },
        "north": { "uv": [ 14.5, 1.875, 14, 2 ], "texture": "#texture" },
        "south": { "uv": [ 14, 1.875, 14.5, 2 ], "texture": "#texture" },
        "west":  { "uv": [ 14.875, 1.875, 15, 2 ], "texture": "#texture" },
        "east":  { "uv": [ 15, 1.875, 14.875, 2 ], "texture": "#texture" }
    }
},
{
    "__comment": "Incendiary_Maya",
    "from": [ 6, 14.25, 7.875 ],
    "to": [ 6.375, 14.375, 8.375 ],
    "faces": {
        "up":    { "uv": [ 13.125, 3.25, 13.5, 3.75 ], "texture": "#texture" },
        "north": { "uv": [ 14.375, 1.625, 14, 1.75 ], "texture": "#texture" },
        "south": { "uv": [ 14, 1.625, 14.375, 1.75 ], "texture": "#texture" },
        "west":  { "uv": [ 14.875, 1.625, 15.375, 1.75 ], "texture": "#texture" },
        "east":  { "uv": [ 15.375, 1.625, 14.875, 1.75 ], "texture": "#texture" }
    }
},
{
    "__comment": "Incendiary_Maya",
    "from": [ 6.125, 14.375, 4.75 ],
    "to": [ 6.25, 14.5, 5.25 ],
    "faces": {
        "up":    { "uv": [ 13, 2, 13.125, 2.5 ], "texture": "#texture" },
        "north": { "uv": [ 14.25, 1.5, 14.125, 1.625 ], "texture": "#texture" },
        "south": { "uv": [ 14.125, 1.5, 14.25, 1.625 ], "texture": "#texture" },
        "west":  { "uv": [ 11.75, 1.5, 12.25, 1.625 ], "texture": "#texture" },
        "east":  { "uv": [ 12.25, 1.5, 11.75, 1.625 ], "texture": "#texture" }
    }
},
{
    "__comment": "Incendiary_Maya",
    "from": [ 6.125, 13.875, 5.125 ],
    "to": [ 6.375, 14, 5.25 ],
    "faces": {
        "down":  { "uv": [ 1.875, 12.25, 1.625, 12.125 ], "texture": "#texture" },
        "south": { "uv": [ 14.125, 2, 14.375, 2.125 ], "texture": "#texture" },
        "west":  { "uv": [ 12.125, 2, 12.25, 2.125 ], "texture": "#texture" },
        "east":  { "uv": [ 12.25, 2, 12.125, 2.125 ], "texture": "#texture" }
    }
},
{
    "__comment": "Incendiary_Maya",
    "from": [ 6.125, 13.875, 7.875 ],
    "to": [ 6.375, 14, 8 ],
    "faces": {
        "down":  { "uv": [ 1.875, 15, 1.625, 14.875 ], "texture": "#texture" },
        "north": { "uv": [ 14.375, 2, 14.125, 2.125 ], "texture": "#texture" },
        "west":  { "uv": [ 14.875, 2, 15, 2.125 ], "texture": "#texture" },
        "east":  { "uv": [ 15, 2, 14.875, 2.125 ], "texture": "#texture" }
    }
},
{
    "__comment": "Incendiary_Maya",
    "from": [ 6.125, 14.375, 7.875 ],
    "to": [ 6.25, 14.5, 8.375 ],
    "faces": {
        "up":    { "uv": [ 13.25, 1.75, 13.375, 2.25 ], "texture": "#texture" },
        "north": { "uv": [ 14.25, 1.5, 14.125, 1.625 ], "texture": "#texture" },
        "south": { "uv": [ 14.125, 1.5, 14.25, 1.625 ], "texture": "#texture" },
        "west":  { "uv": [ 14.875, 1.5, 15.375, 1.625 ], "texture": "#texture" },
        "east":  { "uv": [ 15.375, 1.5, 14.875, 1.625 ], "texture": "#texture" }
    }
},
{
    "__comment": "Incendiary_Maya",
    "from": [ 6.25, 14.375, 5 ],
    "to": [ 6.75, 14.625, 5.5 ],
    "faces": {
        "down":  { "uv": [ 13.875, 2.25, 13.375, 1.75 ], "texture": "#texture" },
        "up":    { "uv": [ 13.875, 2, 14.375, 2.5 ], "texture": "#texture" },
        "north": { "uv": [ 14.75, 1.375, 14.25, 1.625 ], "texture": "#texture" },
        "south": { "uv": [ 14.25, 1.375, 14.75, 1.625 ], "texture": "#texture" },
        "west":  { "uv": [ 12, 1.375, 12.5, 1.625 ], "texture": "#texture" },
        "east":  { "uv": [ 12.5, 1.375, 12, 1.625 ], "texture": "#texture" }
    }
},
{
    "__comment": "Incendiary_Maya",
    "from": [ 6.25, 14.375, 7.625 ],
    "to": [ 6.75, 14.625, 8 ],
    "faces": {
        "down":  { "uv": [ 13.125, 1.875, 12.625, 1.5 ], "texture": "#texture" },
        "up":    { "uv": [ 13.75, 1.25, 14.25, 1.625 ], "texture": "#texture" },
        "north": { "uv": [ 14.75, 1.375, 14.25, 1.625 ], "texture": "#texture" },
        "south": { "uv": [ 14.25, 1.375, 14.75, 1.625 ], "texture": "#texture" },
        "west":  { "uv": [ 14.625, 1.375, 15, 1.625 ], "texture": "#texture" },
        "east":  { "uv": [ 15, 1.375, 14.625, 1.625 ], "texture": "#texture" }
    }
},
{
    "__comment": "Incendiary_Maya",
    "from": [ 6.375, 0, 2.625 ],
    "to": [ 10.625, 12.375, 3.125 ],
    "faces": {
        "down":  { "uv": [ 15, 15.125, 10.75, 14.625 ], "texture": "#texture" },
        "up":    { "uv": [ 11, 4.5, 15.25, 5 ], "texture": "#texture" },
        "north": { "uv": [ 12.25, 4, 10, 16 ], "texture": "#texture" },
        "west":  { "uv": [ 2.625, 3.625, 3.125, 16 ], "texture": "#texture" },
        "east":  { "uv": [ 2.125, 3.625, 1.625, 16 ], "texture": "#texture" }
    }
},
{
    "__comment": "Incendiary_Maya",
    "from": [ 6.375, 12.375, 4.25 ],
    "to": [ 10.625, 13.375, 6.25 ],
    "faces": {
        "up":    { "uv": [ 4, 2.375, 6.25, 3.5 ], "texture": "#texture" },
        "north": { "uv": [ 7.25, 2.625, 3, 3.625 ], "texture": "#texture" },
        "south": { "uv": [ 3, 2.625, 7.25, 3.625 ], "texture": "#texture" },
        "west":  { "uv": [ 4.25, 2.625, 6.25, 3.625 ], "texture": "#texture" },
        "east":  { "uv": [ 6.25, 2.625, 4.25, 3.625 ], "texture": "#texture" }
    }
},
{
    "__comment": "Incendiary_Maya",
    "from": [ 6.375, 14.25, 5 ],
    "to": [ 6.625, 14.375, 5.5 ],
    "faces": {
        "down":  { "uv": [ 1.625, 12.5, 1.375, 12 ], "texture": "#texture" },
        "north": { "uv": [ 14.625, 1.625, 14.375, 1.75 ], "texture": "#texture" },
        "south": { "uv": [ 14.375, 1.625, 14.625, 1.75 ], "texture": "#texture" },
        "west":  { "uv": [ 12, 1.625, 12.5, 1.75 ], "texture": "#texture" },
        "east":  { "uv": [ 12.5, 1.625, 12, 1.75 ], "texture": "#texture" }
    }
},
{
    "__comment": "Incendiary_Maya",
    "from": [ 6.375, 14.625, 5 ],
    "to": [ 6.625, 14.75, 5.5 ],
    "faces": {
        "up":    { "uv": [ 12.375, 2.125, 12.625, 2.625 ], "texture": "#texture" },
        "north": { "uv": [ 14.625, 1.25, 14.375, 1.375 ], "texture": "#texture" },
        "south": { "uv": [ 14.375, 1.25, 14.625, 1.375 ], "texture": "#texture" },
        "west":  { "uv": [ 12, 1.25, 12.5, 1.375 ], "texture": "#texture" },
        "east":  { "uv": [ 12.5, 1.25, 12, 1.375 ], "texture": "#texture" }
    }
},
{
    "__comment": "Incendiary_Maya",
    "from": [ 6.375, 14.5, 5.875 ],
    "to": [ 9.5, 15.625, 6.875 ],
    "faces": {
        "down":  { "uv": [ 7.5, 1.375, 4.375, 0.375 ], "texture": "#texture" },
        "up":    { "uv": [ 5.875, 0.625, 9, 1.625 ], "texture": "#texture" },
        "north": { "uv": [ 8, 0.375, 4.875, 1.5 ], "texture": "#texture" },
        "south": { "uv": [ 6.375, 0.375, 9.5, 1.5 ], "texture": "#texture" },
        "west":  { "uv": [ 7.375, 1, 8.375, 2.125 ], "texture": "#texture" },
        "east":  { "uv": [ 5.625, 0.875, 4.625, 2 ], "texture": "#texture" }
    }
},
{
    "__comment": "Incendiary_Maya",
    "from": [ 6.375, 0, 7.25 ],
    "to": [ 10.625, 12.375, 7.75 ],
    "faces": {
        "down":  { "uv": [ 15.875, 8.5, 11.625, 8 ], "texture": "#texture" },
        "up":    { "uv": [ 11.125, 4.375, 15.375, 4.875 ], "texture": "#texture" },
        "south": { "uv": [ 10, 4, 12.25, 16 ], "texture": "#texture" },
        "west":  { "uv": [ 7.25, 3.625, 7.75, 16 ], "texture": "#texture" },
        "east":  { "uv": [ 10.75, 3.625, 10.25, 16 ], "texture": "#texture" }
    }
},
{
    "__comment": "Incendiary_Maya",
    "from": [ 6.375, 14.25, 7.625 ],
    "to": [ 6.625, 14.375, 8 ],
    "faces": {
        "down":  { "uv": [ 1.625, 15, 1.375, 14.625 ], "texture": "#texture" },
        "north": { "uv": [ 14.625, 1.625, 14.375, 1.75 ], "texture": "#texture" },
        "south": { "uv": [ 14.375, 1.625, 14.625, 1.75 ], "texture": "#texture" },
        "west":  { "uv": [ 14.625, 1.625, 15, 1.75 ], "texture": "#texture" },
        "east":  { "uv": [ 15, 1.625, 14.625, 1.75 ], "texture": "#texture" }
    }
},
{
    "__comment": "Incendiary_Maya",
    "from": [ 6.375, 14.625, 7.625 ],
    "to": [ 6.625, 14.75, 8 ],
    "faces": {
        "up":    { "uv": [ 12.25, 2, 12.5, 2.375 ], "texture": "#texture" },
        "north": { "uv": [ 14.625, 1.25, 14.375, 1.375 ], "texture": "#texture" },
        "south": { "uv": [ 14.375, 1.25, 14.625, 1.375 ], "texture": "#texture" },
        "west":  { "uv": [ 14.625, 1.25, 15, 1.375 ], "texture": "#texture" },
        "east":  { "uv": [ 15, 1.25, 14.625, 1.375 ], "texture": "#texture" }
    }
},
{
    "__comment": "Incendiary_Maya",
    "from": [ 6.375, 14, 8 ],
    "to": [ 6.5, 14.125, 8.375 ],
    "faces": {
        "down":  { "uv": [ 1.625, 15.375, 1.5, 15 ], "texture": "#texture" },
        "south": { "uv": [ 14.375, 1.875, 14.5, 2 ], "texture": "#texture" },
        "east":  { "uv": [ 15.375, 1.875, 15, 2 ], "texture": "#texture" }
    }
},
{
    "__comment": "Incendiary_Maya",
    "from": [ 6.5, 14.75, 5.375 ],
    "to": [ 7.125, 14.875, 5.875 ],
    "faces": {
        "down":  { "uv": [ 13.125, 2.875, 12.5, 2.375 ], "texture": "#texture" },
        "up":    { "uv": [ 13.125, 1.75, 13.75, 2.25 ], "texture": "#texture" },
        "north": { "uv": [ 15.125, 1.125, 14.5, 1.25 ], "texture": "#texture" },
        "west":  { "uv": [ 12.375, 1.125, 12.875, 1.25 ], "texture": "#texture" },
        "east":  { "uv": [ 12.875, 1.125, 12.375, 1.25 ], "texture": "#texture" }
    }
},
{
    "__comment": "Incendiary_Maya",
    "from": [ 6.5, 14.75, 7.25 ],
    "to": [ 7.125, 14.875, 7.75 ],
    "faces": {
        "down":  { "uv": [ 12.875, 1.875, 12.25, 1.375 ], "texture": "#texture" },
        "up":    { "uv": [ 13.375, 3.125, 14, 3.625 ], "texture": "#texture" },
        "north": { "uv": [ 15.125, 1.125, 14.5, 1.25 ], "texture": "#texture" },
        "south": { "uv": [ 14.5, 1.125, 15.125, 1.25 ], "texture": "#texture" },
        "west":  { "uv": [ 14.25, 1.125, 14.75, 1.25 ], "texture": "#texture" },
        "east":  { "uv": [ 14.75, 1.125, 14.25, 1.25 ], "texture": "#texture" }
    }
},
{
    "__comment": "Incendiary_Maya",
    "from": [ 6.625, 14.625, 5.375 ],
    "to": [ 7, 14.75, 5.875 ],
    "faces": {
        "down":  { "uv": [ 1.375, 12.875, 1, 12.375 ], "texture": "#texture" },
        "north": { "uv": [ 15, 1.25, 14.625, 1.375 ], "texture": "#texture" },
        "west":  { "uv": [ 12.375, 1.25, 12.875, 1.375 ], "texture": "#texture" },
        "east":  { "uv": [ 12.875, 1.25, 12.375, 1.375 ], "texture": "#texture" }
    }
},
{
    "__comment": "Incendiary_Maya",
    "from": [ 6.625, 14.875, 5.375 ],
    "to": [ 7, 15, 5.875 ],
    "faces": {
        "up":    { "uv": [ 12, 1, 12.375, 1.5 ], "texture": "#texture" },
        "north": { "uv": [ 15, 1, 14.625, 1.125 ], "texture": "#texture" },
        "west":  { "uv": [ 12.375, 1, 12.875, 1.125 ], "texture": "#texture" },
        "east":  { "uv": [ 12.875, 1, 12.375, 1.125 ], "texture": "#texture" }
    }
},
{
    "__comment": "Incendiary_Maya",
    "from": [ 6.625, 14.625, 7.25 ],
    "to": [ 7, 14.75, 7.75 ],
    "faces": {
        "down":  { "uv": [ 14, 1.375, 13.625, 0.875 ], "texture": "#texture" },
        "north": { "uv": [ 15, 1.25, 14.625, 1.375 ], "texture": "#texture" },
        "south": { "uv": [ 14.625, 1.25, 15, 1.375 ], "texture": "#texture" },
        "west":  { "uv": [ 14.25, 1.25, 14.75, 1.375 ], "texture": "#texture" },
        "east":  { "uv": [ 14.75, 1.25, 14.25, 1.375 ], "texture": "#texture" }
    }
},
{
    "__comment": "Incendiary_Maya",
    "from": [ 6.625, 14.875, 7.25 ],
    "to": [ 7, 15, 7.75 ],
    "faces": {
        "up":    { "uv": [ 13.5, 1.875, 13.875, 2.375 ], "texture": "#texture" },
        "north": { "uv": [ 15, 1, 14.625, 1.125 ], "texture": "#texture" },
        "south": { "uv": [ 14.625, 1, 15, 1.125 ], "texture": "#texture" },
        "west":  { "uv": [ 14.25, 1, 14.75, 1.125 ], "texture": "#texture" },
        "east":  { "uv": [ 14.75, 1, 14.25, 1.125 ], "texture": "#texture" }
    }
},
{
    "__comment": "Incendiary_Maya",
    "from": [ 6.75, 14.5, 5.375 ],
    "to": [ 6.875, 14.625, 5.875 ],
    "faces": {
        "down":  { "uv": [ 1.25, 12.875, 1.125, 12.375 ], "texture": "#texture" },
        "north": { "uv": [ 14.875, 1.375, 14.75, 1.5 ], "texture": "#texture" },
        "west":  { "uv": [ 12.375, 1.375, 12.875, 1.5 ], "texture": "#texture" },
        "east":  { "uv": [ 12.875, 1.375, 12.375, 1.5 ], "texture": "#texture" }
    }
},
{
    "__comment": "Incendiary_Maya",
    "from": [ 6.75, 15, 5.375 ],
    "to": [ 6.875, 15.125, 5.875 ],
    "faces": {
        "up":    { "uv": [ 13.75, 2, 13.875, 2.5 ], "texture": "#texture" },
        "north": { "uv": [ 14.875, 0.875, 14.75, 1 ], "texture": "#texture" },
        "west":  { "uv": [ 12.375, 0.875, 12.875, 1 ], "texture": "#texture" },
        "east":  { "uv": [ 12.875, 0.875, 12.375, 1 ], "texture": "#texture" }
    }
},
{
    "__comment": "Incendiary_Maya",
    "from": [ 6.75, 14.875, 6.875 ],
    "to": [ 7.25, 15.125, 7.25 ],
    "faces": {
        "down":  { "uv": [ 15.25, 3.375, 14.75, 3 ], "texture": "#texture" },
        "up":    { "uv": [ 11.875, 2.625, 12.375, 3 ], "texture": "#texture" },
        "south": { "uv": [ 14.75, 0.875, 15.25, 1.125 ], "texture": "#texture" },
        "west":  { "uv": [ 13.875, 0.875, 14.25, 1.125 ], "texture": "#texture" },
        "east":  { "uv": [ 14.25, 0.875, 13.875, 1.125 ], "texture": "#texture" }
    }
},
{
    "__comment": "Incendiary_Maya",
    "from": [ 6.75, 14.5, 7.25 ],
    "to": [ 6.875, 14.625, 7.75 ],
    "faces": {
        "down":  { "uv": [ 1.25, 14.75, 1.125, 14.25 ], "texture": "#texture" },
        "north": { "uv": [ 14.875, 1.375, 14.75, 1.5 ], "texture": "#texture" },
        "south": { "uv": [ 14.75, 1.375, 14.875, 1.5 ], "texture": "#texture" },
        "west":  { "uv": [ 14.25, 1.375, 14.75, 1.5 ], "texture": "#texture" },
        "east":  { "uv": [ 14.75, 1.375, 14.25, 1.5 ], "texture": "#texture" }
    }
},
{
    "__comment": "Incendiary_Maya",
    "from": [ 6.75, 15, 7.25 ],
    "to": [ 6.875, 15.125, 7.75 ],
    "faces": {
        "up":    { "uv": [ 13.375, 2, 13.5, 2.5 ], "texture": "#texture" },
        "south": { "uv": [ 14.75, 0.875, 14.875, 1 ], "texture": "#texture" },
        "west":  { "uv": [ 14.25, 0.875, 14.75, 1 ], "texture": "#texture" },
        "east":  { "uv": [ 14.75, 0.875, 14.25, 1 ], "texture": "#texture" }
    }
},
{
    "__comment": "Incendiary_Maya",
    "from": [ 6.875, 12.375, 3.625 ],
    "to": [ 10, 13.375, 4.25 ],
    "faces": {
        "up":    { "uv": [ 3.625, 2.75, 6.75, 3.375 ], "texture": "#texture" },
        "north": { "uv": [ 6.625, 2.625, 3.5, 3.625 ], "texture": "#texture" },
        "west":  { "uv": [ 3.625, 2.625, 4.25, 3.625 ], "texture": "#texture" },
        "east":  { "uv": [ 4.25, 2.625, 3.625, 3.625 ], "texture": "#texture" }
    }
},
{
    "__comment": "Incendiary_Maya",
    "from": [ 6.875, 12.375, 6.25 ],
    "to": [ 10, 13.375, 6.75 ],
    "faces": {
        "up":    { "uv": [ 3.5, 3, 6.625, 3.5 ], "texture": "#texture" },
        "south": { "uv": [ 3.625, 2.625, 6.75, 3.625 ], "texture": "#texture" },
        "west":  { "uv": [ 6.25, 2.625, 6.75, 3.625 ], "texture": "#texture" },
        "east":  { "uv": [ 6.75, 2.625, 6.25, 3.625 ], "texture": "#texture" }
    }
},
{
    "__comment": "Incendiary_Maya",
    "from": [ 6.875, 14.75, 6.875 ],
    "to": [ 7.125, 14.875, 7.25 ],
    "faces": {
        "down":  { "uv": [ 1.125, 14.25, 0.875, 13.875 ], "texture": "#texture" },
        "west":  { "uv": [ 13.875, 1.125, 14.25, 1.25 ], "texture": "#texture" },
        "east":  { "uv": [ 14.25, 1.125, 13.875, 1.25 ], "texture": "#texture" }
    }
},
{
    "__comment": "Incendiary_Maya",
    "from": [ 6.875, 15.125, 6.875 ],
    "to": [ 7.125, 15.25, 7.25 ],
    "faces": {
        "up":    { "uv": [ 13.25, 0.875, 13.5, 1.25 ], "texture": "#texture" },
        "south": { "uv": [ 14.875, 0.75, 15.125, 0.875 ], "texture": "#texture" },
        "west":  { "uv": [ 13.875, 0.75, 14.25, 0.875 ], "texture": "#texture" },
        "east":  { "uv": [ 14.25, 0.75, 13.875, 0.875 ], "texture": "#texture" }
    }
},
{
    "__comment": "Incendiary_Maya",
    "from": [ 7.375, 12.375, 6.75 ],
    "to": [ 9.5, 13.375, 6.875 ],
    "faces": {
        "up":    { "uv": [ 4.25, 3.125, 6.375, 3.25 ], "texture": "#texture" },
        "south": { "uv": [ 4, 2.375, 6.125, 3.375 ], "texture": "#texture" },
        "west":  { "uv": [ 6.75, 2.625, 6.875, 3.625 ], "texture": "#texture" },
        "east":  { "uv": [ 6.875, 2.625, 6.75, 3.625 ], "texture": "#texture" }
    }
},
{
    "__comment": "Incendiary_Maya",
    "from": [ 7.5, 0, 2.125 ],
    "to": [ 9.5, 12.375, 2.625 ],
    "faces": {
        "down":  { "uv": [ 13.75, 11.625, 11.75, 11.125 ], "texture": "#texture" },
        "up":    { "uv": [ 10.875, 5.75, 12.875, 6.25 ], "texture": "#texture" },
        "north": { "uv": [ 16, 4, 14.375, 16 ], "texture": "#texture" },
        "west":  { "uv": [ 2.125, 3.625, 2.625, 16 ], "texture": "#texture" },
        "east":  { "uv": [ 2.625, 3.625, 2.125, 16 ], "texture": "#texture" }
    }
},
{
    "__comment": "Incendiary_Maya",
    "from": [ 7.5, 12.375, 3.125 ],
    "to": [ 9.5, 13.375, 3.625 ],
    "faces": {
        "up":    { "uv": [ 4.125, 2.75, 6.125, 3.25 ], "texture": "#texture" },
        "north": { "uv": [ 6.125, 2.5, 4.125, 3.5 ], "texture": "#texture" },
        "west":  { "uv": [ 3.125, 2.625, 3.625, 3.625 ], "texture": "#texture" },
        "east":  { "uv": [ 3.625, 2.625, 3.125, 3.625 ], "texture": "#texture" }
    }
},
{
    "__comment": "Incendiary_Maya",
    "from": [ 7.5, 15, 3.125 ],
    "to": [ 9.5, 16, 5.875 ],
    "faces": {
        "down":  { "uv": [ 9.625, 2.75, 7.625, 0 ], "texture": "#texture" },
        "up":    { "uv": [ 7.75, 0.125, 9.75, 2.875 ], "texture": "#texture" },
        "north": { "uv": [ 9.5, 0, 7.5, 1 ], "texture": "#texture" },
        "south": { "uv": [ 7.5, 0, 9.5, 1 ], "texture": "#texture" },
        "west":  { "uv": [ 3.125, 0, 5.875, 1 ], "texture": "#texture" },
        "east":  { "uv": [ 5.875, 0, 3.125, 1 ], "texture": "#texture" }
    }
},
{
    "__comment": "Incendiary_Maya",
    "from": [ 7.5, 13.375, 4.25 ],
    "to": [ 9.5, 14.5, 6.25 ],
    "faces": {
        "up":    { "uv": [ 4.125, 0.75, 6.125, 2.75 ], "texture": "#texture" },
        "north": { "uv": [ 6.125, 1.5, 4.125, 2.625 ], "texture": "#texture" },
        "south": { "uv": [ 4.125, 1.5, 6.125, 2.625 ], "texture": "#texture" },
        "west":  { "uv": [ 4.25, 1.5, 6.25, 2.625 ], "texture": "#texture" },
        "east":  { "uv": [ 6.25, 1.5, 4.25, 2.625 ], "texture": "#texture" }
    }
},
{
    "__comment": "Incendiary_Maya",
    "from": [ 7.5, 14.5, 4.25 ],
    "to": [ 9.5, 15, 5.875 ],
    "faces": {
        "north": { "uv": [ 9.5, 1, 7.5, 1.5 ], "texture": "#texture" },
        "west":  { "uv": [ 4.25, 1, 5.875, 1.5 ], "texture": "#texture" },
        "east":  { "uv": [ 5.875, 1, 4.25, 1.5 ], "texture": "#texture" }
    }
},
{
    "__comment": "Incendiary_Maya",
    "from": [ 7.5, 15.625, 5.875 ],
    "to": [ 9.5, 16, 7.25 ],
    "faces": {
        "down":  { "uv": [ 9, 1.625, 7, 0.25 ], "texture": "#texture" },
        "up":    { "uv": [ 7.25, 0.125, 9.25, 1.5 ], "texture": "#texture" },
        "south": { "uv": [ 7.5, 0, 9.5, 0.375 ], "texture": "#texture" },
        "west":  { "uv": [ 5.875, 0, 7.25, 0.375 ], "texture": "#texture" },
        "east":  { "uv": [ 7.25, 0, 5.875, 0.375 ], "texture": "#texture" }
    }
},
{
    "__comment": "Incendiary_Maya",
    "from": [ 7.5, 13.875, 6.25 ],
    "to": [ 9.5, 14.375, 8.875 ],
    "faces": {
        "down":  { "uv": [ 9.625, 2.625, 7.625, 0 ], "texture": "#texture" },
        "up":    { "uv": [ 7.5, 0.375, 9.5, 3 ], "texture": "#texture" },
        "south": { "uv": [ 7.5, 1.625, 9.5, 2.125 ], "texture": "#texture" },
        "west":  { "uv": [ 6.25, 1.375, 8.875, 1.875 ], "texture": "#texture" },
        "east":  { "uv": [ 8.875, 1.375, 6.25, 1.875 ], "texture": "#texture" }
    }
},
{
    "__comment": "Incendiary_Maya",
    "from": [ 7.5, 14.375, 6.25 ],
    "to": [ 9.5, 14.5, 8.375 ],
    "faces": {
        "up":    { "uv": [ 7.25, 0.75, 9.25, 2.875 ], "texture": "#texture" },
        "south": { "uv": [ 7.5, 1.5, 9.5, 1.625 ], "texture": "#texture" },
        "west":  { "uv": [ 6.25, 1.5, 8.375, 1.625 ], "texture": "#texture" },
        "east":  { "uv": [ 8.375, 1.5, 6.25, 1.625 ], "texture": "#texture" }
    }
},
{
    "__comment": "Incendiary_Maya",
    "from": [ 7.5, 12.375, 6.875 ],
    "to": [ 9.5, 13.375, 7.25 ],
    "faces": {
        "up":    { "uv": [ 4.125, 2.75, 6.125, 3.125 ], "texture": "#texture" },
        "south": { "uv": [ 4.125, 2.5, 6.125, 3.5 ], "texture": "#texture" },
        "west":  { "uv": [ 6.875, 2.625, 7.25, 3.625 ], "texture": "#texture" },
        "east":  { "uv": [ 7.25, 2.625, 6.875, 3.625 ], "texture": "#texture" }
    }
},
{
    "__comment": "Incendiary_Maya",
    "from": [ 7.5, 14.5, 6.875 ],
    "to": [ 9.5, 14.875, 8.375 ],
    "faces": {
        "up":    { "uv": [ 7.125, 0.875, 9.125, 2.375 ], "texture": "#texture" },
        "south": { "uv": [ 7.5, 1.125, 9.5, 1.5 ], "texture": "#texture" },
        "west":  { "uv": [ 6.875, 1.125, 8.375, 1.5 ], "texture": "#texture" },
        "east":  { "uv": [ 8.375, 1.125, 6.875, 1.5 ], "texture": "#texture" }
    }
},
{
    "__comment": "Incendiary_Maya",
    "from": [ 7.5, 14.875, 6.875 ],
    "to": [ 9.5, 15.375, 7.75 ],
    "faces": {
        "up":    { "uv": [ 7.625, 2.375, 9.625, 3.25 ], "texture": "#texture" },
        "south": { "uv": [ 7.5, 0.625, 9.5, 1.125 ], "texture": "#texture" },
        "west":  { "uv": [ 6.875, 0.625, 7.75, 1.125 ], "texture": "#texture" },
        "east":  { "uv": [ 7.75, 0.625, 6.875, 1.125 ], "texture": "#texture" }
    }
},
{
    "__comment": "Incendiary_Maya",
    "from": [ 7.5, 15.375, 6.875 ],
    "to": [ 9.5, 15.625, 7.25 ],
    "faces": {
        "south": { "uv": [ 7.5, 0.375, 9.5, 0.625 ], "texture": "#texture" },
        "west":  { "uv": [ 6.875, 0.375, 7.25, 0.625 ], "texture": "#texture" },
        "east":  { "uv": [ 7.25, 0.375, 6.875, 0.625 ], "texture": "#texture" }
    }
},
{
    "__comment": "Incendiary_Maya",
    "from": [ 7.5, 13.75, 7.25 ],
    "to": [ 9.5, 13.875, 9.375 ],
    "faces": {
        "down":  { "uv": [ 4.25, 3.25, 2.25, 1.125 ], "texture": "#texture" },
        "up":    { "uv": [ 6.5, 0.375, 8.5, 2.5 ], "texture": "#texture" },
        "north": { "uv": [ 9.5, 2.125, 7.5, 2.25 ], "texture": "#texture" },
        "south": { "uv": [ 7.5, 2.125, 9.5, 2.25 ], "texture": "#texture" },
        "west":  { "uv": [ 7.25, 2.125, 9.375, 2.25 ], "texture": "#texture" },
        "east":  { "uv": [ 9.375, 2.125, 7.25, 2.25 ], "texture": "#texture" }
    }
},
{
    "__comment": "Incendiary_Maya",
    "from": [ 7.5, 0, 7.75 ],
    "to": [ 9.5, 12.375, 8.375 ],
    "faces": {
        "down":  { "uv": [ 14, 11.625, 12, 11 ], "texture": "#texture" },
        "up":    { "uv": [ 13.25, 7.375, 15.25, 8 ], "texture": "#texture" },
        "south": { "uv": [ 10, 3.875, 12, 16 ], "texture": "#texture" },
        "west":  { "uv": [ 7.75, 3.625, 8.375, 16 ], "texture": "#texture" },
        "east":  { "uv": [ 10.875, 3.625, 10.25, 16 ], "texture": "#texture" }
    }
},
{
    "__comment": "Incendiary_Maya",
    "from": [ 7.5, 13.25, 7.75 ],
    "to": [ 9.5, 13.375, 9.875 ],
    "faces": {
        "down":  { "uv": [ 9.5, 2.5, 7.5, 0.375 ], "texture": "#texture" },
        "up":    { "uv": [ 7.5, 0.25, 9.5, 2.375 ], "texture": "#texture" },
        "north": { "uv": [ 9.5, 2.625, 7.5, 2.75 ], "texture": "#texture" },
        "south": { "uv": [ 7.5, 2.625, 9.5, 2.75 ], "texture": "#texture" },
        "west":  { "uv": [ 7.625, 2.625, 9.75, 2.75 ], "texture": "#texture" },
        "east":  { "uv": [ 9.625, 2.625, 7.5, 2.75 ], "texture": "#texture" }
    }
},
{
    "__comment": "Incendiary_Maya",
    "from": [ 7.5, 13.375, 7.75 ],
    "to": [ 9.5, 13.75, 9.375 ],
    "faces": {
        "north": { "uv": [ 9.5, 2.25, 7.5, 2.625 ], "texture": "#texture" },
        "south": { "uv": [ 7.5, 2.25, 9.5, 2.625 ], "texture": "#texture" },
        "west":  { "uv": [ 7.75, 2.25, 9.375, 2.625 ], "texture": "#texture" },
        "east":  { "uv": [ 9.375, 2.25, 7.75, 2.625 ], "texture": "#texture" }
    }
},
{
    "__comment": "Incendiary_Maya",
    "from": [ 7.5, 12.75, 8.375 ],
    "to": [ 9.5, 13.25, 9.875 ],
    "faces": {
        "down":  { "uv": [ 9.5, 2.75, 7.5, 1.25 ], "texture": "#texture" },
        "north": { "uv": [ 9.5, 2.75, 7.5, 3.25 ], "texture": "#texture" },
        "south": { "uv": [ 7.5, 2.75, 9.5, 3.25 ], "texture": "#texture" },
        "west":  { "uv": [ 8.25, 2.75, 9.75, 3.25 ], "texture": "#texture" },
        "east":  { "uv": [ 9.75, 2.75, 8.25, 3.25 ], "texture": "#texture" }
    }
},
{
    "__comment": "Incendiary_Maya",
    "from": [ 7.5, 2.5, 8.875 ],
    "to": [ 9.5, 12.75, 9.875 ],
    "faces": {
        "down":  { "uv": [ 8.75, 1.625, 6.75, 0.625 ], "texture": "#texture" },
        "north": { "uv": [ 9.75, 3.25, 8.875, 14.125 ], "texture": "#texture" },
        "south": { "uv": [ 8.75, 3.75, 9.75, 13.875 ], "texture": "#texture" },
        "west":  { "uv": [ 8.875, 3.25, 9.75, 13.5 ], "texture": "#texture" },
        "east":  { "uv": [ 9.75, 3.25, 8.875, 13.625 ], "texture": "#texture" }
    }
}
],
"display": {
    "thirdperson_righthand": {
        "rotation": [ 0, 240, 0 ],
        "translation": [ -1, -1, -0.3 ],
        "scale": [ 0.4, 0.4, 0.4 ]
    },
    "firstperson_righthand": {
        "rotation": [ -60, 65, 60 ],
        "translation": [ 0.3, 4, 1 ],
        "scale": [ 0.32, 0.32, 0.32 ]
    },
    "gui": {
        "rotation": [ 20, 90, 0 ],
        "translation": [ 2, 0, 0 ],
        "scale": [ 1, 1, 1 ]
    },
    "ground": {
        "rotation": [ 0, 0, 0 ],
        "translation": [ 0, 0, 0 ],
        "scale": [ 0.3, 0.3, 0.3 ]
    }
}
}