{
"__comment": "Designed by Mechanan with BDcraft Cubik PRO 0.95 Beta - http://bdcraft.net",
"textures": {
    "texture": "items/m9bayonet_fade"
},
"elements": [ 
{
    "__comment": "M9_Bayonet",
    "from": [ 7.25, 6.125, 6.5 ],
    "to": [ 7.5, 6.375, 6.875 ],
    "faces": {
        "down":  { "uv": [ 13.25, 12.375, 13, 12 ], "texture": "#texture" },
        "up":    { "uv": [ 12.875, 11.875, 13.125, 12.25 ], "texture": "#texture" },
        "north": { "uv": [ 8.5, 9.625, 8.75, 9.875 ], "texture": "#texture" },
        "south": { "uv": [ 7.25, 9.625, 7.5, 9.875 ], "texture": "#texture" },
        "west":  { "uv": [ 6.5, 9.625, 6.875, 9.875 ], "texture": "#texture" },
        "east":  { "uv": [ 9.125, 9.625, 9.5, 9.875 ], "texture": "#texture" }
    }
},
{
    "__comment": "M9_Bayonet",
    "from": [ 7.25, 6.125, 7.5 ],
    "to": [ 8.75, 6.375, 8.875 ],
    "faces": {
        "down":  { "uv": [ 13.75, 13.125, 12.25, 11.75 ], "texture": "#texture" },
        "up":    { "uv": [ 12.25, 11, 13.75, 12.375 ], "texture": "#texture" },
        "north": { "uv": [ 7.25, 9.625, 8.75, 9.875 ], "texture": "#texture" },
        "south": { "uv": [ 7.25, 9.625, 8.75, 9.875 ], "texture": "#texture" },
        "west":  { "uv": [ 7.5, 9.625, 8.875, 9.875 ], "texture": "#texture" },
        "east":  { "uv": [ 7.125, 9.625, 8.5, 9.875 ], "texture": "#texture" }
    }
},
{
    "__comment": "M9_Bayonet",
    "from": [ 7.25, 0.125, 8.125 ],
    "to": [ 8.75, 1.25, 8.25 ],
    "faces": {
        "down":  { "uv": [ 3, 12.125, 1.5, 12 ], "texture": "#texture" },
        "up":    { "uv": [ 1.625, 12.75, 3.125, 12.875 ], "texture": "#texture" },
        "north": { "uv": [ 7.25, 14.75, 8.75, 15.875 ], "texture": "#texture" },
        "south": { "uv": [ 7.25, 14.75, 8.75, 15.875 ], "texture": "#texture" },
        "west":  { "uv": [ 8.125, 14.75, 8.25, 15.875 ], "texture": "#texture" },
        "east":  { "uv": [ 7.75, 14.75, 7.875, 15.875 ], "texture": "#texture" }
    }
},
{
    "__comment": "M9_Bayonet",
    "from": [ 7.375, 6.125, 6.25 ],
    "to": [ 7.625, 6.375, 6.5 ],
    "faces": {
        "down":  { "uv": [ 12.75, 12.125, 12.5, 11.875 ], "texture": "#texture" },
        "up":    { "uv": [ 12.625, 11.375, 12.875, 11.625 ], "texture": "#texture" },
        "north": { "uv": [ 8.375, 9.625, 8.625, 9.875 ], "texture": "#texture" },
        "south": { "uv": [ 7.375, 9.625, 7.625, 9.875 ], "texture": "#texture" },
        "west":  { "uv": [ 6.25, 9.625, 6.5, 9.875 ], "texture": "#texture" },
        "east":  { "uv": [ 9.5, 9.625, 9.75, 9.875 ], "texture": "#texture" }
    }
},
{
    "__comment": "M9_Bayonet",
    "from": [ 7.375, 6.125, 6.875 ],
    "to": [ 7.625, 6.375, 7.125 ],
    "faces": {
        "down":  { "uv": [ 13.375, 12.75, 13.125, 12.5 ], "texture": "#texture" },
        "up":    { "uv": [ 12.75, 11.875, 13, 12.125 ], "texture": "#texture" },
        "north": { "uv": [ 8.375, 9.625, 8.625, 9.875 ], "texture": "#texture" },
        "south": { "uv": [ 7.375, 9.625, 7.625, 9.875 ], "texture": "#texture" },
        "west":  { "uv": [ 6.875, 9.625, 7.125, 9.875 ], "texture": "#texture" },
        "east":  { "uv": [ 8.875, 9.625, 9.125, 9.875 ], "texture": "#texture" }
    }
},
{
    "__comment": "M9_Bayonet",
    "from": [ 7.375, 6.125, 7.375 ],
    "to": [ 8.625, 6.375, 7.5 ],
    "faces": {
        "down":  { "uv": [ 13.625, 11.875, 12.375, 11.75 ], "texture": "#texture" },
        "up":    { "uv": [ 12.375, 11.75, 13.625, 11.875 ], "texture": "#texture" },
        "north": { "uv": [ 7.375, 9.625, 8.625, 9.875 ], "texture": "#texture" },
        "west":  { "uv": [ 7.375, 9.625, 7.5, 9.875 ], "texture": "#texture" },
        "east":  { "uv": [ 8.5, 9.625, 8.625, 9.875 ], "texture": "#texture" }
    }
},
{
    "__comment": "M9_Bayonet",
    "from": [ 7.375, 0.125, 7.875 ],
    "to": [ 8.625, 1.375, 8.125 ],
    "faces": {
        "down":  { "uv": [ 2.75, 12.625, 1.5, 12.375 ], "texture": "#texture" },
        "up":    { "uv": [ 1.625, 12, 2.875, 12.25 ], "texture": "#texture" },
        "north": { "uv": [ 7.375, 14.625, 8.625, 15.875 ], "texture": "#texture" },
        "south": { "uv": [ 7.375, 14.625, 8.625, 15.875 ], "texture": "#texture" },
        "west":  { "uv": [ 7.875, 14.625, 8.125, 15.875 ], "texture": "#texture" },
        "east":  { "uv": [ 7.875, 14.625, 8.125, 15.875 ], "texture": "#texture" }
    }
},
{
    "__comment": "M9_Bayonet",
    "from": [ 7.375, 0, 8 ],
    "to": [ 8.625, 0.125, 8.375 ],
    "faces": {
        "down":  { "uv": [ 2.875, 12.875, 1.625, 12.5 ], "texture": "#texture", "cullface": "down" },
        "up":    { "uv": [ 7.375, 8, 8.625, 8.375 ], "texture": "#texture" },
        "north": { "uv": [ 7.375, 15.875, 8.625, 16 ], "texture": "#texture" },
        "south": { "uv": [ 7.375, 15.875, 8.625, 16 ], "texture": "#texture" },
        "west":  { "uv": [ 8, 15.875, 8.375, 16 ], "texture": "#texture" },
        "east":  { "uv": [ 7.625, 15.875, 8, 16 ], "texture": "#texture" }
    }
},
{
    "__comment": "M9_Bayonet",
    "from": [ 7.375, 1.375, 8 ],
    "to": [ 8.625, 1.75, 8.375 ],
    "faces": {
        "down":  { "uv": [ 3.5, 12.125, 2.25, 11.75 ], "texture": "#texture" },
        "up":    { "uv": [ 1.75, 12, 3, 12.375 ], "texture": "#texture" },
        "north": { "uv": [ 7.375, 14.25, 8.625, 14.625 ], "texture": "#texture" },
        "south": { "uv": [ 7.375, 14.25, 8.625, 14.625 ], "texture": "#texture" },
        "west":  { "uv": [ 8, 14.25, 8.375, 14.625 ], "texture": "#texture" },
        "east":  { "uv": [ 7.625, 14.25, 8, 14.625 ], "texture": "#texture" }
    }
},
{
    "__comment": "M9_Bayonet",
    "from": [ 7.375, 2, 8 ],
    "to": [ 8.625, 2.625, 8.375 ],
    "faces": {
        "down":  { "uv": [ 3.125, 12.625, 1.875, 12.25 ], "texture": "#texture" },
        "up":    { "uv": [ 1.625, 12, 2.875, 12.375 ], "texture": "#texture" },
        "north": { "uv": [ 7.375, 13.375, 8.625, 14 ], "texture": "#texture" },
        "south": { "uv": [ 7.375, 13.375, 8.625, 14 ], "texture": "#texture" },
        "west":  { "uv": [ 8, 13.375, 8.375, 14 ], "texture": "#texture" },
        "east":  { "uv": [ 7.625, 13.375, 8, 14 ], "texture": "#texture" }
    }
},
{
    "__comment": "M9_Bayonet",
    "from": [ 7.375, 2.75, 8 ],
    "to": [ 8.625, 3.5, 8.375 ],
    "faces": {
        "down":  { "uv": [ 3.25, 12.5, 2, 12.125 ], "texture": "#texture" },
        "up":    { "uv": [ 1.875, 12.625, 3.125, 13 ], "texture": "#texture" },
        "north": { "uv": [ 7.375, 12.5, 8.625, 13.25 ], "texture": "#texture" },
        "south": { "uv": [ 7.375, 12.5, 8.625, 13.25 ], "texture": "#texture" },
        "west":  { "uv": [ 8, 12.5, 8.375, 13.25 ], "texture": "#texture" },
        "east":  { "uv": [ 7.625, 12.5, 8, 13.25 ], "texture": "#texture" }
    }
},
{
    "__comment": "M9_Bayonet",
    "from": [ 7.375, 3.625, 8 ],
    "to": [ 8.625, 4.25, 8.375 ],
    "faces": {
        "down":  { "uv": [ 2.875, 12.625, 1.625, 12.25 ], "texture": "#texture" },
        "up":    { "uv": [ 1.875, 12, 3.125, 12.375 ], "texture": "#texture" },
        "north": { "uv": [ 7.375, 11.75, 8.625, 12.375 ], "texture": "#texture" },
        "south": { "uv": [ 7.375, 11.75, 8.625, 12.375 ], "texture": "#texture" },
        "west":  { "uv": [ 8, 11.75, 8.375, 12.375 ], "texture": "#texture" },
        "east":  { "uv": [ 7.625, 11.75, 8, 12.375 ], "texture": "#texture" }
    }
},
{
    "__comment": "M9_Bayonet",
    "from": [ 7.375, 4.375, 8 ],
    "to": [ 8.625, 5.125, 8.375 ],
    "faces": {
        "down":  { "uv": [ 3.125, 12.625, 1.875, 12.25 ], "texture": "#texture" },
        "up":    { "uv": [ 2, 11.625, 3.25, 12 ], "texture": "#texture" },
        "north": { "uv": [ 7.375, 10.875, 8.625, 11.625 ], "texture": "#texture" },
        "south": { "uv": [ 7.375, 10.875, 8.625, 11.625 ], "texture": "#texture" },
        "west":  { "uv": [ 8, 10.875, 8.375, 11.625 ], "texture": "#texture" },
        "east":  { "uv": [ 7.625, 10.875, 8, 11.625 ], "texture": "#texture" }
    }
},
{
    "__comment": "M9_Bayonet",
    "from": [ 7.375, 5.25, 8 ],
    "to": [ 8.625, 6.125, 8.375 ],
    "faces": {
        "down":  { "uv": [ 3.25, 11.5, 2, 11.125 ], "texture": "#texture" },
        "north": { "uv": [ 7.375, 9.875, 8.625, 10.75 ], "texture": "#texture" },
        "south": { "uv": [ 7.375, 9.875, 8.625, 10.75 ], "texture": "#texture" },
        "west":  { "uv": [ 8, 9.875, 8.375, 10.75 ], "texture": "#texture" },
        "east":  { "uv": [ 7.625, 9.875, 8, 10.75 ], "texture": "#texture" }
    }
},
{
    "__comment": "M9_Bayonet",
    "from": [ 7.375, 1.25, 8.125 ],
    "to": [ 8.625, 1.375, 8.5 ],
    "faces": {
        "down":  { "uv": [ 3.125, 12.875, 1.875, 12.5 ], "texture": "#texture" },
        "up":    { "uv": [ 1.75, 12.5, 3, 12.875 ], "texture": "#texture" },
        "south": { "uv": [ 7.375, 14.625, 8.625, 14.75 ], "texture": "#texture" },
        "west":  { "uv": [ 8.125, 14.625, 8.5, 14.75 ], "texture": "#texture" },
        "east":  { "uv": [ 7.5, 14.625, 7.875, 14.75 ], "texture": "#texture" }
    }
},
{
    "__comment": "M9_Bayonet",
    "from": [ 7.375, 0.125, 8.25 ],
    "to": [ 8.625, 1.25, 8.5 ],
    "faces": {
        "down":  { "uv": [ 2.875, 12.375, 1.625, 12.125 ], "texture": "#texture" },
        "south": { "uv": [ 7.375, 14.75, 8.625, 15.875 ], "texture": "#texture" },
        "west":  { "uv": [ 8.25, 14.75, 8.5, 15.875 ], "texture": "#texture" },
        "east":  { "uv": [ 7.5, 14.75, 7.75, 15.875 ], "texture": "#texture" }
    }
},
{
    "__comment": "M9_Bayonet",
    "from": [ 7.375, 6.125, 8.875 ],
    "to": [ 8.625, 6.375, 9.25 ],
    "faces": {
        "down":  { "uv": [ 13.625, 11.5, 12.375, 11.125 ], "texture": "#texture" },
        "up":    { "uv": [ 12.375, 11.5, 13.625, 11.875 ], "texture": "#texture" },
        "south": { "uv": [ 7.375, 9.625, 8.625, 9.875 ], "texture": "#texture" },
        "west":  { "uv": [ 8.875, 9.625, 9.25, 9.875 ], "texture": "#texture" },
        "east":  { "uv": [ 6.75, 9.625, 7.125, 9.875 ], "texture": "#texture" }
    }
},
{
    "__comment": "M9_Bayonet",
    "from": [ 7.5, 6.125, 6.125 ],
    "to": [ 8.5, 6.375, 6.25 ],
    "faces": {
        "down":  { "uv": [ 13.5, 12.125, 12.5, 12 ], "texture": "#texture" },
        "up":    { "uv": [ 12.5, 11.625, 13.5, 11.75 ], "texture": "#texture" },
        "north": { "uv": [ 7.5, 9.625, 8.5, 9.875 ], "texture": "#texture" },
        "south": { "uv": [ 7.5, 9.625, 8.5, 9.875 ], "texture": "#texture" },
        "west":  { "uv": [ 6.125, 9.625, 6.25, 9.875 ], "texture": "#texture" },
        "east":  { "uv": [ 9.75, 9.625, 9.875, 9.875 ], "texture": "#texture" }
    }
},
{
    "__comment": "M9_Bayonet",
    "from": [ 7.5, 0.125, 7.625 ],
    "to": [ 8.5, 1.25, 7.875 ],
    "faces": {
        "down":  { "uv": [ 2.875, 13.125, 1.875, 12.875 ], "texture": "#texture" },
        "up":    { "uv": [ 1.875, 12.75, 2.875, 13 ], "texture": "#texture" },
        "north": { "uv": [ 7.5, 14.75, 8.5, 15.875 ], "texture": "#texture" },
        "west":  { "uv": [ 7.625, 14.75, 7.875, 15.875 ], "texture": "#texture" },
        "east":  { "uv": [ 8.125, 14.75, 8.375, 15.875 ], "texture": "#texture" }
    }
},
{
    "__comment": "M9_Bayonet",
    "from": [ 7.5, 0, 7.75 ],
    "to": [ 8.5, 0.125, 8 ],
    "faces": {
        "down":  { "uv": [ 2.875, 12.75, 1.875, 12.5 ], "texture": "#texture", "cullface": "down" },
        "up":    { "uv": [ 7.5, 7.75, 8.5, 8 ], "texture": "#texture" },
        "north": { "uv": [ 7.5, 15.875, 8.5, 16 ], "texture": "#texture" },
        "west":  { "uv": [ 7.75, 15.875, 8, 16 ], "texture": "#texture" },
        "east":  { "uv": [ 8, 15.875, 8.25, 16 ], "texture": "#texture" }
    }
},
{
    "__comment": "M9_Bayonet",
    "from": [ 7.5, 1.25, 7.75 ],
    "to": [ 8.5, 1.75, 7.875 ],
    "faces": {
        "up":    { "uv": [ 2, 13, 3, 13.125 ], "texture": "#texture" },
        "north": { "uv": [ 7.5, 14.25, 8.5, 14.75 ], "texture": "#texture" },
        "south": { "uv": [ 7.5, 14.25, 8.5, 14.75 ], "texture": "#texture" },
        "west":  { "uv": [ 7.75, 14.25, 7.875, 14.75 ], "texture": "#texture" },
        "east":  { "uv": [ 8.125, 14.25, 8.25, 14.75 ], "texture": "#texture" }
    }
},
{
    "__comment": "M9_Bayonet",
    "from": [ 7.5, 2, 7.75 ],
    "to": [ 8.5, 2.625, 8 ],
    "faces": {
        "down":  { "uv": [ 2.75, 12.5, 1.75, 12.25 ], "texture": "#texture" },
        "up":    { "uv": [ 1.75, 12, 2.75, 12.25 ], "texture": "#texture" },
        "north": { "uv": [ 7.5, 13.375, 8.5, 14 ], "texture": "#texture" },
        "west":  { "uv": [ 7.75, 13.375, 8, 14 ], "texture": "#texture" },
        "east":  { "uv": [ 8, 13.375, 8.25, 14 ], "texture": "#texture" }
    }
},
{
    "__comment": "M9_Bayonet",
    "from": [ 7.5, 2.75, 7.75 ],
    "to": [ 8.5, 3.5, 8 ],
    "faces": {
        "down":  { "uv": [ 2.875, 13, 1.875, 12.75 ], "texture": "#texture" },
        "up":    { "uv": [ 1.875, 12.625, 2.875, 12.875 ], "texture": "#texture" },
        "north": { "uv": [ 7.5, 12.5, 8.5, 13.25 ], "texture": "#texture" },
        "west":  { "uv": [ 7.75, 12.5, 8, 13.25 ], "texture": "#texture" },
        "east":  { "uv": [ 8, 12.5, 8.25, 13.25 ], "texture": "#texture" }
    }
},
{
    "__comment": "M9_Bayonet",
    "from": [ 7.5, 3.625, 7.75 ],
    "to": [ 8.5, 4.25, 8 ],
    "faces": {
        "down":  { "uv": [ 3.25, 12.125, 2.25, 11.875 ], "texture": "#texture" },
        "up":    { "uv": [ 1.875, 11.625, 2.875, 11.875 ], "texture": "#texture" },
        "north": { "uv": [ 7.5, 11.75, 8.5, 12.375 ], "texture": "#texture" },
        "west":  { "uv": [ 7.75, 11.75, 8, 12.375 ], "texture": "#texture" },
        "east":  { "uv": [ 8, 11.75, 8.25, 12.375 ], "texture": "#texture" }
    }
},
{
    "__comment": "M9_Bayonet",
    "from": [ 7.5, 4.375, 7.75 ],
    "to": [ 8.5, 5.125, 8 ],
    "faces": {
        "down":  { "uv": [ 2.875, 12, 1.875, 11.75 ], "texture": "#texture" },
        "up":    { "uv": [ 1.75, 12, 2.75, 12.25 ], "texture": "#texture" },
        "north": { "uv": [ 7.5, 10.875, 8.5, 11.625 ], "texture": "#texture" },
        "west":  { "uv": [ 7.75, 10.875, 8, 11.625 ], "texture": "#texture" },
        "east":  { "uv": [ 8, 10.875, 8.25, 11.625 ], "texture": "#texture" }
    }
},
{
    "__comment": "M9_Bayonet",
    "from": [ 7.5, 5.25, 7.75 ],
    "to": [ 8.5, 6.125, 8 ],
    "faces": {
        "down":  { "uv": [ 2.625, 12.625, 1.625, 12.375 ], "texture": "#texture" },
        "north": { "uv": [ 7.5, 9.875, 8.5, 10.75 ], "texture": "#texture" },
        "west":  { "uv": [ 7.75, 9.875, 8, 10.75 ], "texture": "#texture" },
        "east":  { "uv": [ 8, 9.875, 8.25, 10.75 ], "texture": "#texture" }
    }
},
{
    "__comment": "M9_Bayonet",
    "from": [ 7.5, 1.375, 7.875 ],
    "to": [ 8.5, 2, 8 ],
    "faces": {
        "north": { "uv": [ 7.5, 14, 8.5, 14.625 ], "texture": "#texture" },
        "south": { "uv": [ 7.5, 14, 8.5, 14.625 ], "texture": "#texture" },
        "west":  { "uv": [ 7.875, 14, 8, 14.625 ], "texture": "#texture" },
        "east":  { "uv": [ 8, 14, 8.125, 14.625 ], "texture": "#texture" }
    }
},
{
    "__comment": "M9_Bayonet",
    "from": [ 7.5, 2.625, 7.875 ],
    "to": [ 8.5, 2.75, 8.5 ],
    "faces": {
        "down":  { "uv": [ 8.5, 8.5, 7.5, 7.875 ], "texture": "#texture" },
        "up":    { "uv": [ 7.5, 7.875, 8.5, 8.5 ], "texture": "#texture" },
        "north": { "uv": [ 7.5, 13.25, 8.5, 13.375 ], "texture": "#texture" },
        "south": { "uv": [ 7.5, 13.25, 8.5, 13.375 ], "texture": "#texture" },
        "west":  { "uv": [ 7.875, 13.25, 8.5, 13.375 ], "texture": "#texture" },
        "east":  { "uv": [ 7.5, 13.25, 8.125, 13.375 ], "texture": "#texture" }
    }
},
{
    "__comment": "M9_Bayonet",
    "from": [ 7.5, 3.5, 7.875 ],
    "to": [ 8.5, 3.625, 8.5 ],
    "faces": {
        "down":  { "uv": [ 8.5, 8.5, 7.5, 7.875 ], "texture": "#texture" },
        "up":    { "uv": [ 7.5, 7.875, 8.5, 8.5 ], "texture": "#texture" },
        "north": { "uv": [ 7.5, 12.375, 8.5, 12.5 ], "texture": "#texture" },
        "south": { "uv": [ 7.5, 12.375, 8.5, 12.5 ], "texture": "#texture" },
        "west":  { "uv": [ 7.875, 12.375, 8.5, 12.5 ], "texture": "#texture" },
        "east":  { "uv": [ 7.5, 12.375, 8.125, 12.5 ], "texture": "#texture" }
    }
},
{
    "__comment": "M9_Bayonet",
    "from": [ 7.5, 4.25, 7.875 ],
    "to": [ 8.5, 4.375, 8.5 ],
    "faces": {
        "down":  { "uv": [ 8.5, 8.5, 7.5, 7.875 ], "texture": "#texture" },
        "up":    { "uv": [ 7.5, 7.875, 8.5, 8.5 ], "texture": "#texture" },
        "north": { "uv": [ 7.5, 11.625, 8.5, 11.75 ], "texture": "#texture" },
        "south": { "uv": [ 7.5, 11.625, 8.5, 11.75 ], "texture": "#texture" },
        "west":  { "uv": [ 7.875, 11.625, 8.5, 11.75 ], "texture": "#texture" },
        "east":  { "uv": [ 7.5, 11.625, 8.125, 11.75 ], "texture": "#texture" }
    }
},
{
    "__comment": "M9_Bayonet",
    "from": [ 7.5, 5.125, 7.875 ],
    "to": [ 8.5, 5.25, 8.5 ],
    "faces": {
        "down":  { "uv": [ 8.5, 8.5, 7.5, 7.875 ], "texture": "#texture" },
        "up":    { "uv": [ 7.5, 7.875, 8.5, 8.5 ], "texture": "#texture" },
        "north": { "uv": [ 7.5, 10.75, 8.5, 10.875 ], "texture": "#texture" },
        "south": { "uv": [ 7.5, 10.75, 8.5, 10.875 ], "texture": "#texture" },
        "west":  { "uv": [ 7.875, 10.75, 8.5, 10.875 ], "texture": "#texture" },
        "east":  { "uv": [ 7.5, 10.75, 8.125, 10.875 ], "texture": "#texture" }
    }
},
{
    "__comment": "M9_Bayonet",
    "from": [ 7.5, 1.75, 8 ],
    "to": [ 8.5, 2, 8.5 ],
    "faces": {
        "down":  { "uv": [ 8.5, 8.5, 7.5, 8 ], "texture": "#texture" },
        "up":    { "uv": [ 7.5, 8, 8.5, 8.5 ], "texture": "#texture" },
        "south": { "uv": [ 7.5, 14, 8.5, 14.25 ], "texture": "#texture" },
        "west":  { "uv": [ 8, 14, 8.5, 14.25 ], "texture": "#texture" },
        "east":  { "uv": [ 7.5, 14, 8, 14.25 ], "texture": "#texture" }
    }
},
{
    "__comment": "M9_Bayonet",
    "from": [ 7.5, 0, 8.375 ],
    "to": [ 8.5, 0.125, 8.625 ],
    "faces": {
        "down":  { "uv": [ 3, 11.875, 2, 11.625 ], "texture": "#texture", "cullface": "down" },
        "up":    { "uv": [ 2.125, 12.25, 3.125, 12.5 ], "texture": "#texture" },
        "south": { "uv": [ 7.5, 15.875, 8.5, 16 ], "texture": "#texture" },
        "west":  { "uv": [ 8.375, 15.875, 8.625, 16 ], "texture": "#texture" },
        "east":  { "uv": [ 7.375, 15.875, 7.625, 16 ], "texture": "#texture" }
    }
},
{
    "__comment": "M9_Bayonet",
    "from": [ 7.5, 1.375, 8.375 ],
    "to": [ 8.5, 1.5, 8.625 ],
    "faces": {
        "down":  { "uv": [ 8.5, 8.625, 7.5, 8.375 ], "texture": "#texture" },
        "up":    { "uv": [ 2.25, 12.25, 3.25, 12.5 ], "texture": "#texture" },
        "south": { "uv": [ 7.5, 14.5, 8.5, 14.625 ], "texture": "#texture" },
        "west":  { "uv": [ 8.375, 14.5, 8.625, 14.625 ], "texture": "#texture" },
        "east":  { "uv": [ 7.375, 14.5, 7.625, 14.625 ], "texture": "#texture" }
    }
},
{
    "__comment": "M9_Bayonet",
    "from": [ 7.5, 1.5, 8.375 ],
    "to": [ 8.5, 1.75, 8.5 ],
    "faces": {
        "south": { "uv": [ 7.5, 14.25, 8.5, 14.5 ], "texture": "#texture" },
        "west":  { "uv": [ 8.375, 14.25, 8.5, 14.5 ], "texture": "#texture" },
        "east":  { "uv": [ 7.5, 14.25, 7.625, 14.5 ], "texture": "#texture" }
    }
},
{
    "__comment": "M9_Bayonet",
    "from": [ 7.5, 2, 8.375 ],
    "to": [ 8.5, 2.625, 8.625 ],
    "faces": {
        "down":  { "uv": [ 3, 12.5, 2, 12.25 ], "texture": "#texture" },
        "up":    { "uv": [ 2, 12.875, 3, 13.125 ], "texture": "#texture" },
        "south": { "uv": [ 7.5, 13.375, 8.5, 14 ], "texture": "#texture" },
        "west":  { "uv": [ 8.375, 13.375, 8.625, 14 ], "texture": "#texture" },
        "east":  { "uv": [ 7.375, 13.375, 7.625, 14 ], "texture": "#texture" }
    }
},
{
    "__comment": "M9_Bayonet",
    "from": [ 7.5, 2.75, 8.375 ],
    "to": [ 8.5, 3.5, 8.625 ],
    "faces": {
        "down":  { "uv": [ 2.75, 13.125, 1.75, 12.875 ], "texture": "#texture" },
        "up":    { "uv": [ 1.75, 12.125, 2.75, 12.375 ], "texture": "#texture" },
        "south": { "uv": [ 7.5, 12.5, 8.5, 13.25 ], "texture": "#texture" },
        "west":  { "uv": [ 8.375, 12.5, 8.625, 13.25 ], "texture": "#texture" },
        "east":  { "uv": [ 7.375, 12.5, 7.625, 13.25 ], "texture": "#texture" }
    }
},
{
    "__comment": "M9_Bayonet",
    "from": [ 7.5, 3.625, 8.375 ],
    "to": [ 8.5, 4.25, 8.625 ],
    "faces": {
        "down":  { "uv": [ 3, 12.75, 2, 12.5 ], "texture": "#texture" },
        "up":    { "uv": [ 2, 12.375, 3, 12.625 ], "texture": "#texture" },
        "south": { "uv": [ 7.5, 11.75, 8.5, 12.375 ], "texture": "#texture" },
        "west":  { "uv": [ 8.375, 11.75, 8.625, 12.375 ], "texture": "#texture" },
        "east":  { "uv": [ 7.375, 11.75, 7.625, 12.375 ], "texture": "#texture" }
    }
},
{
    "__comment": "M9_Bayonet",
    "from": [ 7.5, 4.375, 8.375 ],
    "to": [ 8.5, 5.125, 8.625 ],
    "faces": {
        "down":  { "uv": [ 3.125, 12.375, 2.125, 12.125 ], "texture": "#texture" },
        "up":    { "uv": [ 1.875, 12.5, 2.875, 12.75 ], "texture": "#texture" },
        "south": { "uv": [ 7.5, 10.875, 8.5, 11.625 ], "texture": "#texture" },
        "west":  { "uv": [ 8.375, 10.875, 8.625, 11.625 ], "texture": "#texture" },
        "east":  { "uv": [ 7.375, 10.875, 7.625, 11.625 ], "texture": "#texture" }
    }
},
{
    "__comment": "M9_Bayonet",
    "from": [ 7.5, 5.25, 8.375 ],
    "to": [ 8.5, 6.125, 8.625 ],
    "faces": {
        "down":  { "uv": [ 3.375, 11.25, 2.375, 11 ], "texture": "#texture" },
        "south": { "uv": [ 7.5, 9.875, 8.5, 10.75 ], "texture": "#texture" },
        "west":  { "uv": [ 8.375, 9.875, 8.625, 10.75 ], "texture": "#texture" },
        "east":  { "uv": [ 7.375, 9.875, 7.625, 10.75 ], "texture": "#texture" }
    }
},
{
    "__comment": "M9_Bayonet",
    "from": [ 7.5, 0.125, 8.5 ],
    "to": [ 8.5, 1.375, 8.625 ],
    "faces": {
        "north": { "uv": [ 7.5, 14.625, 8.5, 15.875 ], "texture": "#texture" },
        "south": { "uv": [ 7.5, 14.625, 8.5, 15.875 ], "texture": "#texture" },
        "west":  { "uv": [ 8.5, 14.625, 8.625, 15.875 ], "texture": "#texture" },
        "east":  { "uv": [ 7.375, 14.625, 7.5, 15.875 ], "texture": "#texture" }
    }
},
{
    "__comment": "M9_Bayonet",
    "from": [ 7.5, 6.125, 9.25 ],
    "to": [ 8.5, 6.375, 9.75 ],
    "faces": {
        "down":  { "uv": [ 13.625, 12.125, 12.625, 11.625 ], "texture": "#texture" },
        "up":    { "uv": [ 12.625, 12.25, 13.625, 12.75 ], "texture": "#texture" },
        "south": { "uv": [ 7.5, 9.625, 8.5, 9.875 ], "texture": "#texture" },
        "west":  { "uv": [ 9.25, 9.625, 9.75, 9.875 ], "texture": "#texture" },
        "east":  { "uv": [ 6.25, 9.625, 6.75, 9.875 ], "texture": "#texture" }
    }
},
{
    "__comment": "M9_Bayonet",
    "from": [ 7.625, 6.125, 6.25 ],
    "to": [ 7.75, 6.375, 6.375 ],
    "faces": {
        "down":  { "uv": [ 12.875, 11.625, 12.75, 11.5 ], "texture": "#texture" },
        "up":    { "uv": [ 13, 11.875, 13.125, 12 ], "texture": "#texture" },
        "south": { "uv": [ 7.625, 9.625, 7.75, 9.875 ], "texture": "#texture" },
        "east":  { "uv": [ 9.625, 9.625, 9.75, 9.875 ], "texture": "#texture" }
    }
},
{
    "__comment": "M9_Bayonet",
    "from": [ 7.625, 6.125, 7 ],
    "to": [ 8.375, 6.375, 7.375 ],
    "faces": {
        "down":  { "uv": [ 13.5, 11.875, 12.75, 11.5 ], "texture": "#texture" },
        "up":    { "uv": [ 12.5, 11.125, 13.25, 11.5 ], "texture": "#texture" },
        "north": { "uv": [ 12.375, 11.375, 13.125, 11.625 ], "texture": "#texture" },
        "west":  { "uv": [ 7, 9.625, 7.375, 9.875 ], "texture": "#texture" },
        "east":  { "uv": [ 8.625, 9.625, 9, 9.875 ], "texture": "#texture" }
    }
},
{
    "__comment": "M9_Bayonet",
    "from": [ 7.625, 0, 7.625 ],
    "to": [ 8.375, 0.125, 7.75 ],
    "faces": {
        "down":  { "uv": [ 2.875, 13, 2.125, 12.875 ], "texture": "#texture", "cullface": "down" },
        "north": { "uv": [ 7.625, 15.875, 8.375, 16 ], "texture": "#texture" },
        "west":  { "uv": [ 7.625, 15.875, 7.75, 16 ], "texture": "#texture" },
        "east":  { "uv": [ 8.25, 15.875, 8.375, 16 ], "texture": "#texture" }
    }
},
{
    "__comment": "M9_Bayonet",
    "from": [ 7.625, 1.25, 7.625 ],
    "to": [ 8.375, 1.75, 7.75 ],
    "faces": {
        "up":    { "uv": [ 2, 12.5, 2.75, 12.625 ], "texture": "#texture" },
        "north": { "uv": [ 7.625, 14.25, 8.375, 14.75 ], "texture": "#texture" },
        "west":  { "uv": [ 7.625, 14.25, 7.75, 14.75 ], "texture": "#texture" },
        "east":  { "uv": [ 8.25, 14.25, 8.375, 14.75 ], "texture": "#texture" }
    }
},
{
    "__comment": "M9_Bayonet",
    "from": [ 7.625, 2, 7.625 ],
    "to": [ 8.375, 2.625, 7.75 ],
    "faces": {
        "down":  { "uv": [ 2.5, 12.375, 1.75, 12.25 ], "texture": "#texture" },
        "up":    { "uv": [ 2.125, 13.375, 2.875, 13.5 ], "texture": "#texture" },
        "north": { "uv": [ 7.625, 13.375, 8.375, 14 ], "texture": "#texture" },
        "west":  { "uv": [ 7.625, 13.375, 7.75, 14 ], "texture": "#texture" },
        "east":  { "uv": [ 8.25, 13.375, 8.375, 14 ], "texture": "#texture" }
    }
},
{
    "__comment": "M9_Bayonet",
    "from": [ 7.625, 2.75, 7.625 ],
    "to": [ 8.375, 3.5, 7.75 ],
    "faces": {
        "down":  { "uv": [ 2.5, 13.375, 1.75, 13.25 ], "texture": "#texture" },
        "up":    { "uv": [ 1.875, 13, 2.625, 13.125 ], "texture": "#texture" },
        "north": { "uv": [ 7.625, 12.5, 8.375, 13.25 ], "texture": "#texture" },
        "west":  { "uv": [ 7.625, 12.5, 7.75, 13.25 ], "texture": "#texture" },
        "east":  { "uv": [ 8.25, 12.5, 8.375, 13.25 ], "texture": "#texture" }
    }
},
{
    "__comment": "M9_Bayonet",
    "from": [ 7.625, 3.625, 7.625 ],
    "to": [ 8.375, 4.25, 7.75 ],
    "faces": {
        "down":  { "uv": [ 2.5, 12, 1.75, 11.875 ], "texture": "#texture" },
        "up":    { "uv": [ 2.125, 12.125, 2.875, 12.25 ], "texture": "#texture" },
        "north": { "uv": [ 7.625, 11.75, 8.375, 12.375 ], "texture": "#texture" },
        "west":  { "uv": [ 7.625, 11.75, 7.75, 12.375 ], "texture": "#texture" },
        "east":  { "uv": [ 8.25, 11.75, 8.375, 12.375 ], "texture": "#texture" }
    }
},
{
    "__comment": "M9_Bayonet",
    "from": [ 7.625, 4.375, 7.625 ],
    "to": [ 8.375, 5.125, 7.75 ],
    "faces": {
        "down":  { "uv": [ 2.375, 12.875, 1.625, 12.75 ], "texture": "#texture" },
        "up":    { "uv": [ 2.25, 12.625, 3, 12.75 ], "texture": "#texture" },
        "north": { "uv": [ 7.625, 10.875, 8.375, 11.625 ], "texture": "#texture" },
        "west":  { "uv": [ 7.625, 10.875, 7.75, 11.625 ], "texture": "#texture" },
        "east":  { "uv": [ 8.25, 10.875, 8.375, 11.625 ], "texture": "#texture" }
    }
},
{
    "__comment": "M9_Bayonet",
    "from": [ 7.625, 5.25, 7.625 ],
    "to": [ 8.375, 6.125, 7.75 ],
    "faces": {
        "down":  { "uv": [ 2.5, 12.25, 1.75, 12.125 ], "texture": "#texture" },
        "north": { "uv": [ 7.625, 9.875, 8.375, 10.75 ], "texture": "#texture" },
        "west":  { "uv": [ 7.625, 9.875, 7.75, 10.75 ], "texture": "#texture" },
        "east":  { "uv": [ 8.25, 9.875, 8.375, 10.75 ], "texture": "#texture" }
    }
},
{
    "__comment": "M9_Bayonet",
    "from": [ 7.625, 1.75, 7.75 ],
    "to": [ 8.375, 2, 7.875 ],
    "faces": {
        "north": { "uv": [ 7.625, 14, 8.375, 14.25 ], "texture": "#texture" },
        "west":  { "uv": [ 7.75, 14, 7.875, 14.25 ], "texture": "#texture" },
        "east":  { "uv": [ 8.125, 14, 8.25, 14.25 ], "texture": "#texture" }
    }
},
{
    "__comment": "M9_Bayonet",
    "from": [ 7.625, 2.625, 7.75 ],
    "to": [ 8.375, 2.75, 7.875 ],
    "faces": {
        "north": { "uv": [ 7.625, 13.25, 8.375, 13.375 ], "texture": "#texture" },
        "west":  { "uv": [ 7.75, 13.25, 7.875, 13.375 ], "texture": "#texture" },
        "east":  { "uv": [ 8.125, 13.25, 8.25, 13.375 ], "texture": "#texture" }
    }
},
{
    "__comment": "M9_Bayonet",
    "from": [ 7.625, 3.5, 7.75 ],
    "to": [ 8.375, 3.625, 7.875 ],
    "faces": {
        "north": { "uv": [ 7.625, 12.375, 8.375, 12.5 ], "texture": "#texture" },
        "west":  { "uv": [ 7.75, 12.375, 7.875, 12.5 ], "texture": "#texture" },
        "east":  { "uv": [ 8.125, 12.375, 8.25, 12.5 ], "texture": "#texture" }
    }
},
{
    "__comment": "M9_Bayonet",
    "from": [ 7.625, 4.25, 7.75 ],
    "to": [ 8.375, 4.375, 7.875 ],
    "faces": {
        "north": { "uv": [ 7.625, 11.625, 8.375, 11.75 ], "texture": "#texture" },
        "west":  { "uv": [ 7.75, 11.625, 7.875, 11.75 ], "texture": "#texture" },
        "east":  { "uv": [ 8.125, 11.625, 8.25, 11.75 ], "texture": "#texture" }
    }
},
{
    "__comment": "M9_Bayonet",
    "from": [ 7.625, 5.125, 7.75 ],
    "to": [ 8.375, 5.25, 7.875 ],
    "faces": {
        "north": { "uv": [ 7.625, 10.75, 8.375, 10.875 ], "texture": "#texture" },
        "west":  { "uv": [ 7.75, 10.75, 7.875, 10.875 ], "texture": "#texture" },
        "east":  { "uv": [ 8.125, 10.75, 8.25, 10.875 ], "texture": "#texture" }
    }
},
{
    "__comment": "M9_Bayonet",
    "from": [ 7.625, 1.5, 8.5 ],
    "to": [ 8.375, 1.75, 8.75 ],
    "faces": {
        "down":  { "uv": [ 3, 11.75, 2.25, 11.5 ], "texture": "#texture" },
        "up":    { "uv": [ 2.125, 12.25, 2.875, 12.5 ], "texture": "#texture" },
        "south": { "uv": [ 7.625, 14.25, 8.375, 14.5 ], "texture": "#texture" },
        "west":  { "uv": [ 8.5, 14.25, 8.75, 14.5 ], "texture": "#texture" },
        "east":  { "uv": [ 7.25, 14.25, 7.5, 14.5 ], "texture": "#texture" }
    }
},
{
    "__comment": "M9_Bayonet",
    "from": [ 7.625, 1.75, 8.5 ],
    "to": [ 8.375, 2, 8.625 ],
    "faces": {
        "south": { "uv": [ 7.625, 14, 8.375, 14.25 ], "texture": "#texture" },
        "west":  { "uv": [ 8.5, 14, 8.625, 14.25 ], "texture": "#texture" },
        "east":  { "uv": [ 7.375, 14, 7.5, 14.25 ], "texture": "#texture" }
    }
},
{
    "__comment": "M9_Bayonet",
    "from": [ 7.625, 2.625, 8.5 ],
    "to": [ 8.375, 2.75, 8.625 ],
    "faces": {
        "south": { "uv": [ 7.625, 13.25, 8.375, 13.375 ], "texture": "#texture" },
        "west":  { "uv": [ 8.5, 13.25, 8.625, 13.375 ], "texture": "#texture" },
        "east":  { "uv": [ 7.375, 13.25, 7.5, 13.375 ], "texture": "#texture" }
    }
},
{
    "__comment": "M9_Bayonet",
    "from": [ 7.625, 3.5, 8.5 ],
    "to": [ 8.375, 3.625, 8.625 ],
    "faces": {
        "south": { "uv": [ 7.625, 12.375, 8.375, 12.5 ], "texture": "#texture" },
        "west":  { "uv": [ 8.5, 12.375, 8.625, 12.5 ], "texture": "#texture" },
        "east":  { "uv": [ 7.375, 12.375, 7.5, 12.5 ], "texture": "#texture" }
    }
},
{
    "__comment": "M9_Bayonet",
    "from": [ 7.625, 4.25, 8.5 ],
    "to": [ 8.375, 4.375, 8.625 ],
    "faces": {
        "south": { "uv": [ 7.625, 11.625, 8.375, 11.75 ], "texture": "#texture" },
        "west":  { "uv": [ 8.5, 11.625, 8.625, 11.75 ], "texture": "#texture" },
        "east":  { "uv": [ 7.375, 11.625, 7.5, 11.75 ], "texture": "#texture" }
    }
},
{
    "__comment": "M9_Bayonet",
    "from": [ 7.625, 5.125, 8.5 ],
    "to": [ 8.375, 5.25, 8.625 ],
    "faces": {
        "south": { "uv": [ 7.625, 10.75, 8.375, 10.875 ], "texture": "#texture" },
        "west":  { "uv": [ 8.5, 10.75, 8.625, 10.875 ], "texture": "#texture" },
        "east":  { "uv": [ 7.375, 10.75, 7.5, 10.875 ], "texture": "#texture" }
    }
},
{
    "__comment": "M9_Bayonet",
    "from": [ 7.625, 0, 8.625 ],
    "to": [ 8.375, 1.5, 8.75 ],
    "faces": {
        "down":  { "uv": [ 2.5, 12.625, 1.75, 12.5 ], "texture": "#texture", "cullface": "down" },
        "north": { "uv": [ 7.625, 14.5, 8.375, 16 ], "texture": "#texture" },
        "south": { "uv": [ 7.625, 14.5, 8.375, 16 ], "texture": "#texture" },
        "west":  { "uv": [ 8.625, 14.5, 8.75, 16 ], "texture": "#texture" },
        "east":  { "uv": [ 7.25, 14.5, 7.375, 16 ], "texture": "#texture" }
    }
},
{
    "__comment": "M9_Bayonet",
    "from": [ 7.625, 2, 8.625 ],
    "to": [ 8.375, 2.625, 8.75 ],
    "faces": {
        "down":  { "uv": [ 2.875, 12.625, 2.125, 12.5 ], "texture": "#texture" },
        "up":    { "uv": [ 2.25, 12, 3, 12.125 ], "texture": "#texture" },
        "south": { "uv": [ 7.625, 13.375, 8.375, 14 ], "texture": "#texture" },
        "west":  { "uv": [ 8.625, 13.375, 8.75, 14 ], "texture": "#texture" },
        "east":  { "uv": [ 7.25, 13.375, 7.375, 14 ], "texture": "#texture" }
    }
},
{
    "__comment": "M9_Bayonet",
    "from": [ 7.625, 2.75, 8.625 ],
    "to": [ 8.375, 3.5, 8.75 ],
    "faces": {
        "down":  { "uv": [ 2.5, 12.625, 1.75, 12.5 ], "texture": "#texture" },
        "up":    { "uv": [ 2.25, 12.5, 3, 12.625 ], "texture": "#texture" },
        "south": { "uv": [ 7.625, 12.5, 8.375, 13.25 ], "texture": "#texture" },
        "west":  { "uv": [ 8.625, 12.5, 8.75, 13.25 ], "texture": "#texture" },
        "east":  { "uv": [ 7.25, 12.5, 7.375, 13.25 ], "texture": "#texture" }
    }
},
{
    "__comment": "M9_Bayonet",
    "from": [ 7.625, 3.625, 8.625 ],
    "to": [ 8.375, 4.25, 8.75 ],
    "faces": {
        "down":  { "uv": [ 3, 12.5, 2.25, 12.375 ], "texture": "#texture" },
        "up":    { "uv": [ 1.875, 12.375, 2.625, 12.5 ], "texture": "#texture" },
        "south": { "uv": [ 7.625, 11.75, 8.375, 12.375 ], "texture": "#texture" },
        "west":  { "uv": [ 8.625, 11.75, 8.75, 12.375 ], "texture": "#texture" },
        "east":  { "uv": [ 7.25, 11.75, 7.375, 12.375 ], "texture": "#texture" }
    }
},
{
    "__comment": "M9_Bayonet",
    "from": [ 7.625, 4.375, 8.625 ],
    "to": [ 8.375, 5.125, 8.75 ],
    "faces": {
        "down":  { "uv": [ 3, 11.625, 2.25, 11.5 ], "texture": "#texture" },
        "up":    { "uv": [ 2, 12.125, 2.75, 12.25 ], "texture": "#texture" },
        "south": { "uv": [ 7.625, 10.875, 8.375, 11.625 ], "texture": "#texture" },
        "west":  { "uv": [ 8.625, 10.875, 8.75, 11.625 ], "texture": "#texture" },
        "east":  { "uv": [ 7.25, 10.875, 7.375, 11.625 ], "texture": "#texture" }
    }
},
{
    "__comment": "M9_Bayonet",
    "from": [ 7.625, 5.25, 8.625 ],
    "to": [ 8.375, 6.125, 8.75 ],
    "faces": {
        "down":  { "uv": [ 3.25, 11.875, 2.5, 11.75 ], "texture": "#texture" },
        "south": { "uv": [ 7.625, 9.875, 8.375, 10.75 ], "texture": "#texture" },
        "west":  { "uv": [ 8.625, 9.875, 8.75, 10.75 ], "texture": "#texture" },
        "east":  { "uv": [ 7.25, 9.875, 7.375, 10.75 ], "texture": "#texture" }
    }
},
{
    "__comment": "M9_Bayonet",
    "from": [ 7.625, 6.125, 9.75 ],
    "to": [ 8.375, 6.375, 9.875 ],
    "faces": {
        "down":  { "uv": [ 8.375, 9.875, 7.625, 9.75 ], "texture": "#texture" },
        "up":    { "uv": [ 7.625, 9.75, 8.375, 9.875 ], "texture": "#texture" },
        "south": { "uv": [ 7.625, 9.625, 8.375, 9.875 ], "texture": "#texture" },
        "west":  { "uv": [ 9.75, 9.625, 9.875, 9.875 ], "texture": "#texture" },
        "east":  { "uv": [ 6.125, 9.625, 6.25, 9.875 ], "texture": "#texture" }
    }
},
{
    "__comment": "M9_Bayonet",
    "from": [ 7.75, 6.375, 7.375 ],
    "to": [ 8.25, 7.25, 8.875 ],
    "faces": {
        "down":  { "uv": [ 8.25, 8.875, 7.75, 7.375 ], "texture": "#texture" },
        "up":    { "uv": [ 12.25, 7.875, 12.75, 9.375 ], "texture": "#texture" },
        "north": { "uv": [ 12.375, 8.625, 12.875, 9.5 ], "texture": "#texture" },
        "south": { "uv": [ 12.375, 8.125, 12.875, 9 ], "texture": "#texture" },
        "west":  { "uv": [ 7.375, 8.75, 8.875, 9.625 ], "texture": "#texture" },
        "east":  { "uv": [ 7.5, 8.75, 9, 9.625 ], "texture": "#texture" }
    }
},
{
    "__comment": "M9_Bayonet",
    "from": [ 7.75, 7.5, 7.375 ],
    "to": [ 8.25, 7.75, 7.5 ],
    "faces": {
        "down":  { "uv": [ 8.25, 7.5, 7.75, 7.375 ], "texture": "#texture" },
        "up":    { "uv": [ 7.75, 7.375, 8.25, 7.5 ], "texture": "#texture" },
        "north": { "uv": [ 7.75, 8.25, 8.25, 8.5 ], "texture": "#texture" },
        "south": { "uv": [ 7.75, 8.25, 8.25, 8.5 ], "texture": "#texture" },
        "west":  { "uv": [ 7.375, 8.25, 7.5, 8.5 ], "texture": "#texture" },
        "east":  { "uv": [ 8.5, 8.25, 8.625, 8.5 ], "texture": "#texture" }
    }
},
{
    "__comment": "M9_Bayonet",
    "from": [ 7.75, 8, 7.375 ],
    "to": [ 8.25, 8.25, 7.5 ],
    "faces": {
        "down":  { "uv": [ 13, 7.25, 12.5, 7.125 ], "texture": "#texture" },
        "up":    { "uv": [ 12.875, 7.375, 13.375, 7.5 ], "texture": "#texture" },
        "north": { "uv": [ 12.75, 7.75, 13.25, 8 ], "texture": "#texture" },
        "south": { "uv": [ 7.75, 7.75, 8.25, 8 ], "texture": "#texture" },
        "west":  { "uv": [ 7.375, 7.75, 7.5, 8 ], "texture": "#texture" },
        "east":  { "uv": [ 8.5, 7.75, 8.625, 8 ], "texture": "#texture" }
    }
},
{
    "__comment": "M9_Bayonet",
    "from": [ 7.75, 8.5, 7.375 ],
    "to": [ 8.25, 8.75, 7.5 ],
    "faces": {
        "down":  { "uv": [ 13.375, 7.625, 12.875, 7.5 ], "texture": "#texture" },
        "up":    { "uv": [ 12.5, 7.375, 13, 7.5 ], "texture": "#texture" },
        "north": { "uv": [ 12.375, 7.125, 12.875, 7.375 ], "texture": "#texture" },
        "south": { "uv": [ 12.375, 7.125, 12.875, 7.375 ], "texture": "#texture" },
        "west":  { "uv": [ 7.375, 7.25, 7.5, 7.5 ], "texture": "#texture" },
        "east":  { "uv": [ 8.5, 7.25, 8.625, 7.5 ], "texture": "#texture" }
    }
},
{
    "__comment": "M9_Bayonet",
    "from": [ 7.75, 9, 7.375 ],
    "to": [ 8.25, 9.25, 7.5 ],
    "faces": {
        "down":  { "uv": [ 12.75, 7.375, 12.25, 7.25 ], "texture": "#texture" },
        "up":    { "uv": [ 12.25, 7, 12.75, 7.125 ], "texture": "#texture" },
        "north": { "uv": [ 12.375, 6.875, 12.875, 7.125 ], "texture": "#texture" },
        "south": { "uv": [ 12.375, 6.625, 12.875, 6.875 ], "texture": "#texture" },
        "west":  { "uv": [ 7.375, 6.75, 7.5, 7 ], "texture": "#texture" },
        "east":  { "uv": [ 8.5, 6.75, 8.625, 7 ], "texture": "#texture" }
    }
},
{
    "__comment": "M9_Bayonet",
    "from": [ 7.75, 9.5, 7.375 ],
    "to": [ 8.25, 9.75, 7.5 ],
    "faces": {
        "down":  { "uv": [ 13, 7.25, 12.5, 7.125 ], "texture": "#texture" },
        "up":    { "uv": [ 12.5, 7.5, 13, 7.625 ], "texture": "#texture" },
        "north": { "uv": [ 12.375, 6.375, 12.875, 6.625 ], "texture": "#texture" },
        "south": { "uv": [ 12.375, 6.75, 12.875, 7 ], "texture": "#texture" },
        "west":  { "uv": [ 7.375, 6.25, 7.5, 6.5 ], "texture": "#texture" },
        "east":  { "uv": [ 8.5, 6.25, 8.625, 6.5 ], "texture": "#texture" }
    }
},
{
    "__comment": "M9_Bayonet",
    "from": [ 7.75, 11.5, 7.375 ],
    "to": [ 8.25, 12.125, 7.75 ],
    "faces": {
        "down":  { "uv": [ 13, 4.75, 12.5, 4.375 ], "texture": "#texture" },
        "up":    { "uv": [ 12.5, 3.625, 13, 4 ], "texture": "#texture" },
        "north": { "uv": [ 7.75, 3.875, 8.25, 4.5 ], "texture": "#texture" },
        "south": { "uv": [ 7.75, 3.875, 8.25, 4.5 ], "texture": "#texture" },
        "west":  { "uv": [ 7.375, 3.875, 7.75, 4.5 ], "texture": "#texture" },
        "east":  { "uv": [ 8.25, 3.875, 8.625, 4.5 ], "texture": "#texture" }
    }
},
{
    "__comment": "M9_Bayonet",
    "from": [ 7.75, 0.125, 7.5 ],
    "to": [ 8.25, 1.25, 7.625 ],
    "faces": {
        "down":  { "uv": [ 2.625, 13.375, 2.125, 13.25 ], "texture": "#texture" },
        "up":    { "uv": [ 2.125, 12.625, 2.625, 12.75 ], "texture": "#texture" },
        "north": { "uv": [ 7.75, 14.75, 8.25, 15.875 ], "texture": "#texture" },
        "west":  { "uv": [ 7.5, 14.75, 7.625, 15.875 ], "texture": "#texture" },
        "east":  { "uv": [ 8.375, 14.75, 8.5, 15.875 ], "texture": "#texture" }
    }
},
{
    "__comment": "M9_Bayonet",
    "from": [ 7.75, 7.25, 7.5 ],
    "to": [ 8.25, 7.375, 8.875 ],
    "faces": {
        "up":    { "uv": [ 12.625, 7.25, 13.125, 8.625 ], "texture": "#texture" },
        "north": { "uv": [ 7.75, 8.625, 8.25, 8.75 ], "texture": "#texture" },
        "south": { "uv": [ 7.75, 8.625, 8.25, 8.75 ], "texture": "#texture" },
        "west":  { "uv": [ 7.5, 8.625, 8.875, 8.75 ], "texture": "#texture" },
        "east":  { "uv": [ 7.125, 8.625, 8.5, 8.75 ], "texture": "#texture" }
    }
},
{
    "__comment": "M9_Bayonet",
    "from": [ 7.75, 9.125, 7.5 ],
    "to": [ 8.25, 9.375, 7.75 ],
    "faces": {
        "down":  { "uv": [ 13.25, 6.75, 12.75, 6.5 ], "texture": "#texture" },
        "up":    { "uv": [ 12.5, 7.5, 13, 7.75 ], "texture": "#texture" },
        "north": { "uv": [ 12.75, 6.625, 13.25, 6.875 ], "texture": "#texture" },
        "south": { "uv": [ 12.75, 6.5, 13.25, 6.75 ], "texture": "#texture" },
        "west":  { "uv": [ 7.5, 6.625, 7.75, 6.875 ], "texture": "#texture" },
        "east":  { "uv": [ 8.25, 6.625, 8.5, 6.875 ], "texture": "#texture" }
    }
},
{
    "__comment": "M9_Bayonet",
    "from": [ 7.75, 9.625, 7.5 ],
    "to": [ 8.25, 9.875, 7.75 ],
    "faces": {
        "down":  { "uv": [ 12.875, 6.125, 12.375, 5.875 ], "texture": "#texture" },
        "up":    { "uv": [ 12.375, 6.5, 12.875, 6.75 ], "texture": "#texture" },
        "north": { "uv": [ 12.625, 6, 13.125, 6.25 ], "texture": "#texture" },
        "south": { "uv": [ 12.375, 5.875, 12.875, 6.125 ], "texture": "#texture" },
        "west":  { "uv": [ 7.5, 6.125, 7.75, 6.375 ], "texture": "#texture" },
        "east":  { "uv": [ 8.25, 6.125, 8.5, 6.375 ], "texture": "#texture" }
    }
},
{
    "__comment": "M9_Bayonet",
    "from": [ 7.75, 12.125, 7.5 ],
    "to": [ 8.25, 12.375, 8.625 ],
    "faces": {
        "down":  { "uv": [ 8.25, 8.625, 7.75, 7.5 ], "texture": "#texture" },
        "up":    { "uv": [ 12.5, 2.5, 13, 3.625 ], "texture": "#texture" },
        "north": { "uv": [ 7.75, 3.625, 8.25, 3.875 ], "texture": "#texture" },
        "south": { "uv": [ 7.75, 3.625, 8.25, 3.875 ], "texture": "#texture" },
        "west":  { "uv": [ 7.5, 3.625, 8.625, 3.875 ], "texture": "#texture" },
        "east":  { "uv": [ 7.375, 3.625, 8.5, 3.875 ], "texture": "#texture" }
    }
},
{
    "__comment": "M9_Bayonet",
    "from": [ 7.75, 12.375, 7.5 ],
    "to": [ 8.25, 13, 7.75 ],
    "faces": {
        "up":    { "uv": [ 12.75, 2.375, 13.25, 2.625 ], "texture": "#texture" },
        "north": { "uv": [ 12.75, 2.625, 13.25, 3.25 ], "texture": "#texture" },
        "south": { "uv": [ 12.75, 2.5, 13.25, 3.125 ], "texture": "#texture" },
        "west":  { "uv": [ 7.5, 3, 7.75, 3.625 ], "texture": "#texture" },
        "east":  { "uv": [ 8.25, 3, 8.5, 3.625 ], "texture": "#texture" }
    }
},
{
    "__comment": "M9_Bayonet",
    "from": [ 7.75, 9, 7.625 ],
    "to": [ 8.25, 9.125, 7.75 ],
    "faces": {
        "down":  { "uv": [ 8.25, 7.75, 7.75, 7.625 ], "texture": "#texture" },
        "north": { "uv": [ 7.75, 6.875, 8.25, 7 ], "texture": "#texture" },
        "south": { "uv": [ 7.75, 6.875, 8.25, 7 ], "texture": "#texture" },
        "west":  { "uv": [ 7.625, 6.875, 7.75, 7 ], "texture": "#texture" },
        "east":  { "uv": [ 8.25, 6.875, 8.375, 7 ], "texture": "#texture" }
    }
},
{
    "__comment": "M9_Bayonet",
    "from": [ 7.75, 9.5, 7.625 ],
    "to": [ 8.25, 9.625, 7.75 ],
    "faces": {
        "down":  { "uv": [ 8.25, 7.75, 7.75, 7.625 ], "texture": "#texture" },
        "north": { "uv": [ 12.75, 6.25, 13.25, 6.375 ], "texture": "#texture" },
        "south": { "uv": [ 7.75, 6.375, 8.25, 6.5 ], "texture": "#texture" },
        "west":  { "uv": [ 7.625, 6.375, 7.75, 6.5 ], "texture": "#texture" },
        "east":  { "uv": [ 8.25, 6.375, 8.375, 6.5 ], "texture": "#texture" }
    }
},
{
    "__comment": "M9_Bayonet",
    "from": [ 7.75, 13, 7.625 ],
    "to": [ 8.25, 13.875, 7.875 ],
    "faces": {
        "down":  { "uv": [ 13.125, 2.75, 12.625, 2.5 ], "texture": "#texture" },
        "up":    { "uv": [ 12.625, 0.5, 13.125, 0.75 ], "texture": "#texture" },
        "north": { "uv": [ 7.75, 2.125, 8.25, 3 ], "texture": "#texture" },
        "south": { "uv": [ 12.625, 2, 13.125, 2.875 ], "texture": "#texture" },
        "west":  { "uv": [ 7.625, 2.125, 7.875, 3 ], "texture": "#texture" },
        "east":  { "uv": [ 8.125, 2.125, 8.375, 3 ], "texture": "#texture" }
    }
},
{
    "__comment": "M9_Bayonet",
    "from": [ 7.75, 7.375, 7.75 ],
    "to": [ 8.25, 7.5, 8.875 ],
    "faces": {
        "up":    { "uv": [ 7.75, 7.75, 8.25, 8.875 ], "texture": "#texture" },
        "north": { "uv": [ 7.75, 8.5, 8.25, 8.625 ], "texture": "#texture" },
        "south": { "uv": [ 7.75, 8.5, 8.25, 8.625 ], "texture": "#texture" },
        "west":  { "uv": [ 7.75, 8.5, 8.875, 8.625 ], "texture": "#texture" },
        "east":  { "uv": [ 7.125, 8.5, 8.25, 8.625 ], "texture": "#texture" }
    }
},
{
    "__comment": "M9_Bayonet",
    "from": [ 7.75, 7.5, 7.75 ],
    "to": [ 8.25, 7.625, 8.625 ],
    "faces": {
        "up":    { "uv": [ 7.75, 7.75, 8.25, 8.625 ], "texture": "#texture" },
        "south": { "uv": [ 7.75, 8.375, 8.25, 8.5 ], "texture": "#texture" },
        "west":  { "uv": [ 7.75, 8.375, 8.625, 8.5 ], "texture": "#texture" },
        "east":  { "uv": [ 7.375, 8.375, 8.25, 8.5 ], "texture": "#texture" }
    }
},
{
    "__comment": "M9_Bayonet",
    "from": [ 7.75, 11.625, 7.75 ],
    "to": [ 8.25, 12.125, 8.625 ],
    "faces": {
        "down":  { "uv": [ 13.125, 4.375, 12.625, 3.5 ], "texture": "#texture" },
        "south": { "uv": [ 7.75, 3.875, 8.25, 4.375 ], "texture": "#texture" },
        "west":  { "uv": [ 7.75, 3.875, 8.625, 4.375 ], "texture": "#texture" },
        "east":  { "uv": [ 7.375, 3.875, 8.25, 4.375 ], "texture": "#texture" }
    }
},
{
    "__comment": "M9_Bayonet",
    "from": [ 7.75, 13.875, 7.75 ],
    "to": [ 8.25, 14, 8.625 ],
    "faces": {
        "down":  { "uv": [ 8.25, 8.625, 7.75, 7.75 ], "texture": "#texture" },
        "up":    { "uv": [ 12.5, 0.625, 13, 1.5 ], "texture": "#texture" },
        "north": { "uv": [ 7.75, 2, 8.25, 2.125 ], "texture": "#texture" },
        "south": { "uv": [ 7.75, 2, 8.25, 2.125 ], "texture": "#texture" },
        "west":  { "uv": [ 7.75, 2, 8.625, 2.125 ], "texture": "#texture" },
        "east":  { "uv": [ 7.375, 2, 8.25, 2.125 ], "texture": "#texture" }
    }
},
{
    "__comment": "M9_Bayonet",
    "from": [ 7.75, 14, 7.75 ],
    "to": [ 8.25, 14.5, 8.5 ],
    "faces": {
        "up":    { "uv": [ 12.75, 0.5, 13.25, 1.25 ], "texture": "#texture" },
        "north": { "uv": [ 7.75, 1.5, 8.25, 2 ], "texture": "#texture" },
        "south": { "uv": [ 7.75, 1.5, 8.25, 2 ], "texture": "#texture" },
        "west":  { "uv": [ 7.75, 1.5, 8.5, 2 ], "texture": "#texture" },
        "east":  { "uv": [ 7.5, 1.5, 8.25, 2 ], "texture": "#texture" }
    }
},
{
    "__comment": "M9_Bayonet",
    "from": [ 7.75, 14.5, 7.75 ],
    "to": [ 8.25, 14.75, 8.375 ],
    "faces": {
        "up":    { "uv": [ 12.75, 0.5, 13.25, 1.125 ], "texture": "#texture" },
        "north": { "uv": [ 7.75, 1.25, 8.25, 1.5 ], "texture": "#texture" },
        "south": { "uv": [ 7.75, 1.25, 8.25, 1.5 ], "texture": "#texture" },
        "west":  { "uv": [ 7.75, 1.25, 8.375, 1.5 ], "texture": "#texture" },
        "east":  { "uv": [ 7.625, 1.25, 8.25, 1.5 ], "texture": "#texture" }
    }
},
{
    "__comment": "M9_Bayonet",
    "from": [ 7.75, 13.125, 7.875 ],
    "to": [ 8.25, 13.875, 8.625 ],
    "faces": {
        "down":  { "uv": [ 13, 3, 12.5, 2.25 ], "texture": "#texture" },
        "south": { "uv": [ 7.75, 2.125, 8.25, 2.875 ], "texture": "#texture" },
        "west":  { "uv": [ 7.875, 2.125, 8.625, 2.875 ], "texture": "#texture" },
        "east":  { "uv": [ 7.375, 2.125, 8.125, 2.875 ], "texture": "#texture" }
    }
},
{
    "__comment": "M9_Bayonet",
    "from": [ 7.75, 14.75, 7.875 ],
    "to": [ 8.25, 14.875, 8.375 ],
    "faces": {
        "up":    { "uv": [ 12.75, 0.75, 13.25, 1.25 ], "texture": "#texture" },
        "north": { "uv": [ 7.75, 1.125, 8.25, 1.25 ], "texture": "#texture" },
        "south": { "uv": [ 7.75, 1.125, 8.25, 1.25 ], "texture": "#texture" },
        "west":  { "uv": [ 7.875, 1.125, 8.375, 1.25 ], "texture": "#texture" },
        "east":  { "uv": [ 7.625, 1.125, 8.125, 1.25 ], "texture": "#texture" }
    }
},
{
    "__comment": "M9_Bayonet",
    "from": [ 7.75, 14.875, 7.875 ],
    "to": [ 8.25, 15.125, 8.25 ],
    "faces": {
        "up":    { "uv": [ 12.875, 0.625, 13.375, 1 ], "texture": "#texture" },
        "north": { "uv": [ 7.75, 0.875, 8.25, 1.125 ], "texture": "#texture" },
        "south": { "uv": [ 7.75, 0.875, 8.25, 1.125 ], "texture": "#texture" },
        "west":  { "uv": [ 7.875, 0.875, 8.25, 1.125 ], "texture": "#texture" },
        "east":  { "uv": [ 7.75, 0.875, 8.125, 1.125 ], "texture": "#texture" }
    }
},
{
    "__comment": "M9_Bayonet",
    "from": [ 7.75, 15.125, 7.875 ],
    "to": [ 8.25, 15.25, 8.125 ],
    "faces": {
        "up":    { "uv": [ 12.625, 0.875, 13.125, 1.125 ], "texture": "#texture" },
        "north": { "uv": [ 7.75, 0.75, 8.25, 0.875 ], "texture": "#texture" },
        "south": { "uv": [ 7.75, 0.75, 8.25, 0.875 ], "texture": "#texture" },
        "west":  { "uv": [ 7.875, 0.75, 8.125, 0.875 ], "texture": "#texture" },
        "east":  { "uv": [ 7.875, 0.75, 8.125, 0.875 ], "texture": "#texture" }
    }
},
{
    "__comment": "M9_Bayonet",
    "from": [ 7.75, 15.25, 8 ],
    "to": [ 8.25, 15.5, 8.125 ],
    "faces": {
        "up":    { "uv": [ 12.75, 0.625, 13.25, 0.75 ], "texture": "#texture" },
        "north": { "uv": [ 7.75, 0.5, 8.25, 0.75 ], "texture": "#texture" },
        "south": { "uv": [ 7.75, 0.5, 8.25, 0.75 ], "texture": "#texture" },
        "west":  { "uv": [ 8, 0.5, 8.125, 0.75 ], "texture": "#texture" },
        "east":  { "uv": [ 7.875, 0.5, 8, 0.75 ], "texture": "#texture" }
    }
},
{
    "__comment": "M9_Bayonet",
    "from": [ 7.75, 13, 8.125 ],
    "to": [ 8.25, 13.125, 8.625 ],
    "faces": {
        "down":  { "uv": [ 13.25, 2.875, 12.75, 2.375 ], "texture": "#texture" },
        "north": { "uv": [ 7.75, 2.875, 8.25, 3 ], "texture": "#texture" },
        "south": { "uv": [ 7.75, 2.875, 8.25, 3 ], "texture": "#texture" },
        "west":  { "uv": [ 8.125, 2.875, 8.625, 3 ], "texture": "#texture" },
        "east":  { "uv": [ 7.375, 2.875, 7.875, 3 ], "texture": "#texture" }
    }
},
{
    "__comment": "M9_Bayonet",
    "from": [ 7.75, 7.625, 8.25 ],
    "to": [ 8.25, 11.625, 8.625 ],
    "faces": {
        "north": { "uv": [ 7.75, 4.375, 8.25, 8.375 ], "texture": "#texture" },
        "south": { "uv": [ 7.75, 4.375, 8.25, 8.375 ], "texture": "#texture" },
        "west":  { "uv": [ 8.25, 4.375, 8.625, 8.375 ], "texture": "#texture" },
        "east":  { "uv": [ 7.375, 4.375, 7.75, 8.375 ], "texture": "#texture" }
    }
},
{
    "__comment": "M9_Bayonet",
    "from": [ 7.75, 12.375, 8.25 ],
    "to": [ 8.25, 13, 8.625 ],
    "faces": {
        "north": { "uv": [ 7.75, 3, 8.25, 3.625 ], "texture": "#texture" },
        "south": { "uv": [ 7.75, 3, 8.25, 3.625 ], "texture": "#texture" },
        "west":  { "uv": [ 8.25, 3, 8.625, 3.625 ], "texture": "#texture" },
        "east":  { "uv": [ 7.375, 3, 7.75, 3.625 ], "texture": "#texture" }
    }
},
{
    "__comment": "M9_Bayonet",
    "from": [ 7.75, 0.125, 8.75 ],
    "to": [ 8.25, 1.25, 8.875 ],
    "faces": {
        "down":  { "uv": [ 2.5, 11.375, 2, 11.25 ], "texture": "#texture" },
        "up":    { "uv": [ 1.875, 12.875, 2.375, 13 ], "texture": "#texture" },
        "south": { "uv": [ 7.75, 14.75, 8.25, 15.875 ], "texture": "#texture" },
        "west":  { "uv": [ 8.75, 14.75, 8.875, 15.875 ], "texture": "#texture" },
        "east":  { "uv": [ 7.125, 14.75, 7.25, 15.875 ], "texture": "#texture" }
    }
},
{
    "__comment": "M9_Bayonet",
    "from": [ 7.875, 12.125, 7.375 ],
    "to": [ 8.125, 12.375, 7.5 ],
    "faces": {
        "up":    { "uv": [ 12.625, 2.5, 12.875, 2.625 ], "texture": "#texture" },
        "north": { "uv": [ 7.875, 3.625, 8.125, 3.875 ], "texture": "#texture" },
        "west":  { "uv": [ 7.375, 3.625, 7.5, 3.875 ], "texture": "#texture" },
        "east":  { "uv": [ 8.5, 3.625, 8.625, 3.875 ], "texture": "#texture" }
    }
},
{
    "__comment": "M9_Bayonet",
    "from": [ 7.875, 1.25, 7.5 ],
    "to": [ 8.125, 1.375, 7.625 ],
    "faces": {
        "up":    { "uv": [ 2.5, 12.875, 2.75, 13 ], "texture": "#texture" },
        "north": { "uv": [ 7.875, 14.625, 8.125, 14.75 ], "texture": "#texture" },
        "west":  { "uv": [ 7.5, 14.625, 7.625, 14.75 ], "texture": "#texture" },
        "east":  { "uv": [ 8.375, 14.625, 8.5, 14.75 ], "texture": "#texture" }
    }
},
{
    "__comment": "M9_Bayonet",
    "from": [ 7.875, 13, 7.5 ],
    "to": [ 8.125, 13.25, 7.625 ],
    "faces": {
        "up":    { "uv": [ 8.25, 2.375, 8.5, 2.5 ], "texture": "#texture" },
        "north": { "uv": [ 7.875, 2.75, 8.125, 3 ], "texture": "#texture" },
        "west":  { "uv": [ 7.5, 2.75, 7.625, 3 ], "texture": "#texture" },
        "east":  { "uv": [ 8.375, 2.75, 8.5, 3 ], "texture": "#texture" }
    }
},
{
    "__comment": "M9_Bayonet",
    "from": [ 7.875, 13.875, 7.625 ],
    "to": [ 8.125, 14.125, 7.75 ],
    "faces": {
        "up":    { "uv": [ 12.875, 1, 13.125, 1.125 ], "texture": "#texture" },
        "north": { "uv": [ 7.875, 1.875, 8.125, 2.125 ], "texture": "#texture" },
        "south": { "uv": [ 7.875, 1.875, 8.125, 2.125 ], "texture": "#texture" },
        "west":  { "uv": [ 7.625, 1.875, 7.75, 2.125 ], "texture": "#texture" },
        "east":  { "uv": [ 8.25, 1.875, 8.375, 2.125 ], "texture": "#texture" }
    }
},
{
    "__comment": "M9_Bayonet",
    "from": [ 7.875, 7.625, 7.75 ],
    "to": [ 8.125, 11.625, 8.25 ],
    "faces": {
        "north": { "uv": [ 12.875, 4.375, 13.125, 8.375 ], "texture": "#texture" },
        "west":  { "uv": [ 7.75, 4.375, 8.25, 8.375 ], "texture": "#texture" },
        "east":  { "uv": [ 7.75, 4.375, 8.25, 8.375 ], "texture": "#texture" }
    }
},
{
    "__comment": "M9_Bayonet",
    "from": [ 7.875, 14.75, 7.75 ],
    "to": [ 8.125, 14.875, 7.875 ],
    "faces": {
        "up":    { "uv": [ 13, 1.25, 13.25, 1.375 ], "texture": "#texture" },
        "north": { "uv": [ 7.875, 1.125, 8.125, 1.25 ], "texture": "#texture" },
        "west":  { "uv": [ 7.75, 1.125, 7.875, 1.25 ], "texture": "#texture" },
        "east":  { "uv": [ 8.125, 1.125, 8.25, 1.25 ], "texture": "#texture" }
    }
},
{
    "__comment": "M9_Bayonet",
    "from": [ 7.875, 15.25, 7.875 ],
    "to": [ 8.125, 15.625, 8 ],
    "faces": {
        "up":    { "uv": [ 13, 0.375, 13.25, 0.5 ], "texture": "#texture" },
        "north": { "uv": [ 7.875, 0.375, 8.125, 0.75 ], "texture": "#texture" },
        "south": { "uv": [ 7.875, 0.375, 8.125, 0.75 ], "texture": "#texture" },
        "west":  { "uv": [ 7.875, 0.375, 8, 0.75 ], "texture": "#texture" },
        "east":  { "uv": [ 8, 0.375, 8.125, 0.75 ], "texture": "#texture" }
    }
},
{
    "__comment": "M9_Bayonet",
    "from": [ 7.875, 15.5, 8 ],
    "to": [ 8.125, 15.625, 8.375 ],
    "faces": {
        "down":  { "uv": [ 8.125, 8.375, 7.875, 8 ], "texture": "#texture" },
        "up":    { "uv": [ 12.75, 0.25, 13, 0.625 ], "texture": "#texture" },
        "south": { "uv": [ 7.875, 0.375, 8.125, 0.5 ], "texture": "#texture" },
        "west":  { "uv": [ 8, 0.375, 8.375, 0.5 ], "texture": "#texture" },
        "east":  { "uv": [ 7.625, 0.375, 8, 0.5 ], "texture": "#texture" }
    }
},
{
    "__comment": "M9_Bayonet",
    "from": [ 7.875, 15.625, 8 ],
    "to": [ 8.125, 15.75, 8.25 ],
    "faces": {
        "up":    { "uv": [ 12.75, 0.125, 13, 0.375 ], "texture": "#texture" },
        "north": { "uv": [ 7.875, 0.25, 8.125, 0.375 ], "texture": "#texture" },
        "south": { "uv": [ 7.875, 0.25, 8.125, 0.375 ], "texture": "#texture" },
        "west":  { "uv": [ 8, 0.25, 8.25, 0.375 ], "texture": "#texture" },
        "east":  { "uv": [ 7.75, 0.25, 8, 0.375 ], "texture": "#texture" }
    }
},
{
    "__comment": "M9_Bayonet",
    "from": [ 7.875, 15.75, 8 ],
    "to": [ 8.125, 15.875, 8.125 ],
    "faces": {
        "up":    { "uv": [ 12.75, 0.125, 13, 0.25 ], "texture": "#texture" },
        "north": { "uv": [ 7.875, 0.125, 8.125, 0.25 ], "texture": "#texture" },
        "south": { "uv": [ 7.875, 0.125, 8.125, 0.25 ], "texture": "#texture" },
        "west":  { "uv": [ 8, 0.125, 8.125, 0.25 ], "texture": "#texture" },
        "east":  { "uv": [ 7.875, 0.125, 8, 0.25 ], "texture": "#texture" }
    }
},
{
    "__comment": "M9_Bayonet",
    "from": [ 7.875, 15.125, 8.125 ],
    "to": [ 8.125, 15.375, 8.5 ],
    "faces": {
        "down":  { "uv": [ 13.125, 0.75, 12.875, 0.375 ], "texture": "#texture" },
        "up":    { "uv": [ 13, 0.375, 13.25, 0.75 ], "texture": "#texture" },
        "north": { "uv": [ 7.875, 0.625, 8.125, 0.875 ], "texture": "#texture" },
        "south": { "uv": [ 7.875, 0.625, 8.125, 0.875 ], "texture": "#texture" },
        "west":  { "uv": [ 8.125, 0.625, 8.5, 0.875 ], "texture": "#texture" },
        "east":  { "uv": [ 7.5, 0.625, 7.875, 0.875 ], "texture": "#texture" }
    }
},
{
    "__comment": "M9_Bayonet",
    "from": [ 7.875, 15.375, 8.125 ],
    "to": [ 8.125, 15.5, 8.375 ],
    "faces": {
        "south": { "uv": [ 7.875, 0.5, 8.125, 0.625 ], "texture": "#texture" },
        "west":  { "uv": [ 8.125, 0.5, 8.375, 0.625 ], "texture": "#texture" },
        "east":  { "uv": [ 7.625, 0.5, 7.875, 0.625 ], "texture": "#texture" }
    }
},
{
    "__comment": "M9_Bayonet",
    "from": [ 7.875, 14.875, 8.25 ],
    "to": [ 8.125, 15, 8.625 ],
    "faces": {
        "down":  { "uv": [ 8.125, 8.625, 7.875, 8.25 ], "texture": "#texture" },
        "up":    { "uv": [ 13, 0.125, 13.25, 0.5 ], "texture": "#texture" },
        "south": { "uv": [ 7.875, 1, 8.125, 1.125 ], "texture": "#texture" },
        "west":  { "uv": [ 8.25, 1, 8.625, 1.125 ], "texture": "#texture" },
        "east":  { "uv": [ 7.375, 1, 7.75, 1.125 ], "texture": "#texture" }
    }
},
{
    "__comment": "M9_Bayonet",
    "from": [ 7.875, 15, 8.25 ],
    "to": [ 8.125, 15.125, 8.5 ],
    "faces": {
        "south": { "uv": [ 7.875, 0.875, 8.125, 1 ], "texture": "#texture" },
        "west":  { "uv": [ 8.25, 0.875, 8.5, 1 ], "texture": "#texture" },
        "east":  { "uv": [ 7.5, 0.875, 7.75, 1 ], "texture": "#texture" }
    }
},
{
    "__comment": "M9_Bayonet",
    "from": [ 7.875, 14.5, 8.375 ],
    "to": [ 8.125, 14.75, 8.75 ],
    "faces": {
        "down":  { "uv": [ 8.125, 8.75, 7.875, 8.375 ], "texture": "#texture" },
        "up":    { "uv": [ 13, 0.625, 13.25, 1 ], "texture": "#texture" },
        "south": { "uv": [ 7.875, 1.25, 8.125, 1.5 ], "texture": "#texture" },
        "west":  { "uv": [ 8.375, 1.25, 8.75, 1.5 ], "texture": "#texture" },
        "east":  { "uv": [ 7.25, 1.25, 7.625, 1.5 ], "texture": "#texture" }
    }
},
{
    "__comment": "M9_Bayonet",
    "from": [ 7.875, 14.75, 8.375 ],
    "to": [ 8.125, 14.875, 8.625 ],
    "faces": {
        "south": { "uv": [ 7.875, 1.125, 8.125, 1.25 ], "texture": "#texture" },
        "west":  { "uv": [ 8.375, 1.125, 8.625, 1.25 ], "texture": "#texture" },
        "east":  { "uv": [ 7.375, 1.125, 7.625, 1.25 ], "texture": "#texture" }
    }
},
{
    "__comment": "M9_Bayonet",
    "from": [ 7.875, 14, 8.5 ],
    "to": [ 8.125, 14.25, 8.875 ],
    "faces": {
        "down":  { "uv": [ 8.125, 8.875, 7.875, 8.5 ], "texture": "#texture" },
        "up":    { "uv": [ 12.875, 0.25, 13.125, 0.625 ], "texture": "#texture" },
        "south": { "uv": [ 7.875, 1.75, 8.125, 2 ], "texture": "#texture" },
        "west":  { "uv": [ 8.5, 1.75, 8.875, 2 ], "texture": "#texture" },
        "east":  { "uv": [ 7.125, 1.75, 7.5, 2 ], "texture": "#texture" }
    }
},
{
    "__comment": "M9_Bayonet",
    "from": [ 7.875, 14.25, 8.5 ],
    "to": [ 8.125, 14.5, 8.75 ],
    "faces": {
        "south": { "uv": [ 7.875, 1.5, 8.125, 1.75 ], "texture": "#texture" },
        "west":  { "uv": [ 8.5, 1.5, 8.75, 1.75 ], "texture": "#texture" },
        "east":  { "uv": [ 7.25, 1.5, 7.5, 1.75 ], "texture": "#texture" }
    }
},
{
    "__comment": "M9_Bayonet",
    "from": [ 7.875, 7.5, 8.625 ],
    "to": [ 8.125, 14, 8.875 ],
    "faces": {
        "north": { "uv": [ 7.875, 2, 8.125, 8.5 ], "texture": "#texture" },
        "south": { "uv": [ 7.875, 2, 8.125, 8.5 ], "texture": "#texture" },
        "west":  { "uv": [ 8.625, 2, 8.875, 8.5 ], "texture": "#texture" },
        "east":  { "uv": [ 7.125, 2, 7.375, 8.5 ], "texture": "#texture" }
    }
},
{
    "__comment": "M9_Bayonet",
    "from": [ 7.875, 1.25, 8.75 ],
    "to": [ 8.125, 1.375, 8.875 ],
    "faces": {
        "up":    { "uv": [ 2.125, 12.375, 2.375, 12.5 ], "texture": "#texture" },
        "south": { "uv": [ 7.875, 14.625, 8.125, 14.75 ], "texture": "#texture" },
        "west":  { "uv": [ 8.75, 14.625, 8.875, 14.75 ], "texture": "#texture" },
        "east":  { "uv": [ 7.125, 14.625, 7.25, 14.75 ], "texture": "#texture" }
    }
},
{
    "__comment": "M9_Bayonet",
    "from": [ 7.875, 7.75, 8.875 ],
    "to": [ 8.125, 13.125, 9 ],
    "faces": {
        "down":  { "uv": [ 8.125, 9, 7.875, 8.875 ], "texture": "#texture" },
        "up":    { "uv": [ 12.75, 1.5, 13, 1.625 ], "texture": "#texture" },
        "south": { "uv": [ 12.875, 1.375, 13.125, 6.75 ], "texture": "#texture" },
        "west":  { "uv": [ 8.875, 2.875, 9, 8.25 ], "texture": "#texture" },
        "east":  { "uv": [ 7, 2.875, 7.125, 8.25 ], "texture": "#texture" }
    }
},
{
    "__comment": "M9_Bayonet",
    "from": [ 8.25, 6.125, 6.25 ],
    "to": [ 8.625, 6.375, 6.375 ],
    "faces": {
        "down":  { "uv": [ 12.875, 11.75, 12.5, 11.625 ], "texture": "#texture" },
        "up":    { "uv": [ 12.625, 12.375, 13, 12.5 ], "texture": "#texture" },
        "north": { "uv": [ 7.375, 9.625, 7.75, 9.875 ], "texture": "#texture" },
        "south": { "uv": [ 8.25, 9.625, 8.625, 9.875 ], "texture": "#texture" },
        "west":  { "uv": [ 6.25, 9.625, 6.375, 9.875 ], "texture": "#texture" },
        "east":  { "uv": [ 9.625, 9.625, 9.75, 9.875 ], "texture": "#texture" }
    }
},
{
    "__comment": "M9_Bayonet",
    "from": [ 8.375, 6.125, 6.375 ],
    "to": [ 8.625, 6.375, 6.5 ],
    "faces": {
        "down":  { "uv": [ 12.875, 11.75, 12.625, 11.625 ], "texture": "#texture" },
        "up":    { "uv": [ 12.5, 11.625, 12.75, 11.75 ], "texture": "#texture" },
        "south": { "uv": [ 8.375, 9.625, 8.625, 9.875 ], "texture": "#texture" },
        "west":  { "uv": [ 6.375, 9.625, 6.5, 9.875 ], "texture": "#texture" },
        "east":  { "uv": [ 9.5, 9.625, 9.625, 9.875 ], "texture": "#texture" }
    }
},
{
    "__comment": "M9_Bayonet",
    "from": [ 8.375, 6.125, 6.875 ],
    "to": [ 8.625, 6.375, 7.125 ],
    "faces": {
        "down":  { "uv": [ 12.875, 11.625, 12.625, 11.375 ], "texture": "#texture" },
        "up":    { "uv": [ 12.875, 12, 13.125, 12.25 ], "texture": "#texture" },
        "north": { "uv": [ 7.375, 9.625, 7.625, 9.875 ], "texture": "#texture" },
        "south": { "uv": [ 8.375, 9.625, 8.625, 9.875 ], "texture": "#texture" },
        "west":  { "uv": [ 6.875, 9.625, 7.125, 9.875 ], "texture": "#texture" },
        "east":  { "uv": [ 8.875, 9.625, 9.125, 9.875 ], "texture": "#texture" }
    }
},
{
    "__comment": "M9_Bayonet",
    "from": [ 8.5, 6.125, 6.5 ],
    "to": [ 8.75, 6.375, 6.875 ],
    "faces": {
        "down":  { "uv": [ 13.375, 12.375, 13.125, 12 ], "texture": "#texture" },
        "up":    { "uv": [ 13.25, 12.125, 13.5, 12.5 ], "texture": "#texture" },
        "north": { "uv": [ 7.25, 9.625, 7.5, 9.875 ], "texture": "#texture" },
        "south": { "uv": [ 8.5, 9.625, 8.75, 9.875 ], "texture": "#texture" },
        "west":  { "uv": [ 6.5, 9.625, 6.875, 9.875 ], "texture": "#texture" },
        "east":  { "uv": [ 9.125, 9.625, 9.5, 9.875 ], "texture": "#texture" }
    }
},
{
    "__comment": "M9_Bayonet*",
    "from": [ 7.75, 8.625, 7.5 ],
    "to": [ 8.25, 8.875, 7.75 ],
    "faces": {
        "down":  { "uv": [ 13.125, 7.75, 12.625, 7.5 ], "texture": "#texture" },
        "up":    { "uv": [ 12.625, 7.5, 13.125, 7.75 ], "texture": "#texture" },
        "north": { "uv": [ 12.375, 7, 12.875, 7.25 ], "texture": "#texture" },
        "south": { "uv": [ 12.75, 7.125, 13.25, 7.375 ], "texture": "#texture" },
        "west":  { "uv": [ 7.5, 7.125, 7.75, 7.375 ], "texture": "#texture" },
        "east":  { "uv": [ 8.25, 7.125, 8.5, 7.375 ], "texture": "#texture" }
    }
},
{
    "__comment": "M9_Bayonet*",
    "from": [ 7.75, 8.125, 7.5 ],
    "to": [ 8.25, 8.375, 7.75 ],
    "faces": {
        "down":  { "uv": [ 13.125, 7.625, 12.625, 7.375 ], "texture": "#texture" },
        "up":    { "uv": [ 12.625, 7.25, 13.125, 7.5 ], "texture": "#texture" },
        "north": { "uv": [ 12.625, 7.625, 13.125, 7.875 ], "texture": "#texture" },
        "south": { "uv": [ 12.75, 7.5, 13.25, 7.75 ], "texture": "#texture" },
        "west":  { "uv": [ 7.5, 7.625, 7.75, 7.875 ], "texture": "#texture" },
        "east":  { "uv": [ 8.25, 7.625, 8.5, 7.875 ], "texture": "#texture" }
    }
},
{
    "__comment": "M9_Bayonet*",
    "from": [ 7.75, 7.625, 7.5 ],
    "to": [ 8.25, 7.875, 7.75 ],
    "faces": {
        "down":  { "uv": [ 8.25, 7.75, 7.75, 7.5 ], "texture": "#texture" },
        "up":    { "uv": [ 7.75, 7.5, 8.25, 7.75 ], "texture": "#texture" },
        "north": { "uv": [ 7.75, 8.125, 8.25, 8.375 ], "texture": "#texture" },
        "south": { "uv": [ 7.75, 8.125, 8.25, 8.375 ], "texture": "#texture" },
        "west":  { "uv": [ 7.5, 8.125, 7.75, 8.375 ], "texture": "#texture" },
        "east":  { "uv": [ 8.25, 8.125, 8.5, 8.375 ], "texture": "#texture" }
    }
},
{
    "__comment": "M9_Bayonet*",
    "from": [ 7.75, 8.5, 7.625 ],
    "to": [ 8.25, 8.625, 7.75 ],
    "faces": {
        "down":  { "uv": [ 8.25, 7.75, 7.75, 7.625 ], "texture": "#texture" },
        "north": { "uv": [ 7.75, 7.375, 8.25, 7.5 ], "texture": "#texture" },
        "south": { "uv": [ 7.75, 7.375, 8.25, 7.5 ], "texture": "#texture" },
        "west":  { "uv": [ 7.625, 7.375, 7.75, 7.5 ], "texture": "#texture" },
        "east":  { "uv": [ 8.25, 7.375, 8.375, 7.5 ], "texture": "#texture" }
    }
},
{
    "__comment": "M9_Bayonet*",
    "from": [ 7.75, 8, 7.625 ],
    "to": [ 8.25, 8.125, 7.75 ],
    "faces": {
        "down":  { "uv": [ 8.25, 7.75, 7.75, 7.625 ], "texture": "#texture" },
        "north": { "uv": [ 7.75, 7.875, 8.25, 8 ], "texture": "#texture" },
        "south": { "uv": [ 7.75, 7.875, 8.25, 8 ], "texture": "#texture" },
        "west":  { "uv": [ 7.625, 7.875, 7.75, 8 ], "texture": "#texture" },
        "east":  { "uv": [ 8.25, 7.875, 8.375, 8 ], "texture": "#texture" }
    }
},
{
    "__comment": "M9_Bayonet*",
    "from": [ 7.75, 7.5, 7.625 ],
    "to": [ 8.25, 7.625, 7.75 ],
    "faces": {
        "down":  { "uv": [ 8.25, 7.75, 7.75, 7.625 ], "texture": "#texture" },
        "north": { "uv": [ 7.75, 8.375, 8.25, 8.5 ], "texture": "#texture" },
        "west":  { "uv": [ 7.625, 8.375, 7.75, 8.5 ], "texture": "#texture" },
        "east":  { "uv": [ 8.25, 8.375, 8.375, 8.5 ], "texture": "#texture" }
    }
},
{
    "__comment": "M9_Bayonet*",
    "from": [ 7.75, 10.125, 7.5 ],
    "to": [ 8.25, 10.375, 7.75 ],
    "faces": {
        "down":  { "uv": [ 13, 5.375, 12.5, 5.125 ], "texture": "#texture" },
        "up":    { "uv": [ 12.5, 5.375, 13, 5.625 ], "texture": "#texture" },
        "north": { "uv": [ 12.625, 5.375, 13.125, 5.625 ], "texture": "#texture" },
        "south": { "uv": [ 12.625, 5.375, 13.125, 5.625 ], "texture": "#texture" },
        "west":  { "uv": [ 7.5, 5.625, 7.75, 5.875 ], "texture": "#texture" },
        "east":  { "uv": [ 8.25, 5.625, 8.5, 5.875 ], "texture": "#texture" }
    }
},
{
    "__comment": "M9_Bayonet*",
    "from": [ 7.75, 10.625, 7.5 ],
    "to": [ 8.25, 10.875, 7.75 ],
    "faces": {
        "down":  { "uv": [ 13, 5, 12.5, 4.75 ], "texture": "#texture" },
        "up":    { "uv": [ 12.5, 5, 13, 5.25 ], "texture": "#texture" },
        "north": { "uv": [ 7.75, 5.125, 8.25, 5.375 ], "texture": "#texture" },
        "south": { "uv": [ 7.75, 5.125, 8.25, 5.375 ], "texture": "#texture" },
        "west":  { "uv": [ 7.5, 5.125, 7.75, 5.375 ], "texture": "#texture" },
        "east":  { "uv": [ 8.25, 5.125, 8.5, 5.375 ], "texture": "#texture" }
    }
},
{
    "__comment": "M9_Bayonet*",
    "from": [ 7.75, 11.125, 7.5 ],
    "to": [ 8.25, 11.375, 7.75 ],
    "faces": {
        "down":  { "uv": [ 12.875, 4.625, 12.375, 4.375 ], "texture": "#texture" },
        "up":    { "uv": [ 12.5, 4.25, 13, 4.5 ], "texture": "#texture" },
        "north": { "uv": [ 7.75, 4.625, 8.25, 4.875 ], "texture": "#texture" },
        "south": { "uv": [ 7.75, 4.625, 8.25, 4.875 ], "texture": "#texture" },
        "west":  { "uv": [ 7.5, 4.625, 7.75, 4.875 ], "texture": "#texture" },
        "east":  { "uv": [ 8.25, 4.625, 8.5, 4.875 ], "texture": "#texture" }
    }
},
{
    "__comment": "M9_Bayonet*",
    "from": [ 7.75, 10, 7.625 ],
    "to": [ 8.25, 10.125, 7.75 ],
    "faces": {
        "down":  { "uv": [ 8.25, 7.75, 7.75, 7.625 ], "texture": "#texture" },
        "north": { "uv": [ 7.75, 5.875, 8.25, 6 ], "texture": "#texture" },
        "south": { "uv": [ 7.75, 5.875, 8.25, 6 ], "texture": "#texture" },
        "west":  { "uv": [ 7.625, 5.875, 7.75, 6 ], "texture": "#texture" },
        "east":  { "uv": [ 8.25, 5.875, 8.375, 6 ], "texture": "#texture" }
    }
},
{
    "__comment": "M9_Bayonet*",
    "from": [ 7.75, 10.5, 7.625 ],
    "to": [ 8.25, 10.625, 7.75 ],
    "faces": {
        "down":  { "uv": [ 8.25, 7.75, 7.75, 7.625 ], "texture": "#texture" },
        "north": { "uv": [ 7.75, 5.375, 8.25, 5.5 ], "texture": "#texture" },
        "south": { "uv": [ 7.75, 5.375, 8.25, 5.5 ], "texture": "#texture" },
        "west":  { "uv": [ 7.625, 5.375, 7.75, 5.5 ], "texture": "#texture" },
        "east":  { "uv": [ 8.25, 5.375, 8.375, 5.5 ], "texture": "#texture" }
    }
},
{
    "__comment": "M9_Bayonet*",
    "from": [ 7.75, 11, 7.625 ],
    "to": [ 8.25, 11.125, 7.75 ],
    "faces": {
        "down":  { "uv": [ 13, 4.875, 12.5, 4.75 ], "texture": "#texture" },
        "north": { "uv": [ 7.75, 4.875, 8.25, 5 ], "texture": "#texture" },
        "south": { "uv": [ 7.75, 4.875, 8.25, 5 ], "texture": "#texture" },
        "west":  { "uv": [ 7.625, 4.875, 7.75, 5 ], "texture": "#texture" },
        "east":  { "uv": [ 8.25, 4.875, 8.375, 5 ], "texture": "#texture" }
    }
},
{
    "__comment": "M9_Bayonet*",
    "from": [ 7.75, 10, 7.375 ],
    "to": [ 8.25, 10.25, 7.5 ],
    "faces": {
        "down":  { "uv": [ 13, 5, 12.5, 4.875 ], "texture": "#texture" },
        "up":    { "uv": [ 12.5, 5.125, 13, 5.25 ], "texture": "#texture" },
        "north": { "uv": [ 12.625, 5.75, 13.125, 6 ], "texture": "#texture" },
        "south": { "uv": [ 12.5, 5.25, 13, 5.5 ], "texture": "#texture" },
        "west":  { "uv": [ 7.375, 5.75, 7.5, 6 ], "texture": "#texture" },
        "east":  { "uv": [ 8.5, 5.75, 8.625, 6 ], "texture": "#texture" }
    }
},
{
    "__comment": "M9_Bayonet*",
    "from": [ 7.75, 10.5, 7.375 ],
    "to": [ 8.25, 10.75, 7.5 ],
    "faces": {
        "down":  { "uv": [ 13, 5, 12.5, 4.875 ], "texture": "#texture" },
        "up":    { "uv": [ 12.5, 5.375, 13, 5.5 ], "texture": "#texture" },
        "north": { "uv": [ 7.75, 5.25, 8.25, 5.5 ], "texture": "#texture" },
        "south": { "uv": [ 7.75, 5.25, 8.25, 5.5 ], "texture": "#texture" },
        "west":  { "uv": [ 7.375, 5.25, 7.5, 5.5 ], "texture": "#texture" },
        "east":  { "uv": [ 8.5, 5.25, 8.625, 5.5 ], "texture": "#texture" }
    }
},
{
    "__comment": "M9_Bayonet*",
    "from": [ 7.75, 11, 7.375 ],
    "to": [ 8.25, 11.25, 7.5 ],
    "faces": {
        "down":  { "uv": [ 13.125, 5.125, 12.625, 5 ], "texture": "#texture" },
        "up":    { "uv": [ 12.5, 4.625, 13, 4.75 ], "texture": "#texture" },
        "north": { "uv": [ 7.75, 4.75, 8.25, 5 ], "texture": "#texture" },
        "south": { "uv": [ 7.75, 4.75, 8.25, 5 ], "texture": "#texture" },
        "west":  { "uv": [ 7.375, 4.75, 7.5, 5 ], "texture": "#texture" },
        "east":  { "uv": [ 8.5, 4.75, 8.625, 5 ], "texture": "#texture" }
    }
}
],
"display": {
    "thirdperson_righthand": {
        "rotation": [ 0, 0, 0 ],
        "translation": [ -0.6, 1, 1 ],
        "scale": [ 0.75, 0.75, 0.75 ]
    },
    "firstperson_righthand": {
        "rotation": [ -45, -120, -45 ],
        "translation": [ 0, 3, 0 ],
        "scale": [ 0.8, 0.8, 0.8 ]
    },
    "gui": {
        "rotation": [ -45, -150, -45 ],
        "translation": [ 0, 0, 0 ],
        "scale": [ 1.7, 1.7, 1.7 ]
    },
    "ground": {
        "rotation": [ 0, 0, 0 ],
        "translation": [ 0, 0, 0 ],
        "scale": [ 0.7, 0.7, 0.7 ]
    }
}
}