{
"__comment": "Designed by Mechanan with BDcraft Cubik PRO 0.95 Beta - http://bdcraft.net",
"textures": {
    "texture": "items/nova_koi"
},
"elements": [ 
{
    "__comment": "Front",
    "from": [ 7.5, 7.475, 15.75 ],
    "to": [ 8.5, 7.6, 22.125 ],
    "faces": {
        "down":  { "uv": [ 7.875, 5.5, 4.1875, 5.0625 ], "rotation": 90, "texture": "#texture" },
        "up":    { "uv": [ 7.5625, 0, 8.25, 5.375 ], "rotation": 180, "texture": "#texture" },
        "north": { "uv": [ 8.5, 5.5, 7.5, 5.625 ], "texture": "#texture" },
        "south": { "uv": [ 7.5, 5.5, 8.5, 5.625 ], "texture": "#texture" },
        "west":  { "uv": [ 2.75, 5.5, 9.125, 5.625 ], "texture": "#texture" },
        "east":  { "uv": [ 9.125, 5.5, 2.75, 5.625 ], "texture": "#texture" }
    }
},
{
    "__comment": "Front",
    "from": [ 7.5, 7.35, 15.875 ],
    "to": [ 8.5, 7.475, 19 ],
    "faces": {
        "down":  { "uv": [ 6.625, 5.625, 4.75, 5.0625 ], "rotation": 90, "texture": "#texture" },
        "up":    { "uv": [ 7.5, 2.875, 8.5, 6 ], "texture": "#texture" },
        "north": { "uv": [ 8.5, 5.5, 7.5, 5.625 ], "texture": "#texture" },
        "south": { "uv": [ 7.5, 5.5, 8.5, 5.625 ], "texture": "#texture" },
        "west":  { "uv": [ 2.875, 5.5, 6, 5.625 ], "texture": "#texture" },
        "east":  { "uv": [ 6, 5.5, 2.875, 5.625 ], "texture": "#texture" }
    }
},
{
    "__comment": "Front",
    "from": [ 7.5, 7.6, 15.875 ],
    "to": [ 8.5, 8.1, 23.375 ],
    "faces": {
        "down":  { "uv": [ 7.9375, 5.5, 7.1875, 0 ], "texture": "#texture" },
        "up":    { "uv": [ 8.125, 0, 8.75, 5.25 ], "rotation": 180, "texture": "#texture" },
        "north": { "uv": [ 8.5, 4.875, 7.5, 5.375 ], "texture": "#texture" },
        "south": { "uv": [ 7.5, 4.875, 8.5, 5.375 ], "texture": "#texture" },
        "west":  { "uv": [ 3.125, 4.875, 10.375, 5.375 ], "texture": "#texture" },
        "east":  { "uv": [ 10.375, 4.875, 3.1875, 5.375 ], "texture": "#texture" }
    }
},
{
    "__comment": "Front",
    "from": [ 7.5, 8.1, 16 ],
    "to": [ 8.5, 8.35, 23.625 ],
    "faces": {
        "down":  { "uv": [ 7.5625, 5.3125, 6.875, 0 ], "texture": "#texture" },
        "up":    { "uv": [ 7.5, 3, 8.5, 10.625 ], "texture": "#texture" },
        "north": { "uv": [ 8.5, 4.625, 7.5, 4.875 ], "texture": "#texture" },
        "south": { "uv": [ 7.5, 4.625, 8.5, 4.875 ], "texture": "#texture" },
        "west":  { "uv": [ 3.125, 4.8125, 10.4375, 5.0625 ], "texture": "#texture" },
        "east":  { "uv": [ 10.375, 4.8125, 3.25, 5.0625 ], "texture": "#texture" }
    }
},
{
    "__comment": "Front",
    "from": [ 7.5, 7.225, 16.125 ],
    "to": [ 8.5, 7.35, 16.375 ],
    "faces": {
        "down":  { "uv": [ 8.8125, 5.3125, 7.8125, 5.0625 ], "texture": "#texture" },
        "up":    { "uv": [ 7.5, 3.125, 8.5, 3.375 ], "texture": "#texture" },
        "north": { "uv": [ 8.5, 5.625, 7.5, 5.75 ], "texture": "#texture" },
        "south": { "uv": [ 7.5, 5.625, 8.5, 5.75 ], "texture": "#texture" },
        "west":  { "uv": [ 3.125, 5.625, 3.375, 5.75 ], "texture": "#texture" },
        "east":  { "uv": [ 3.375, 5.625, 3.125, 5.75 ], "texture": "#texture" }
    }
},
{
    "__comment": "Front",
    "from": [ 7.5, 8.35, 19.625 ],
    "to": [ 8.5, 8.725, 23.875 ],
    "faces": {
        "down":  { "uv": [ 4.6875, 5.5625, 3.6875, 1.3125 ], "texture": "#texture" },
        "up":    { "uv": [ 3.0625, 5.0625, 6.5, 5.5625 ], "rotation": 90, "texture": "#texture" },
        "north": { "uv": [ 8.5, 4.25, 7.5, 4.625 ], "texture": "#texture" },
        "south": { "uv": [ 7.5, 4.25, 8.5, 4.625 ], "texture": "#texture" },
        "west":  { "uv": [ 6.625, 4.25, 10.875, 4.625 ], "texture": "#texture" },
        "east":  { "uv": [ 10.875, 4.25, 6.625, 4.625 ], "texture": "#texture" }
    }
},
{
    "__comment": "Front",
    "from": [ 7.5, 7.85, 23.375 ],
    "to": [ 8.5, 8.1, 23.5 ],
    "faces": {
        "down":  { "uv": [ 4.25, 5.4375, 3.25, 5.3125 ], "texture": "#texture" },
        "up":    { "uv": [ 7.5, 10.375, 8.5, 10.5 ], "texture": "#texture" },
        "north": { "uv": [ 8.5, 4.875, 7.5, 5.125 ], "texture": "#texture" },
        "south": { "uv": [ 7.5, 4.875, 8.5, 5.125 ], "texture": "#texture" },
        "west":  { "uv": [ 10.375, 4.875, 10.5, 5.125 ], "texture": "#texture" },
        "east":  { "uv": [ 10.5, 4.875, 10.375, 5.125 ], "texture": "#texture" }
    }
},
{
    "__comment": "Front",
    "from": [ 7.5, 8.475, 23.875 ],
    "to": [ 8.5, 8.725, 24 ],
    "faces": {
        "down":  { "uv": [ 4.4375, 5.4375, 3.4375, 5.3125 ], "texture": "#texture" },
        "up":    { "uv": [ 3.1875, 5.3125, 4.1875, 5.4375 ], "texture": "#texture" },
        "north": { "uv": [ 8.5, 4.25, 7.5, 4.5 ], "texture": "#texture" },
        "south": { "uv": [ 7.5, 4.25, 8.5, 4.5 ], "texture": "#texture" },
        "west":  { "uv": [ 10.875, 4.25, 11, 4.5 ], "texture": "#texture" },
        "east":  { "uv": [ 11, 4.25, 10.875, 4.5 ], "texture": "#texture" }
    }
},
{
    "__comment": "Front",
    "from": [ 7.5, 8.6, 24 ],
    "to": [ 8.5, 8.725, 24.125 ],
    "faces": {
        "down":  { "uv": [ 4.5, 5.4375, 3.5, 5.3125 ], "texture": "#texture" },
        "up":    { "uv": [ 3.1875, 5.4375, 4.1875, 5.5625 ], "texture": "#texture" },
        "north": { "uv": [ 8.5, 4.25, 7.5, 4.375 ], "texture": "#texture" },
        "south": { "uv": [ 7.5, 4.25, 8.5, 4.375 ], "texture": "#texture" },
        "west":  { "uv": [ 11, 4.25, 11.125, 4.375 ], "texture": "#texture" },
        "east":  { "uv": [ 11.125, 4.25, 11, 4.375 ], "texture": "#texture" }
    }
},
{
    "__comment": "Nova",
    "from": [ 7.625, 5.75, 0 ],
    "to": [ 8.375, 7, 5.75 ],
    "faces": {
        "down":  { "uv": [ 8.375, 5.3125, 7.6875, 0 ], "rotation": 180, "texture": "#texture" },
        "up":    { "uv": [ 7.625, 0, 8.375, 5.5625 ], "rotation": 180, "texture": "#texture" },
        "north": { "uv": [ 2.9375, 12.0625, 2.5, 13.5 ], "texture": "#texture" },
        "south": { "uv": [ 10.25, 12.5625, 10.75, 13.875 ], "texture": "#texture" },
        "west":  { "uv": [ 0.125, 9, 5.75, 10.25 ], "texture": "#texture" },
        "east":  { "uv": [ 5.75, 9, 0.125, 10.25 ], "texture": "#texture" }
    }
},
{
    "__comment": "Nova",
    "from": [ 7.625, 4.875, 0.125 ],
    "to": [ 8.375, 5.75, 3.5 ],
    "faces": {
        "down":  { "uv": [ 6.1875, 15.75, 2.4375, 15.3125 ], "rotation": 90, "texture": "#texture" },
        "north": { "uv": [ 3.0625, 13.5, 2.5625, 14.75 ], "texture": "#texture" },
        "south": { "uv": [ 8.5, 14.0625, 9.125, 14.9375 ], "texture": "#texture" },
        "west":  { "uv": [ 0.125, 10.25, 3.5, 11.125 ], "texture": "#texture" },
        "east":  { "uv": [ 3.5, 10.25, 0.125, 11.125 ], "texture": "#texture" }
    }
},
{
    "__comment": "Nova",
    "from": [ 7.625, 7, 0.125 ],
    "to": [ 8.375, 7.125, 8.875 ],
    "faces": {
        "down":  { "uv": [ 7.6875, 13.875, 7.1875, 8.25 ], "texture": "#texture" },
        "up":    { "uv": [ 0.0625, 12.5625, 8.6875, 13 ], "rotation": 270, "texture": "#texture" },
        "north": { "uv": [ 3.1875, 12.375, 2.4375, 12.5 ], "texture": "#texture" },
        "south": { "uv": [ 7.125, 13.625, 7.875, 13.75 ], "texture": "#texture" },
        "west":  { "uv": [ 0.125, 8.875, 8.875, 9 ], "texture": "#texture" },
        "east":  { "uv": [ 8.875, 8.875, 0.125, 9 ], "texture": "#texture" }
    }
},
{
    "__comment": "Nova",
    "from": [ 7.625, 4.375, 0.25 ],
    "to": [ 8.375, 4.875, 2.25 ],
    "faces": {
        "down":  { "uv": [ 8.5, 5.25, 7.75, 3.25 ], "rotation": 180, "texture": "#texture" },
        "north": { "uv": [ 3.125, 14.875, 2.4375, 15.3125 ], "texture": "#texture" },
        "south": { "uv": [ 8.4375, 13.375, 9.1875, 13.875 ], "texture": "#texture" },
        "west":  { "uv": [ 0.25, 11.125, 2.25, 11.625 ], "texture": "#texture" },
        "east":  { "uv": [ 2.25, 11.125, 0.25, 11.625 ], "texture": "#texture" }
    }
},
{
    "__comment": "Nova",
    "from": [ 7.625, 4, 0.375 ],
    "to": [ 8.375, 4.375, 1.25 ],
    "faces": {
        "down":  { "uv": [ 9.3125, 13, 8.75, 12.0625 ], "rotation": 180, "texture": "#texture" },
        "north": { "uv": [ 9, 13.5625, 8.5, 13.875 ], "texture": "#texture" },
        "south": { "uv": [ 8.5, 13.75, 9.1875, 14.125 ], "texture": "#texture" },
        "west":  { "uv": [ 0.375, 11.625, 1.25, 12 ], "texture": "#texture" },
        "east":  { "uv": [ 1.25, 11.625, 0.375, 12 ], "texture": "#texture" }
    }
},
{
    "__comment": "Nova",
    "from": [ 7.625, 3.75, 0.5 ],
    "to": [ 8.375, 4, 0.625 ],
    "faces": {
        "down":  { "uv": [ 3.125, 15.8125, 2.5625, 15.6875 ], "texture": "#texture" },
        "north": { "uv": [ 3, 15.6875, 2.5, 15.9375 ], "texture": "#texture" },
        "south": { "uv": [ 2.5, 15.625, 3.125, 15.875 ], "texture": "#texture" },
        "west":  { "uv": [ 0.5, 12, 0.625, 12.25 ], "texture": "#texture" },
        "east":  { "uv": [ 0.625, 12, 0.5, 12.25 ], "texture": "#texture" }
    }
},
{
    "__comment": "Nova",
    "from": [ 7.625, 3.875, 0.625 ],
    "to": [ 8.375, 4, 0.875 ],
    "faces": {
        "down":  { "uv": [ 3.1875, 15.75, 2.4375, 15.5 ], "texture": "#texture" },
        "south": { "uv": [ 2.4375, 15.625, 3.1875, 15.75 ], "texture": "#texture" },
        "west":  { "uv": [ 0.625, 12, 0.875, 12.125 ], "texture": "#texture" },
        "east":  { "uv": [ 0.875, 12, 0.625, 12.125 ], "texture": "#texture" }
    }
},
{
    "__comment": "Nova",
    "from": [ 7.625, 4.125, 1.25 ],
    "to": [ 8.375, 4.375, 1.625 ],
    "faces": {
        "down":  { "uv": [ 8.375, 1.625, 7.625, 1.25 ], "texture": "#texture" },
        "south": { "uv": [ 7.625, 11.625, 8.375, 11.875 ], "texture": "#texture" },
        "west":  { "uv": [ 1.25, 11.625, 1.625, 11.875 ], "texture": "#texture" },
        "east":  { "uv": [ 1.625, 11.625, 1.25, 11.875 ], "texture": "#texture" }
    }
},
{
    "__comment": "Nova",
    "from": [ 7.625, 7.125, 1.5 ],
    "to": [ 8.375, 7.25, 9.25 ],
    "faces": {
        "down":  { "uv": [ 3.6875, 16, 3.4375, 10.375 ], "rotation": 180, "texture": "#texture" },
        "up":    { "uv": [ 2.375, 14.5625, 7.9375, 14.875 ], "rotation": 270, "texture": "#texture" },
        "north": { "uv": [ 2.75, 9, 2, 9.125 ], "texture": "#texture" },
        "south": { "uv": [ 6.875, 13.625, 7.625, 13.75 ], "texture": "#texture" },
        "west":  { "uv": [ 1.5, 8.75, 9.25, 8.875 ], "texture": "#texture" },
        "east":  { "uv": [ 9.25, 8.75, 1.5, 8.875 ], "texture": "#texture" }
    }
},
{
    "__comment": "Nova",
    "from": [ 7.625, 4.25, 1.625 ],
    "to": [ 8.375, 4.375, 1.875 ],
    "faces": {
        "down":  { "uv": [ 8.375, 1.875, 7.625, 1.625 ], "texture": "#texture" },
        "south": { "uv": [ 7.625, 11.625, 8.375, 11.75 ], "texture": "#texture" },
        "west":  { "uv": [ 1.625, 11.625, 1.875, 11.75 ], "texture": "#texture" },
        "east":  { "uv": [ 1.875, 11.625, 1.625, 11.75 ], "texture": "#texture" }
    }
},
{
    "__comment": "Nova",
    "from": [ 7.625, 4.5, 2.25 ],
    "to": [ 8.375, 4.875, 2.5 ],
    "faces": {
        "down":  { "uv": [ 8.375, 2.5, 7.625, 2.25 ], "texture": "#texture" },
        "south": { "uv": [ 7.625, 11.125, 8.375, 11.5 ], "texture": "#texture" },
        "west":  { "uv": [ 2.25, 11.125, 2.5, 11.5 ], "texture": "#texture" },
        "east":  { "uv": [ 2.5, 11.125, 2.25, 11.5 ], "texture": "#texture" }
    }
},
{
    "__comment": "Nova",
    "from": [ 7.625, 4.625, 2.5 ],
    "to": [ 8.375, 4.875, 2.875 ],
    "faces": {
        "down":  { "uv": [ 8.375, 2.875, 7.625, 2.5 ], "texture": "#texture" },
        "south": { "uv": [ 7.625, 11.125, 8.375, 11.375 ], "texture": "#texture" },
        "west":  { "uv": [ 2.5, 11.125, 2.875, 11.375 ], "texture": "#texture" },
        "east":  { "uv": [ 2.875, 11.125, 2.5, 11.375 ], "texture": "#texture" }
    }
},
{
    "__comment": "Front",
    "from": [ 7.625, 7.25, 15.75 ],
    "to": [ 8.375, 7.375, 15.875 ],
    "faces": {
        "down":  { "uv": [ 8.375, 15.875, 7.625, 15.75 ], "texture": "#texture" },
        "north": { "uv": [ 8.375, 8.625, 7.625, 8.75 ], "texture": "#texture" },
        "south": { "uv": [ 7.625, 8.625, 8.375, 8.75 ], "texture": "#texture" },
        "west":  { "uv": [ 15.75, 8.625, 15.875, 8.75 ], "texture": "#texture" },
        "east":  { "uv": [ 15.875, 8.625, 15.75, 8.75 ], "texture": "#texture" }
    }
},
{
    "__comment": "Nova",
    "from": [ 7.625, 4.75, 2.875 ],
    "to": [ 8.375, 4.875, 3.25 ],
    "faces": {
        "down":  { "uv": [ 8.375, 3.25, 7.625, 2.875 ], "texture": "#texture" },
        "south": { "uv": [ 7.625, 11.125, 8.375, 11.25 ], "texture": "#texture" },
        "west":  { "uv": [ 2.875, 11.125, 3.25, 11.25 ], "texture": "#texture" },
        "east":  { "uv": [ 3.25, 11.125, 2.875, 11.25 ], "texture": "#texture" }
    }
},
{
    "__comment": "Nova",
    "from": [ 7.625, 7.25, 2.875 ],
    "to": [ 8.375, 7.375, 16 ],
    "faces": {
        "down":  { "uv": [ 3.125, 16, 2.5625, 12.3125 ], "texture": "#texture" },
        "up":    { "uv": [ 3.5, 14.4375, 7.6875, 15 ], "rotation": 270, "texture": "#texture" },
        "north": { "uv": [ 8.375, 8.625, 7.625, 8.75 ], "texture": "#texture" },
        "south": { "uv": [ 7.625, 8.625, 8.375, 8.75 ], "texture": "#texture" },
        "west":  { "uv": [ 2.875, 8.625, 16, 8.75 ], "texture": "#texture" },
        "east":  { "uv": [ 16, 8.625, 2.875, 8.75 ], "texture": "#texture" }
    }
},
{
    "__comment": "Front",
    "from": [ 7.625, 7.225, 15.875 ],
    "to": [ 8.375, 7.35, 16.125 ],
    "faces": {
        "down":  { "uv": [ 8.0625, 5.3125, 7.3125, 5.0625 ], "texture": "#texture" },
        "up":    { "uv": [ 7.625, 2.875, 8.375, 3.125 ], "texture": "#texture" },
        "north": { "uv": [ 8.375, 5.625, 7.625, 5.75 ], "texture": "#texture" },
        "south": { "uv": [ 7.625, 5.625, 8.375, 5.75 ], "texture": "#texture" },
        "west":  { "uv": [ 2.875, 5.625, 3.125, 5.75 ], "texture": "#texture" },
        "east":  { "uv": [ 3.125, 5.625, 2.875, 5.75 ], "texture": "#texture" }
    }
},
{
    "__comment": "Front",
    "from": [ 7.625, 7.1, 16.125 ],
    "to": [ 8.375, 7.225, 17.625 ],
    "faces": {
        "down":  { "uv": [ 8.125, 5.5, 7.125, 4.9375 ], "rotation": 90, "texture": "#texture" },
        "up":    { "uv": [ 7.625, 3.125, 8.375, 4.625 ], "texture": "#texture" },
        "north": { "uv": [ 8.375, 5.75, 7.625, 5.875 ], "texture": "#texture" },
        "south": { "uv": [ 7.625, 5.75, 8.375, 5.875 ], "texture": "#texture" },
        "west":  { "uv": [ 3.125, 5.75, 4.625, 5.875 ], "texture": "#texture" },
        "east":  { "uv": [ 4.625, 5.75, 3.125, 5.875 ], "texture": "#texture" }
    }
},
{
    "__comment": "Front",
    "from": [ 7.625, 7.225, 16.375 ],
    "to": [ 8.375, 7.35, 20.5 ],
    "faces": {
        "down":  { "uv": [ 7.625, 5.5, 3.8125, 5.0625 ], "rotation": 90, "texture": "#texture" },
        "up":    { "uv": [ 7.625, 3.375, 8.375, 7.5 ], "texture": "#texture" },
        "north": { "uv": [ 8.375, 5.625, 7.625, 5.75 ], "texture": "#texture" },
        "south": { "uv": [ 7.625, 5.625, 8.375, 5.75 ], "texture": "#texture" },
        "west":  { "uv": [ 3.375, 5.625, 7.5, 5.75 ], "texture": "#texture" },
        "east":  { "uv": [ 7.5, 5.625, 3.375, 5.75 ], "texture": "#texture" }
    }
},
{
    "__comment": "Nova",
    "from": [ 7.625, 5, 3.5 ],
    "to": [ 8.375, 5.75, 3.875 ],
    "faces": {
        "down":  { "uv": [ 8.375, 3.875, 7.625, 3.5 ], "texture": "#texture" },
        "south": { "uv": [ 7.625, 10.25, 8.375, 11 ], "texture": "#texture" },
        "west":  { "uv": [ 3.5, 10.25, 3.875, 11 ], "texture": "#texture" },
        "east":  { "uv": [ 3.875, 10.25, 3.5, 11 ], "texture": "#texture" }
    }
},
{
    "__comment": "Nova",
    "from": [ 7.625, 5.125, 3.875 ],
    "to": [ 8.375, 5.75, 4.125 ],
    "faces": {
        "down":  { "uv": [ 8.375, 4.125, 7.625, 3.875 ], "texture": "#texture" },
        "south": { "uv": [ 7.625, 10.25, 8.375, 10.875 ], "texture": "#texture" },
        "west":  { "uv": [ 3.875, 10.25, 4.125, 10.875 ], "texture": "#texture" },
        "east":  { "uv": [ 4.125, 10.25, 3.875, 10.875 ], "texture": "#texture" }
    }
},
{
    "__comment": "Nova",
    "from": [ 7.625, 5.25, 4.125 ],
    "to": [ 8.375, 5.75, 4.5 ],
    "faces": {
        "down":  { "uv": [ 7.625, 7.375, 6.875, 7 ], "texture": "#texture" },
        "south": { "uv": [ 7.625, 10.25, 8.375, 10.75 ], "texture": "#texture" },
        "west":  { "uv": [ 4.125, 10.25, 4.5, 10.75 ], "texture": "#texture" },
        "east":  { "uv": [ 4.5, 10.25, 4.125, 10.75 ], "texture": "#texture" }
    }
},
{
    "__comment": "Nova",
    "from": [ 7.625, 7.375, 4.25 ],
    "to": [ 8.375, 7.5, 6.75 ],
    "faces": {
        "up":    { "uv": [ 9.875, 14.4375, 12.4375, 15 ], "rotation": 90, "texture": "#texture" },
        "north": { "uv": [ 9.4375, 12.625, 8.6875, 12.75 ], "texture": "#texture" },
        "south": { "uv": [ 7.625, 8.5, 8.375, 8.625 ], "texture": "#texture" },
        "west":  { "uv": [ 4.25, 8.5, 6.75, 8.625 ], "texture": "#texture" },
        "east":  { "uv": [ 6.75, 8.5, 4.25, 8.625 ], "texture": "#texture" }
    }
},
{
    "__comment": "Nova",
    "from": [ 7.625, 5.375, 4.5 ],
    "to": [ 8.375, 5.75, 4.75 ],
    "faces": {
        "down":  { "uv": [ 8.25, 7, 7.5, 6.75 ], "texture": "#texture" },
        "south": { "uv": [ 7.625, 10.25, 8.375, 10.625 ], "texture": "#texture" },
        "west":  { "uv": [ 4.5, 10.25, 4.75, 10.625 ], "texture": "#texture" },
        "east":  { "uv": [ 4.75, 10.25, 4.5, 10.625 ], "texture": "#texture" }
    }
},
{
    "__comment": "Nova",
    "from": [ 7.625, 5.5, 4.75 ],
    "to": [ 8.375, 5.75, 5.125 ],
    "faces": {
        "down":  { "uv": [ 7.6875, 6.875, 6.9375, 6.5 ], "texture": "#texture" },
        "south": { "uv": [ 7.625, 10.25, 8.375, 10.5 ], "texture": "#texture" },
        "west":  { "uv": [ 4.75, 10.25, 5.125, 10.5 ], "texture": "#texture" },
        "east":  { "uv": [ 5.125, 10.25, 4.75, 10.5 ], "texture": "#texture" }
    }
},
{
    "__comment": "Nova",
    "from": [ 7.625, 5.625, 5.125 ],
    "to": [ 8.375, 5.75, 5.5 ],
    "faces": {
        "down":  { "uv": [ 7.875, 6.8125, 7.125, 6.4375 ], "texture": "#texture" },
        "south": { "uv": [ 7.625, 10.25, 8.375, 10.375 ], "texture": "#texture" },
        "west":  { "uv": [ 5.125, 10.25, 5.5, 10.375 ], "texture": "#texture" },
        "east":  { "uv": [ 5.5, 10.25, 5.125, 10.375 ], "texture": "#texture" }
    }
},
{
    "__comment": "Nova",
    "from": [ 7.625, 7.5, 5.625 ],
    "to": [ 8.375, 7.625, 6.625 ],
    "faces": {
        "up":    { "uv": [ 10.3125, 11.3125, 11, 12.3125 ], "texture": "#texture" },
        "north": { "uv": [ 9.4375, 12.75, 8.6875, 12.875 ], "texture": "#texture" },
        "south": { "uv": [ 10.8125, 8.3125, 11.5625, 8.4375 ], "texture": "#texture" },
        "west":  { "uv": [ 5.625, 8.375, 6.625, 8.5 ], "texture": "#texture" },
        "east":  { "uv": [ 6.625, 8.375, 5.625, 8.5 ], "texture": "#texture" }
    }
},
{
    "__comment": "Nova",
    "from": [ 7.625, 5.875, 5.75 ],
    "to": [ 8.375, 7, 6.125 ],
    "faces": {
        "down":  { "uv": [ 7.75, 6.875, 7, 6.5 ], "texture": "#texture" },
        "south": { "uv": [ 8.875, 9.875, 9.625, 11 ], "texture": "#texture" },
        "west":  { "uv": [ 5.75, 9, 6.125, 10.125 ], "texture": "#texture" },
        "east":  { "uv": [ 6.125, 9, 5.75, 10.125 ], "texture": "#texture" }
    }
},
{
    "__comment": "Front",
    "from": [ 7.625, 7.35, 19 ],
    "to": [ 8.375, 7.475, 23.25 ],
    "faces": {
        "down":  { "uv": [ 7.3125, 5.5, 3.9375, 5.1875 ], "texture": "#texture" },
        "up":    { "uv": [ 4.875, 5, 8.5, 5.5 ], "rotation": 90, "texture": "#texture" },
        "north": { "uv": [ 8.375, 5.5, 7.625, 5.625 ], "texture": "#texture" },
        "south": { "uv": [ 7.625, 5.5, 8.375, 5.625 ], "texture": "#texture" },
        "west":  { "uv": [ 6, 5.5, 10.25, 5.625 ], "texture": "#texture" },
        "east":  { "uv": [ 10.25, 5.5, 6, 5.625 ], "texture": "#texture" }
    }
},
{
    "__comment": "Nova",
    "from": [ 7.625, 6, 6.125 ],
    "to": [ 8.375, 7, 7.875 ],
    "faces": {
        "down":  { "uv": [ 9.5, 12.9375, 8.75, 11.1875 ], "texture": "#texture" },
        "south": { "uv": [ 8.5, 12.0625, 9.25, 13.0625 ], "texture": "#texture" },
        "west":  { "uv": [ 6.125, 9, 7.875, 10 ], "texture": "#texture" },
        "east":  { "uv": [ 7.875, 9, 6.125, 10 ], "texture": "#texture" }
    }
},
{
    "__comment": "Nova",
    "from": [ 7.625, 5.875, 6.375 ],
    "to": [ 8.375, 6, 7.75 ],
    "faces": {
        "down":  { "uv": [ 8.375, 7.75, 7.625, 6.375 ], "texture": "#texture" },
        "north": { "uv": [ 3.3125, 10.25, 2.5625, 10.375 ], "texture": "#texture" },
        "south": { "uv": [ 8.5625, 12.8125, 9.3125, 12.9375 ], "texture": "#texture" },
        "west":  { "uv": [ 6.375, 10, 7.75, 10.125 ], "texture": "#texture" },
        "east":  { "uv": [ 7.75, 10, 6.375, 10.125 ], "texture": "#texture" }
    }
},
{
    "__comment": "Nova",
    "from": [ 7.625, 5.75, 6.5 ],
    "to": [ 8.375, 5.875, 7.75 ],
    "faces": {
        "down":  { "uv": [ 9.3125, 12.875, 8.5625, 11.625 ], "texture": "#texture" },
        "north": { "uv": [ 4.875, 9, 4.125, 9.125 ], "texture": "#texture" },
        "south": { "uv": [ 8.8125, 12.6875, 9.5625, 12.8125 ], "texture": "#texture" },
        "west":  { "uv": [ 6.5, 10.125, 7.75, 10.25 ], "texture": "#texture" },
        "east":  { "uv": [ 7.75, 10.125, 6.5, 10.25 ], "texture": "#texture" }
    }
},
{
    "__comment": "Nova",
    "from": [ 7.625, 7.375, 7.375 ],
    "to": [ 8.375, 7.5, 16 ],
    "faces": {
        "up":    { "uv": [ 7.0625, 7.25, 7.8125, 15.875 ], "rotation": 180, "texture": "#texture" },
        "north": { "uv": [ 8.375, 8.5, 7.625, 8.625 ], "texture": "#texture" },
        "south": { "uv": [ 7.625, 8.5, 8.375, 8.625 ], "texture": "#texture" },
        "west":  { "uv": [ 7.375, 8.5, 16, 8.625 ], "texture": "#texture" },
        "east":  { "uv": [ 16, 8.5, 7.375, 8.625 ], "texture": "#texture" }
    }
},
{
    "__comment": "Nova",
    "from": [ 7.625, 7.5, 7.75 ],
    "to": [ 8.375, 7.625, 16 ],
    "faces": {
        "up":    { "uv": [ 7.125, 7.625, 7.875, 15.875 ], "rotation": 180, "texture": "#texture" },
        "north": { "uv": [ 8.375, 8.375, 7.625, 8.5 ], "texture": "#texture" },
        "south": { "uv": [ 7.625, 8.375, 8.375, 8.5 ], "texture": "#texture" },
        "west":  { "uv": [ 7.75, 8.375, 16, 8.5 ], "texture": "#texture" },
        "east":  { "uv": [ 16, 8.375, 7.75, 8.5 ], "texture": "#texture" }
    }
},
{
    "__comment": "Nova",
    "from": [ 7.625, 6.375, 7.875 ],
    "to": [ 8.375, 7, 8 ],
    "faces": {
        "down":  { "uv": [ 9.125, 12.875, 8.375, 12.75 ], "texture": "#texture" },
        "south": { "uv": [ 8.4375, 12.25, 9.1875, 12.875 ], "texture": "#texture" },
        "west":  { "uv": [ 7.875, 9, 8, 9.625 ], "texture": "#texture" },
        "east":  { "uv": [ 8, 9, 7.875, 9.625 ], "texture": "#texture" }
    }
},
{
    "__comment": "Nova",
    "from": [ 7.625, 6.5, 8 ],
    "to": [ 8.375, 7, 8.125 ],
    "faces": {
        "down":  { "uv": [ 9.3125, 12.875, 8.5625, 12.75 ], "texture": "#texture" },
        "south": { "uv": [ 8.625, 12.375, 9.375, 12.875 ], "texture": "#texture" },
        "west":  { "uv": [ 8, 9, 8.125, 9.5 ], "texture": "#texture" },
        "east":  { "uv": [ 8.125, 9, 8, 9.5 ], "texture": "#texture" }
    }
},
{
    "__comment": "Nova",
    "from": [ 7.625, 7.625, 8 ],
    "to": [ 8.375, 7.75, 16 ],
    "faces": {
        "up":    { "uv": [ 7.0625, 7.875, 7.8125, 15.875 ], "rotation": 180, "texture": "#texture" },
        "north": { "uv": [ 8.375, 8.25, 7.625, 8.375 ], "texture": "#texture" },
        "south": { "uv": [ 7.625, 8.25, 8.375, 8.375 ], "texture": "#texture" },
        "west":  { "uv": [ 8, 8.25, 16, 8.375 ], "texture": "#texture" },
        "east":  { "uv": [ 16, 8.25, 8, 8.375 ], "texture": "#texture" }
    }
},
{
    "__comment": "Nova",
    "from": [ 7.625, 6.625, 8.125 ],
    "to": [ 8.375, 7, 8.25 ],
    "faces": {
        "down":  { "uv": [ 9.3125, 12.8125, 8.5625, 12.6875 ], "texture": "#texture" },
        "south": { "uv": [ 8.5625, 12.6875, 9.3125, 13.0625 ], "texture": "#texture" },
        "west":  { "uv": [ 8.125, 9, 8.25, 9.375 ], "texture": "#texture" },
        "east":  { "uv": [ 8.25, 9, 8.125, 9.375 ], "texture": "#texture" }
    }
},
{
    "__comment": "Nova",
    "from": [ 7.625, 6.75, 8.25 ],
    "to": [ 8.375, 7, 8.375 ],
    "faces": {
        "down":  { "uv": [ 9.5625, 12.9375, 8.8125, 12.8125 ], "texture": "#texture" },
        "south": { "uv": [ 8.875, 12.75, 9.625, 13 ], "texture": "#texture" },
        "west":  { "uv": [ 8.25, 9, 8.375, 9.25 ], "texture": "#texture" },
        "east":  { "uv": [ 8.375, 9, 8.25, 9.25 ], "texture": "#texture" }
    }
},
{
    "__comment": "Nova",
    "from": [ 7.625, 6.875, 8.375 ],
    "to": [ 8.375, 7, 8.625 ],
    "faces": {
        "down":  { "uv": [ 8.3125, 13.9375, 8.1875, 13.375 ], "rotation": 270, "texture": "#texture" },
        "south": { "uv": [ 6.8125, 13.5625, 7.5625, 13.6875 ], "texture": "#texture" },
        "west":  { "uv": [ 8.375, 9, 8.625, 9.125 ], "texture": "#texture" },
        "east":  { "uv": [ 8.625, 9, 8.375, 9.125 ], "texture": "#texture" }
    }
},
{
    "__comment": "Nova",
    "from": [ 7.625, 7.75, 8.375 ],
    "to": [ 8.375, 7.875, 16 ],
    "faces": {
        "up":    { "uv": [ 7.625, 8.375, 8.375, 16 ], "texture": "#texture" },
        "north": { "uv": [ 8.875, 8.375, 8.125, 8.5 ], "texture": "#texture" },
        "south": { "uv": [ 7.625, 8.125, 8.375, 8.25 ], "texture": "#texture" },
        "west":  { "uv": [ 8.375, 8.125, 16, 8.25 ], "texture": "#texture" },
        "east":  { "uv": [ 16, 8.125, 8.375, 8.25 ], "texture": "#texture" }
    }
},
{
    "__comment": "Nova",
    "from": [ 7.625, 7.875, 8.625 ],
    "to": [ 8.375, 8, 16 ],
    "faces": {
        "up":    { "uv": [ 7.25, 8.375, 8, 15.75 ], "rotation": 180, "texture": "#texture" },
        "north": { "uv": [ 9.125, 8.375, 8.375, 8.5 ], "texture": "#texture" },
        "south": { "uv": [ 7.625, 8, 8.375, 8.125 ], "texture": "#texture" },
        "west":  { "uv": [ 8.625, 8, 16, 8.125 ], "texture": "#texture" },
        "east":  { "uv": [ 16, 8, 8.625, 8.125 ], "texture": "#texture" }
    }
},
{
    "__comment": "Nova",
    "from": [ 7.625, 8, 8.875 ],
    "to": [ 8.375, 8.125, 16 ],
    "faces": {
        "up":    { "uv": [ 7.3125, 8.6875, 8.0625, 15.8125 ], "rotation": 180, "texture": "#texture" },
        "north": { "uv": [ 9.25, 8.375, 8.5, 8.5 ], "texture": "#texture" },
        "south": { "uv": [ 7.625, 7.875, 8.375, 8 ], "texture": "#texture" },
        "west":  { "uv": [ 8.875, 7.875, 16, 8 ], "texture": "#texture" },
        "east":  { "uv": [ 16, 7.875, 8.875, 8 ], "texture": "#texture" }
    }
},
{
    "__comment": "Nova",
    "from": [ 7.625, 8.125, 9.125 ],
    "to": [ 8.375, 8.25, 16 ],
    "faces": {
        "up":    { "uv": [ 6.875, 9, 7.625, 15.875 ], "rotation": 180, "texture": "#texture" },
        "north": { "uv": [ 7.625, 12.8125, 6.875, 12.9375 ], "texture": "#texture" },
        "south": { "uv": [ 7.0625, 12.8125, 7.8125, 12.9375 ], "texture": "#texture" },
        "west":  { "uv": [ 9.125, 7.75, 16, 7.875 ], "texture": "#texture" },
        "east":  { "uv": [ 16, 7.75, 9.125, 7.875 ], "texture": "#texture" }
    }
},
{
    "__comment": "Front",
    "from": [ 7.625, 7.475, 22.125 ],
    "to": [ 8.375, 7.6, 23.375 ],
    "faces": {
        "down":  { "uv": [ 7.5, 5.25, 6.75, 4 ], "texture": "#texture" },
        "up":    { "uv": [ 7.625, 9.125, 8.375, 10.375 ], "texture": "#texture" },
        "north": { "uv": [ 8.375, 5.375, 7.625, 5.5 ], "texture": "#texture" },
        "south": { "uv": [ 7.625, 5.375, 8.375, 5.5 ], "texture": "#texture" },
        "west":  { "uv": [ 9.125, 5.375, 10.375, 5.5 ], "texture": "#texture" },
        "east":  { "uv": [ 10.375, 5.375, 9.125, 5.5 ], "texture": "#texture" }
    }
},
{
    "__comment": "Nova",
    "from": [ 7.625, 8.25, 9.375 ],
    "to": [ 8.375, 8.375, 16 ],
    "faces": {
        "up":    { "uv": [ 7.125, 9.25, 7.875, 15.875 ], "rotation": 180, "texture": "#texture" },
        "north": { "uv": [ 7.8125, 12.875, 7.0625, 13 ], "texture": "#texture" },
        "south": { "uv": [ 7.625, 7.625, 8.375, 7.75 ], "texture": "#texture" },
        "west":  { "uv": [ 9.375, 7.625, 16, 7.75 ], "texture": "#texture" },
        "east":  { "uv": [ 16, 7.625, 9.375, 7.75 ], "texture": "#texture" }
    }
},
{
    "__comment": "Nova",
    "from": [ 7.625, 8.375, 9.625 ],
    "to": [ 8.375, 8.5, 16 ],
    "faces": {
        "up":    { "uv": [ 8.375, 9.5, 9.125, 15.875 ], "rotation": 180, "texture": "#texture" },
        "north": { "uv": [ 9.3125, 12.75, 8.5625, 12.875 ], "texture": "#texture" },
        "south": { "uv": [ 7.625, 7.5, 8.375, 7.625 ], "texture": "#texture" },
        "west":  { "uv": [ 9.625, 7.5, 16, 7.625 ], "texture": "#texture" },
        "east":  { "uv": [ 16, 7.5, 9.625, 7.625 ], "texture": "#texture" }
    }
},
{
    "__comment": "Nova",
    "from": [ 7.625, 8.5, 9.75 ],
    "to": [ 8.375, 8.625, 16 ],
    "faces": {
        "up":    { "uv": [ 8.4375, 9.5625, 9.1875, 15.8125 ], "rotation": 180, "texture": "#texture" },
        "north": { "uv": [ 9.375, 12.6875, 8.625, 12.8125 ], "texture": "#texture" },
        "south": { "uv": [ 7.625, 7.375, 8.375, 7.5 ], "texture": "#texture" },
        "west":  { "uv": [ 9.75, 7.375, 16, 7.5 ], "texture": "#texture" },
        "east":  { "uv": [ 16, 7.375, 9.75, 7.5 ], "texture": "#texture" }
    }
},
{
    "__comment": "Nova",
    "from": [ 7.625, 8.625, 10 ],
    "to": [ 8.375, 8.75, 16 ],
    "faces": {
        "up":    { "uv": [ 13.125, 0, 13.875, 6 ], "rotation": 180, "texture": "#texture" },
        "north": { "uv": [ 13.75, 5.8125, 13, 5.9375 ], "texture": "#texture" },
        "south": { "uv": [ 7.625, 7.25, 8.375, 7.375 ], "texture": "#texture" },
        "west":  { "uv": [ 10, 7.25, 16, 7.375 ], "texture": "#texture" },
        "east":  { "uv": [ 16, 7.25, 10, 7.375 ], "texture": "#texture" }
    }
},
{
    "__comment": "Nova",
    "from": [ 7.625, 8.75, 10.125 ],
    "to": [ 8.375, 8.875, 16 ],
    "faces": {
        "up":    { "uv": [ 10.375, 7.0625, 16, 7.25 ], "rotation": 90, "texture": "#texture" },
        "north": { "uv": [ 13.9375, 5.9375, 13.1875, 6.0625 ], "texture": "#texture" },
        "south": { "uv": [ 7.625, 7.125, 8.375, 7.25 ], "texture": "#texture" },
        "west":  { "uv": [ 10.125, 7.125, 16, 7.25 ], "texture": "#texture" },
        "east":  { "uv": [ 16, 7.125, 10.125, 7.25 ], "texture": "#texture" }
    }
},
{
    "__comment": "Front",
    "from": [ 7.625, 7.6, 24 ],
    "to": [ 8.375, 8.1, 24.75 ],
    "faces": {
        "down":  { "uv": [ 1.25, 6.25, 0.5, 5.5 ], "texture": "#texture" },
        "up":    { "uv": [ 0.5, 4.9375, 1.25, 5.6875 ], "texture": "#texture" },
        "north": { "uv": [ 1.25, 4.375, 0.5, 4.875 ], "texture": "#texture" },
        "south": { "uv": [ 0.5, 4.0625, 1.25, 4.5625 ], "texture": "#texture" },
        "west":  { "uv": [ 11, 4.875, 11.75, 5.375 ], "texture": "#texture" },
        "east":  { "uv": [ 11.75, 4.875, 11, 5.375 ], "texture": "#texture" }
    }
},
{
    "__comment": "Nova",
    "from": [ 7.75, 7, 0 ],
    "to": [ 8.25, 7.125, 0.125 ],
    "faces": {
        "up":    { "uv": [ 2.5, 12.1875, 3, 12.4375 ], "texture": "#texture" },
        "north": { "uv": [ 9.1875, 13.875, 8.6875, 14 ], "texture": "#texture" },
        "west":  { "uv": [ 0, 8.875, 0.125, 9 ], "texture": "#texture" },
        "east":  { "uv": [ 0.125, 8.875, 0, 9 ], "texture": "#texture" }
    }
},
{
    "__comment": "Nova",
    "from": [ 7.75, 7.125, 0.125 ],
    "to": [ 8.25, 7.25, 1.5 ],
    "faces": {
        "up":    { "uv": [ 6.625, 12.5, 9.375, 13.0625 ], "rotation": 270, "texture": "#texture" },
        "north": { "uv": [ 9.1875, 12.875, 8.6875, 13 ], "texture": "#texture" },
        "west":  { "uv": [ 7.375, 12.875, 8.75, 13 ], "rotation": 180, "texture": "#texture" },
        "east":  { "uv": [ 8.75, 12.6875, 7.375, 12.8125 ], "rotation": 180, "texture": "#texture" }
    }
},
{
    "__comment": "Nova",
    "from": [ 7.75, 3.75, 0.625 ],
    "to": [ 8.25, 3.875, 0.875 ],
    "faces": {
        "down":  { "uv": [ 3.0625, 15.9375, 2.5625, 15.6875 ], "texture": "#texture" },
        "south": { "uv": [ 2.625, 15.75, 3.125, 15.875 ], "texture": "#texture" },
        "west":  { "uv": [ 0.625, 12.125, 0.875, 12.25 ], "texture": "#texture" },
        "east":  { "uv": [ 0.875, 12.125, 0.625, 12.25 ], "texture": "#texture" }
    }
},
{
    "__comment": "Nova",
    "from": [ 7.75, 3.875, 0.875 ],
    "to": [ 8.25, 4, 1.25 ],
    "faces": {
        "down":  { "uv": [ 8.25, 1.25, 7.75, 0.875 ], "texture": "#texture" },
        "south": { "uv": [ 7.75, 12, 8.25, 12.125 ], "texture": "#texture" },
        "west":  { "uv": [ 0.875, 12, 1.25, 12.125 ], "texture": "#texture" },
        "east":  { "uv": [ 1.25, 12, 0.875, 12.125 ], "texture": "#texture" }
    }
},
{
    "__comment": "Nova",
    "from": [ 7.75, 7.25, 1 ],
    "to": [ 8.25, 7.375, 2.875 ],
    "faces": {
        "down":  { "uv": [ 10.875, 14.375, 10.375, 12.5 ], "texture": "#texture" },
        "up":    { "uv": [ 5.1875, 14.5, 7.625, 15 ], "rotation": 270, "texture": "#texture" },
        "north": { "uv": [ 6.625, 14.625, 6.125, 14.75 ], "texture": "#texture" },
        "west":  { "uv": [ 1, 8.625, 2.875, 8.75 ], "texture": "#texture" },
        "east":  { "uv": [ 2.875, 8.625, 1, 8.75 ], "texture": "#texture" }
    }
},
{
    "__comment": "Nova",
    "from": [ 7.75, 4, 1.25 ],
    "to": [ 8.25, 4.125, 1.5 ],
    "faces": {
        "down":  { "uv": [ 8.25, 1.5, 7.75, 1.25 ], "texture": "#texture" },
        "south": { "uv": [ 7.75, 11.875, 8.25, 12 ], "texture": "#texture" },
        "west":  { "uv": [ 1.25, 11.875, 1.5, 12 ], "texture": "#texture" },
        "east":  { "uv": [ 1.5, 11.875, 1.25, 12 ], "texture": "#texture" }
    }
},
{
    "__comment": "Nova",
    "from": [ 7.75, 4.125, 1.625 ],
    "to": [ 8.25, 4.25, 1.875 ],
    "faces": {
        "down":  { "uv": [ 8.25, 1.875, 7.75, 1.625 ], "texture": "#texture" },
        "south": { "uv": [ 7.75, 11.75, 8.25, 11.875 ], "texture": "#texture" },
        "west":  { "uv": [ 1.625, 11.75, 1.875, 11.875 ], "texture": "#texture" },
        "east":  { "uv": [ 1.875, 11.75, 1.625, 11.875 ], "texture": "#texture" }
    }
},
{
    "__comment": "Nova",
    "from": [ 7.75, 4.25, 1.875 ],
    "to": [ 8.25, 4.375, 2.125 ],
    "faces": {
        "down":  { "uv": [ 8.25, 2.125, 7.75, 1.875 ], "texture": "#texture" },
        "south": { "uv": [ 7.75, 11.625, 8.25, 11.75 ], "texture": "#texture" },
        "west":  { "uv": [ 1.875, 11.625, 2.125, 11.75 ], "texture": "#texture" },
        "east":  { "uv": [ 2.125, 11.625, 1.875, 11.75 ], "texture": "#texture" }
    }
},
{
    "__comment": "Nova",
    "from": [ 7.75, 4.375, 2.25 ],
    "to": [ 8.25, 4.5, 2.5 ],
    "faces": {
        "down":  { "uv": [ 8.25, 2.5, 7.75, 2.25 ], "texture": "#texture" },
        "south": { "uv": [ 7.75, 11.5, 8.25, 11.625 ], "texture": "#texture" },
        "west":  { "uv": [ 2.25, 11.5, 2.5, 11.625 ], "texture": "#texture" },
        "east":  { "uv": [ 2.5, 11.5, 2.25, 11.625 ], "texture": "#texture" }
    }
},
{
    "__comment": "Nova",
    "from": [ 7.75, 7.375, 2.375 ],
    "to": [ 8.25, 7.5, 4.25 ],
    "faces": {
        "down":  { "uv": [ 10.875, 13.0625, 10.375, 11.1875 ], "texture": "#texture" },
        "up":    { "uv": [ 5.0625, 14.375, 7.0625, 14.875 ], "rotation": 270, "texture": "#texture" },
        "north": { "uv": [ 2.6875, 9.125, 2.1875, 9.25 ], "texture": "#texture" },
        "west":  { "uv": [ 2.375, 8.5, 4.25, 8.625 ], "texture": "#texture" },
        "east":  { "uv": [ 4.25, 8.5, 2.375, 8.625 ], "texture": "#texture" }
    }
},
{
    "__comment": "Nova",
    "from": [ 7.75, 4.5, 2.5 ],
    "to": [ 8.25, 4.625, 2.875 ],
    "faces": {
        "down":  { "uv": [ 8.25, 2.875, 7.75, 2.5 ], "texture": "#texture" },
        "south": { "uv": [ 7.75, 11.375, 8.25, 11.5 ], "texture": "#texture" },
        "west":  { "uv": [ 2.5, 11.375, 2.875, 11.5 ], "texture": "#texture" },
        "east":  { "uv": [ 2.875, 11.375, 2.5, 11.5 ], "texture": "#texture" }
    }
},
{
    "__comment": "Nova",
    "from": [ 7.75, 4.625, 2.875 ],
    "to": [ 8.25, 4.75, 3.125 ],
    "faces": {
        "down":  { "uv": [ 8.25, 3.125, 7.75, 2.875 ], "texture": "#texture" },
        "south": { "uv": [ 7.75, 11.25, 8.25, 11.375 ], "texture": "#texture" },
        "west":  { "uv": [ 2.875, 11.25, 3.125, 11.375 ], "texture": "#texture" },
        "east":  { "uv": [ 3.125, 11.25, 2.875, 11.375 ], "texture": "#texture" }
    }
},
{
    "__comment": "Front",
    "from": [ 7.75, 7.1, 16 ],
    "to": [ 8.25, 7.225, 16.125 ],
    "faces": {
        "down":  { "uv": [ 8.25, 5.25, 7.75, 5.125 ], "texture": "#texture" },
        "up":    { "uv": [ 7.75, 3, 8.25, 3.125 ], "texture": "#texture" },
        "north": { "uv": [ 8, 5.375, 7.5, 5.5 ], "texture": "#texture" },
        "south": { "uv": [ 7.75, 5.75, 8.25, 5.875 ], "texture": "#texture" },
        "west":  { "uv": [ 3, 5.75, 3.125, 5.875 ], "texture": "#texture" },
        "east":  { "uv": [ 3.125, 5.75, 3, 5.875 ], "texture": "#texture" }
    }
},
{
    "__comment": "Front",
    "from": [ 7.75, 6.975, 16.125 ],
    "to": [ 8.25, 7.1, 16.875 ],
    "faces": {
        "down":  { "uv": [ 8, 5.5625, 7.5, 4.8125 ], "texture": "#texture" },
        "up":    { "uv": [ 7.75, 3.125, 8.25, 3.875 ], "texture": "#texture" },
        "north": { "uv": [ 7.25, 5.5, 6.75, 5.625 ], "texture": "#texture" },
        "south": { "uv": [ 7.4375, 5.25, 7.9375, 5.375 ], "texture": "#texture" },
        "west":  { "uv": [ 3.125, 5.875, 3.875, 6 ], "texture": "#texture" },
        "east":  { "uv": [ 3.875, 5.875, 3.125, 6 ], "texture": "#texture" }
    }
},
{
    "__comment": "Nova",
    "from": [ 7.75, 4.75, 3.25 ],
    "to": [ 8.25, 4.875, 3.5 ],
    "faces": {
        "down":  { "uv": [ 8.25, 3.5, 7.75, 3.25 ], "texture": "#texture" },
        "south": { "uv": [ 7.75, 11.125, 8.25, 11.25 ], "texture": "#texture" },
        "west":  { "uv": [ 3.25, 11.125, 3.5, 11.25 ], "texture": "#texture" },
        "east":  { "uv": [ 3.5, 11.125, 3.25, 11.25 ], "texture": "#texture" }
    }
},
{
    "__comment": "Nova",
    "from": [ 7.75, 4.875, 3.5 ],
    "to": [ 8.25, 5, 3.75 ],
    "faces": {
        "down":  { "uv": [ 8.25, 3.75, 7.75, 3.5 ], "texture": "#texture" },
        "south": { "uv": [ 7.75, 11, 8.25, 11.125 ], "texture": "#texture" },
        "west":  { "uv": [ 3.5, 11, 3.75, 11.125 ], "texture": "#texture" },
        "east":  { "uv": [ 3.75, 11, 3.5, 11.125 ], "texture": "#texture" }
    }
},
{
    "__comment": "Nova",
    "from": [ 7.75, 7.5, 3.75 ],
    "to": [ 8.25, 7.625, 5.625 ],
    "faces": {
        "down":  { "uv": [ 10.875, 13.1875, 10.375, 11.3125 ], "texture": "#texture" },
        "up":    { "uv": [ 7.9375, 12.5, 9.8125, 13.0625 ], "rotation": 90, "texture": "#texture" },
        "north": { "uv": [ 8.25, 8.375, 7.75, 8.5 ], "texture": "#texture" },
        "west":  { "uv": [ 3.75, 8.375, 5.5, 8.5 ], "texture": "#texture" },
        "east":  { "uv": [ 5.5, 8.375, 3.75, 8.5 ], "texture": "#texture" }
    }
},
{
    "__comment": "Nova",
    "from": [ 7.75, 5, 3.875 ],
    "to": [ 8.25, 5.125, 4.125 ],
    "faces": {
        "down":  { "uv": [ 8.25, 4.125, 7.75, 3.875 ], "texture": "#texture" },
        "south": { "uv": [ 7.75, 10.875, 8.25, 11 ], "texture": "#texture" },
        "west":  { "uv": [ 3.875, 10.875, 4.125, 11 ], "texture": "#texture" },
        "east":  { "uv": [ 4.125, 10.875, 3.875, 11 ], "texture": "#texture" }
    }
},
{
    "__comment": "Nova",
    "from": [ 7.75, 5.125, 4.125 ],
    "to": [ 8.25, 5.25, 4.5 ],
    "faces": {
        "down":  { "uv": [ 7.625, 6.9375, 7.125, 6.5625 ], "texture": "#texture" },
        "south": { "uv": [ 7.75, 10.75, 8.25, 10.875 ], "texture": "#texture" },
        "west":  { "uv": [ 4.125, 10.75, 4.5, 10.875 ], "texture": "#texture" },
        "east":  { "uv": [ 4.5, 10.75, 4.125, 10.875 ], "texture": "#texture" }
    }
},
{
    "__comment": "Nova",
    "from": [ 7.75, 5.25, 4.5 ],
    "to": [ 8.25, 5.375, 4.75 ],
    "faces": {
        "down":  { "uv": [ 7.75, 6.875, 7.25, 6.625 ], "texture": "#texture" },
        "south": { "uv": [ 7.75, 10.625, 8.25, 10.75 ], "texture": "#texture" },
        "west":  { "uv": [ 4.5, 10.625, 4.75, 10.75 ], "texture": "#texture" },
        "east":  { "uv": [ 4.75, 10.625, 4.5, 10.75 ], "texture": "#texture" }
    }
},
{
    "__comment": "Front",
    "from": [ 7.75, 7.1, 17.625 ],
    "to": [ 8.25, 7.225, 19.5 ],
    "faces": {
        "down":  { "uv": [ 7.0625, 5.4375, 5.125, 5.0625 ], "rotation": 90, "texture": "#texture" },
        "up":    { "uv": [ 7.75, 4.625, 8.25, 6.5 ], "texture": "#texture" },
        "north": { "uv": [ 8.25, 5.75, 7.75, 5.875 ], "texture": "#texture" },
        "south": { "uv": [ 7.75, 5.75, 8.25, 5.875 ], "texture": "#texture" },
        "west":  { "uv": [ 4.625, 5.75, 6.5, 5.875 ], "texture": "#texture" },
        "east":  { "uv": [ 6.5, 5.75, 4.625, 5.875 ], "texture": "#texture" }
    }
},
{
    "__comment": "Nova",
    "from": [ 7.75, 5.375, 4.75 ],
    "to": [ 8.25, 5.5, 5.125 ],
    "faces": {
        "down":  { "uv": [ 7.6875, 6.75, 7.1875, 6.375 ], "texture": "#texture" },
        "south": { "uv": [ 7.75, 10.5, 8.25, 10.625 ], "texture": "#texture" },
        "west":  { "uv": [ 4.75, 10.5, 5.125, 10.625 ], "texture": "#texture" },
        "east":  { "uv": [ 5.125, 10.5, 4.75, 10.625 ], "texture": "#texture" }
    }
},
{
    "__comment": "Nova",
    "from": [ 7.75, 5.5, 5.125 ],
    "to": [ 8.25, 5.625, 5.375 ],
    "faces": {
        "down":  { "uv": [ 7.9375, 7.25, 7.4375, 7 ], "texture": "#texture" },
        "south": { "uv": [ 7.75, 10.375, 8.25, 10.5 ], "texture": "#texture" },
        "west":  { "uv": [ 5.125, 10.375, 5.375, 10.5 ], "texture": "#texture" },
        "east":  { "uv": [ 5.375, 10.375, 5.125, 10.5 ], "texture": "#texture" }
    }
},
{
    "__comment": "Nova",
    "from": [ 7.75, 7.625, 5.125 ],
    "to": [ 8.25, 7.75, 6.75 ],
    "faces": {
        "down":  { "uv": [ 8.25, 6.75, 7.75, 5.125 ], "texture": "#texture" },
        "up":    { "uv": [ 9, 12.5625, 10.6875, 13.0625 ], "rotation": 90, "texture": "#texture" },
        "north": { "uv": [ 8.875, 12.625, 8.375, 12.75 ], "texture": "#texture" },
        "south": { "uv": [ 6.9375, 7.9375, 7.4375, 8.0625 ], "texture": "#texture" },
        "west":  { "uv": [ 5.125, 8.25, 6.75, 8.375 ], "texture": "#texture" },
        "east":  { "uv": [ 6.75, 8.25, 5.125, 8.375 ], "texture": "#texture" }
    }
},
{
    "__comment": "Nova",
    "from": [ 7.75, 5.625, 5.5 ],
    "to": [ 8.25, 5.75, 5.75 ],
    "faces": {
        "down":  { "uv": [ 7.625, 6.875, 7.125, 6.625 ], "texture": "#texture" },
        "south": { "uv": [ 7.75, 10.25, 8.25, 10.375 ], "texture": "#texture" },
        "west":  { "uv": [ 5.5, 10.25, 5.75, 10.375 ], "texture": "#texture" },
        "east":  { "uv": [ 5.75, 10.25, 5.5, 10.375 ], "texture": "#texture" }
    }
},
{
    "__comment": "Nova",
    "from": [ 7.75, 5.75, 5.75 ],
    "to": [ 8.25, 5.875, 6 ],
    "faces": {
        "down":  { "uv": [ 8.1875, 6.75, 7.6875, 6.5 ], "texture": "#texture" },
        "south": { "uv": [ 8.125, 10.125, 8.625, 10.25 ], "texture": "#texture" },
        "west":  { "uv": [ 5.75, 10.125, 6, 10.25 ], "texture": "#texture" },
        "east":  { "uv": [ 6, 10.125, 5.75, 10.25 ], "texture": "#texture" }
    }
},
{
    "__comment": "Nova",
    "from": [ 7.75, 5.875, 6.125 ],
    "to": [ 8.25, 6, 6.375 ],
    "faces": {
        "down":  { "uv": [ 8.25, 6.375, 7.75, 6.125 ], "texture": "#texture" },
        "west":  { "uv": [ 6.125, 10, 6.375, 10.125 ], "texture": "#texture" },
        "east":  { "uv": [ 6.375, 10, 6.125, 10.125 ], "texture": "#texture" }
    }
},
{
    "__comment": "Nova",
    "from": [ 7.75, 5.75, 6.375 ],
    "to": [ 8.25, 5.875, 6.5 ],
    "faces": {
        "down":  { "uv": [ 8.25, 6.5, 7.75, 6.375 ], "texture": "#texture" },
        "north": { "uv": [ 8.25, 10.125, 7.75, 10.25 ], "texture": "#texture" },
        "west":  { "uv": [ 6.375, 10.125, 6.5, 10.25 ], "texture": "#texture" },
        "east":  { "uv": [ 6.5, 10.125, 6.375, 10.25 ], "texture": "#texture" }
    }
},
{
    "__comment": "Nova",
    "from": [ 7.75, 7.75, 6.5 ],
    "to": [ 8.25, 7.875, 6.625 ],
    "faces": {
        "up":    { "uv": [ 7.75, 6.5, 8.25, 6.625 ], "texture": "#texture" },
        "north": { "uv": [ 7.5625, 7.8125, 7.0625, 7.9375 ], "texture": "#texture" },
        "south": { "uv": [ 6.8125, 7.875, 7.3125, 8 ], "texture": "#texture" },
        "west":  { "uv": [ 6.5, 8.125, 6.625, 8.25 ], "texture": "#texture" },
        "east":  { "uv": [ 6.625, 8.125, 6.5, 8.25 ], "texture": "#texture" }
    }
},
{
    "__comment": "Nova",
    "from": [ 7.75, 7.5, 6.625 ],
    "to": [ 8.25, 7.625, 6.875 ],
    "faces": {
        "down":  { "uv": [ 8.25, 6.875, 7.75, 6.625 ], "texture": "#texture" },
        "up":    { "uv": [ 10.3125, 11.5625, 10.8125, 11.8125 ], "texture": "#texture" },
        "south": { "uv": [ 7.75, 8.375, 8.25, 8.5 ], "texture": "#texture" },
        "west":  { "uv": [ 6.625, 8.375, 6.875, 8.5 ], "texture": "#texture" },
        "east":  { "uv": [ 6.875, 8.375, 6.625, 8.5 ], "texture": "#texture" }
    }
},
{
    "__comment": "Nova",
    "from": [ 7.75, 7.375, 6.75 ],
    "to": [ 8.25, 7.5, 7.375 ],
    "faces": {
        "up":    { "uv": [ 2.8125, 8.6875, 3.3125, 9.3125 ], "texture": "#texture" },
        "west":  { "uv": [ 6.75, 8.5, 7.375, 8.625 ], "texture": "#texture" },
        "east":  { "uv": [ 7.375, 8.5, 6.75, 8.625 ], "texture": "#texture" }
    }
},
{
    "__comment": "Nova",
    "from": [ 7.75, 7.5, 7.125 ],
    "to": [ 8.25, 7.625, 7.75 ],
    "faces": {
        "down":  { "uv": [ 8.25, 7.75, 7.75, 7.125 ], "texture": "#texture" },
        "up":    { "uv": [ 2.375, 8.875, 2.875, 9.5 ], "texture": "#texture" },
        "north": { "uv": [ 8.25, 8.375, 7.75, 8.5 ], "texture": "#texture" },
        "west":  { "uv": [ 7.125, 8.375, 7.75, 8.5 ], "texture": "#texture" },
        "east":  { "uv": [ 7.75, 8.375, 7.125, 8.5 ], "texture": "#texture" }
    }
},
{
    "__comment": "Front",
    "from": [ 7.75, 7.225, 20.5 ],
    "to": [ 8.25, 7.35, 22.625 ],
    "faces": {
        "down":  { "uv": [ 6.3125, 5.4375, 4.375, 5.125 ], "rotation": 90, "texture": "#texture" },
        "up":    { "uv": [ 7.75, 7.5, 8.25, 9.625 ], "texture": "#texture" },
        "north": { "uv": [ 8.25, 5.625, 7.75, 5.75 ], "texture": "#texture" },
        "south": { "uv": [ 7.75, 5.625, 8.25, 5.75 ], "texture": "#texture" },
        "west":  { "uv": [ 7.5, 5.625, 9.625, 5.75 ], "texture": "#texture" },
        "east":  { "uv": [ 9.625, 5.625, 7.5, 5.75 ], "texture": "#texture" }
    }
},
{
    "__comment": "Nova",
    "from": [ 7.75, 7.625, 7.625 ],
    "to": [ 8.25, 7.75, 8 ],
    "faces": {
        "down":  { "uv": [ 8.25, 8, 7.75, 7.625 ], "texture": "#texture" },
        "up":    { "uv": [ 2, 8.8125, 2.5, 9.1875 ], "texture": "#texture" },
        "north": { "uv": [ 8.25, 8.25, 7.75, 8.375 ], "texture": "#texture" },
        "west":  { "uv": [ 7.625, 8.25, 8, 8.375 ], "texture": "#texture" },
        "east":  { "uv": [ 8, 8.25, 7.625, 8.375 ], "texture": "#texture" }
    }
},
{
    "__comment": "Nova",
    "from": [ 7.75, 7.75, 7.875 ],
    "to": [ 8.25, 7.875, 8.375 ],
    "faces": {
        "down":  { "uv": [ 2.6875, 9.3125, 2.1875, 8.8125 ], "texture": "#texture" },
        "up":    { "uv": [ 2.0625, 8.75, 2.5625, 9.25 ], "texture": "#texture" },
        "north": { "uv": [ 8.25, 8.125, 7.75, 8.25 ], "texture": "#texture" },
        "west":  { "uv": [ 7.875, 8.125, 8.375, 8.25 ], "texture": "#texture" },
        "east":  { "uv": [ 8.375, 8.125, 7.875, 8.25 ], "texture": "#texture" }
    }
},
{
    "__comment": "Nova",
    "from": [ 7.75, 7.875, 8.25 ],
    "to": [ 8.25, 8, 8.625 ],
    "faces": {
        "down":  { "uv": [ 8.25, 8.625, 7.75, 8.25 ], "texture": "#texture" },
        "up":    { "uv": [ 8.3125, 13.5, 8.8125, 13.875 ], "rotation": 90, "texture": "#texture" },
        "north": { "uv": [ 9.1875, 13.6875, 8.6875, 13.8125 ], "texture": "#texture" },
        "west":  { "uv": [ 8.25, 8, 8.625, 8.125 ], "texture": "#texture" },
        "east":  { "uv": [ 8.625, 8, 8.25, 8.125 ], "texture": "#texture" }
    }
},
{
    "__comment": "Nova",
    "from": [ 7.75, 8, 8.5 ],
    "to": [ 8.25, 8.125, 8.875 ],
    "faces": {
        "down":  { "uv": [ 8.25, 8.875, 7.75, 8.5 ], "texture": "#texture" },
        "up":    { "uv": [ 2.625, 14.4375, 3.125, 14.8125 ], "texture": "#texture" },
        "north": { "uv": [ 3.0625, 14.0625, 2.5625, 14.1875 ], "texture": "#texture" },
        "west":  { "uv": [ 8.5, 7.875, 8.875, 8 ], "texture": "#texture" },
        "east":  { "uv": [ 8.875, 7.875, 8.5, 8 ], "texture": "#texture" }
    }
},
{
    "__comment": "Nova",
    "from": [ 7.75, 8.125, 8.75 ],
    "to": [ 8.25, 8.25, 9.125 ],
    "faces": {
        "down":  { "uv": [ 8.25, 9.125, 7.75, 8.75 ], "texture": "#texture" },
        "up":    { "uv": [ 2.5, 14.5625, 3, 14.9375 ], "texture": "#texture" },
        "north": { "uv": [ 3, 14.625, 2.5, 14.75 ], "texture": "#texture" },
        "west":  { "uv": [ 8.75, 7.75, 9.125, 7.875 ], "texture": "#texture" },
        "east":  { "uv": [ 9.125, 7.75, 8.75, 7.875 ], "texture": "#texture" }
    }
},
{
    "__comment": "Nova",
    "from": [ 7.75, 8.25, 9 ],
    "to": [ 8.25, 8.375, 9.375 ],
    "faces": {
        "down":  { "uv": [ 8.25, 9.375, 7.75, 9 ], "texture": "#texture" },
        "up":    { "uv": [ 2.625, 14.6875, 3.125, 15.0625 ], "texture": "#texture" },
        "north": { "uv": [ 3.0625, 14.375, 2.5625, 14.5 ], "texture": "#texture" },
        "west":  { "uv": [ 9.75, 7.375, 10.125, 7.5 ], "texture": "#texture" },
        "east":  { "uv": [ 10.1875, 7.4375, 9.8125, 7.5625 ], "texture": "#texture" }
    }
},
{
    "__comment": "Nova",
    "from": [ 7.75, 8.375, 9.25 ],
    "to": [ 8.25, 8.5, 9.625 ],
    "faces": {
        "down":  { "uv": [ 8.25, 9.625, 7.75, 9.25 ], "texture": "#texture" },
        "up":    { "uv": [ 2.5625, 14.8125, 3.0625, 15.1875 ], "texture": "#texture" },
        "north": { "uv": [ 3, 14.75, 2.5, 14.875 ], "texture": "#texture" },
        "west":  { "uv": [ 9.75, 7.4375, 10.125, 7.5625 ], "texture": "#texture" },
        "east":  { "uv": [ 10.125, 7.375, 9.75, 7.5 ], "texture": "#texture" }
    }
},
{
    "__comment": "Nova",
    "from": [ 7.75, 8.5, 9.5 ],
    "to": [ 8.25, 8.625, 9.75 ],
    "faces": {
        "down":  { "uv": [ 8.25, 9.75, 7.75, 9.5 ], "texture": "#texture" },
        "up":    { "uv": [ 6.625, 5.1875, 7.125, 5.4375 ], "texture": "#texture" },
        "north": { "uv": [ 9.1875, 12.8125, 8.6875, 12.9375 ], "texture": "#texture" },
        "west":  { "uv": [ 9.5, 7.375, 9.75, 7.5 ], "texture": "#texture" },
        "east":  { "uv": [ 9.75, 7.375, 9.5, 7.5 ], "texture": "#texture" }
    }
},
{
    "__comment": "Nova",
    "from": [ 7.75, 8.625, 9.75 ],
    "to": [ 8.25, 8.75, 10 ],
    "faces": {
        "up":    { "uv": [ 8.8125, 12.75, 9.3125, 13 ], "texture": "#texture" },
        "north": { "uv": [ 9.3125, 12.8125, 8.8125, 12.9375 ], "texture": "#texture" },
        "west":  { "uv": [ 9.75, 7.25, 10, 7.375 ], "texture": "#texture" },
        "east":  { "uv": [ 10, 7.25, 9.75, 7.375 ], "texture": "#texture" }
    }
},
{
    "__comment": "Nova",
    "from": [ 7.75, 8.75, 10 ],
    "to": [ 8.25, 8.875, 10.125 ],
    "faces": {
        "up":    { "uv": [ 13, 5.875, 13.5, 6 ], "texture": "#texture" },
        "north": { "uv": [ 13.5, 5.875, 13, 6 ], "texture": "#texture" },
        "west":  { "uv": [ 10, 7.125, 10.125, 7.25 ], "texture": "#texture" },
        "east":  { "uv": [ 10.125, 7.125, 10, 7.25 ], "texture": "#texture" }
    }
},
{
    "__comment": "Nova",
    "from": [ 7.75, 8.875, 10.25 ],
    "to": [ 8.25, 9, 16 ],
    "faces": {
        "up":    { "uv": [ 10.375, 7.125, 16, 7 ], "rotation": 90, "texture": "#texture" },
        "north": { "uv": [ 13.625, 5.8125, 13.125, 5.9375 ], "texture": "#texture" },
        "south": { "uv": [ 7.75, 7, 8.25, 7.125 ], "texture": "#texture" },
        "west":  { "uv": [ 10.25, 7, 16, 7.125 ], "texture": "#texture" },
        "east":  { "uv": [ 16, 7, 10.25, 7.125 ], "texture": "#texture" }
    }
},
{
    "__comment": "Nova",
    "from": [ 7.75, 9, 10.375 ],
    "to": [ 8.25, 9.125, 12 ],
    "faces": {
        "up":    { "uv": [ 12.8125, 5.6875, 14.25, 6.125 ], "rotation": 90, "texture": "#texture" },
        "north": { "uv": [ 13.8125, 5.75, 13.3125, 5.875 ], "texture": "#texture" },
        "south": { "uv": [ 13.375, 5.8125, 13.875, 5.9375 ], "texture": "#texture" },
        "west":  { "uv": [ 10.375, 6.875, 12, 7 ], "texture": "#texture" },
        "east":  { "uv": [ 12, 6.875, 10.375, 7 ], "texture": "#texture" }
    }
},
{
    "__comment": "Front",
    "from": [ 7.75, 7.6, 23.375 ],
    "to": [ 8.25, 7.85, 24 ],
    "faces": {
        "down":  { "uv": [ 1.125, 6, 0.625, 5.375 ], "texture": "#texture" },
        "up":    { "uv": [ 7.75, 10.375, 8.25, 11 ], "texture": "#texture" },
        "west":  { "uv": [ 10.375, 5.125, 11, 5.375 ], "texture": "#texture" },
        "east":  { "uv": [ 11, 5.125, 10.375, 5.375 ], "texture": "#texture" }
    }
},
{
    "__comment": "Nova",
    "from": [ 7.75, 9.125, 10.5 ],
    "to": [ 8.25, 9.25, 11.875 ],
    "faces": {
        "up":    { "uv": [ 12.75, 5.625, 14, 6.125 ], "rotation": 90, "texture": "#texture" },
        "north": { "uv": [ 13.8125, 5.875, 13.3125, 6 ], "texture": "#texture" },
        "south": { "uv": [ 13.25, 5.8125, 13.75, 5.9375 ], "texture": "#texture" },
        "west":  { "uv": [ 10.5, 6.75, 11.875, 6.875 ], "texture": "#texture" },
        "east":  { "uv": [ 11.875, 6.75, 10.5, 6.875 ], "texture": "#texture" }
    }
},
{
    "__comment": "Front",
    "from": [ 7.75, 7.85, 23.5 ],
    "to": [ 8.25, 8.1, 24 ],
    "faces": {
        "down":  { "uv": [ 8.25, 11, 7.75, 10.5 ], "texture": "#texture" },
        "up":    { "uv": [ 0.6875, 6.0625, 1.1875, 6.5625 ], "texture": "#texture" },
        "north": { "uv": [ 8.25, 4.875, 7.75, 5.125 ], "texture": "#texture" },
        "south": { "uv": [ 7.75, 4.875, 8.25, 5.125 ], "texture": "#texture" },
        "west":  { "uv": [ 10.5, 4.875, 11, 5.125 ], "texture": "#texture" },
        "east":  { "uv": [ 11, 4.875, 10.5, 5.125 ], "texture": "#texture" }
    }
},
{
    "__comment": "Nova",
    "from": [ 7.75, 9.25, 10.625 ],
    "to": [ 8.25, 9.375, 11.375 ],
    "faces": {
        "up":    { "uv": [ 13.0625, 5.625, 14, 6.125 ], "rotation": 90, "texture": "#texture" },
        "north": { "uv": [ 13.8125, 5.8125, 13.3125, 5.9375 ], "texture": "#texture" },
        "south": { "uv": [ 13.5, 5.75, 14, 5.875 ], "texture": "#texture" },
        "west":  { "uv": [ 10.625, 6.625, 11.375, 6.75 ], "texture": "#texture" },
        "east":  { "uv": [ 11.375, 6.625, 10.625, 6.75 ], "texture": "#texture" }
    }
},
{
    "__comment": "Nova",
    "from": [ 7.75, 9.375, 10.625 ],
    "to": [ 7.875, 9.5, 11.125 ],
    "faces": {
        "up":    { "uv": [ 13.375, 5.625, 13.5, 6.125 ], "texture": "#texture" },
        "north": { "uv": [ 13.5625, 5.75, 13.4375, 5.875 ], "texture": "#texture" },
        "south": { "uv": [ 13.1875, 5.8125, 13.3125, 5.9375 ], "texture": "#texture" },
        "west":  { "uv": [ 13.1875, 5.9375, 13.6875, 6.0625 ], "texture": "#texture" },
        "east":  { "uv": [ 13.75, 5.875, 13.25, 6 ], "texture": "#texture" }
    }
},
{
    "__comment": "Front",
    "from": [ 7.75, 8.35, 23.875 ],
    "to": [ 8.25, 8.475, 24.375 ],
    "faces": {
        "down":  { "uv": [ 1.125, 6.3125, 0.625, 5.8125 ], "texture": "#texture" },
        "up":    { "uv": [ 7.75, 10.875, 8.25, 11.375 ], "texture": "#texture" },
        "south": { "uv": [ 7.75, 4.5, 8.25, 4.625 ], "texture": "#texture" },
        "west":  { "uv": [ 10.875, 4.5, 11.375, 4.625 ], "texture": "#texture" },
        "east":  { "uv": [ 11.375, 4.5, 10.875, 4.625 ], "texture": "#texture" }
    }
},
{
    "__comment": "Front",
    "from": [ 7.75, 7.475, 24 ],
    "to": [ 8.25, 7.6, 24.75 ],
    "faces": {
        "down":  { "uv": [ 1.125, 5.9375, 0.625, 5.1875 ], "texture": "#texture" },
        "up":    { "uv": [ 7.75, 11, 8.25, 11.75 ], "texture": "#texture" },
        "north": { "uv": [ 1.125, 4.5625, 0.625, 4.6875 ], "texture": "#texture" },
        "south": { "uv": [ 0.625, 4.1875, 1.125, 4.3125 ], "texture": "#texture" },
        "west":  { "uv": [ 11, 5.375, 11.75, 5.5 ], "texture": "#texture" },
        "east":  { "uv": [ 11.75, 5.375, 11, 5.5 ], "texture": "#texture" }
    }
},
{
    "__comment": "Front",
    "from": [ 7.75, 8.1, 24 ],
    "to": [ 8.25, 8.225, 24.75 ],
    "faces": {
        "down":  { "uv": [ 8.25, 11.75, 7.75, 11 ], "texture": "#texture" },
        "up":    { "uv": [ 0.625, 5.25, 1.125, 6 ], "texture": "#texture" },
        "north": { "uv": [ 8.25, 4.75, 7.75, 4.875 ], "texture": "#texture" },
        "south": { "uv": [ 0.625, 4.75, 1.125, 4.875 ], "texture": "#texture" },
        "west":  { "uv": [ 11, 4.75, 11.75, 4.875 ], "texture": "#texture" },
        "east":  { "uv": [ 11.75, 4.75, 11, 4.875 ], "texture": "#texture" }
    }
},
{
    "__comment": "Front",
    "from": [ 7.75, 8.225, 24 ],
    "to": [ 8.25, 8.35, 24.375 ],
    "faces": {
        "down":  { "uv": [ 8.25, 11.375, 7.75, 11 ], "texture": "#texture" },
        "up":    { "uv": [ 7.75, 11, 8.25, 11.375 ], "texture": "#texture" },
        "north": { "uv": [ 8.25, 4.65, 7.75, 4.775 ], "texture": "#texture" },
        "south": { "uv": [ 7.75, 4.65, 8.25, 4.775 ], "texture": "#texture" },
        "west":  { "uv": [ 11, 4.65, 11.375, 4.775 ], "texture": "#texture" },
        "east":  { "uv": [ 11.375, 4.65, 11, 4.775 ], "texture": "#texture" }
    }
},
{
    "__comment": "Front",
    "from": [ 7.75, 8.475, 24 ],
    "to": [ 8.25, 8.6, 28.5 ],
    "faces": {
        "down":  { "uv": [ 1.0625, 6.375, 0.5625, 1.875 ], "texture": "#texture" },
        "up":    { "uv": [ 0.625, 2.375, 1.125, 6.875 ], "texture": "#texture" },
        "south": { "uv": [ 10.8125, 2.8125, 11.3125, 2.9375 ], "texture": "#texture" },
        "west":  { "uv": [ 10.875, 4.375, 15.375, 4.5 ], "texture": "#texture" },
        "east":  { "uv": [ 15.3125, 4.375, 10.8125, 4.5 ], "texture": "#texture" }
    }
},
{
    "__comment": "Front",
    "from": [ 7.75, 8.725, 24.125 ],
    "to": [ 8.25, 8.85, 28.5 ],
    "faces": {
        "down":  { "uv": [ 8.25, 15.5, 7.75, 11.125 ], "texture": "#texture" },
        "up":    { "uv": [ 0.5625, 0.125, 1.1875, 5.75 ], "texture": "#texture" },
        "north": { "uv": [ 8.25, 4.125, 7.75, 4.25 ], "texture": "#texture" },
        "south": { "uv": [ 10.9375, 2.625, 11.4375, 2.75 ], "texture": "#texture" },
        "west":  { "uv": [ 11, 4.125, 15.375, 4.25 ], "texture": "#texture" },
        "east":  { "uv": [ 15.3125, 4.125, 10.9375, 4.25 ], "texture": "#texture" }
    }
},
{
    "__comment": "Nova",
    "from": [ 7.75, 7.125, 15 ],
    "to": [ 8.25, 7.25, 16 ],
    "faces": {
        "down":  { "uv": [ 11.625, 3, 10.5625, 2.5625 ], "rotation": 90, "texture": "#texture" },
        "north": { "uv": [ 10.875, 2.8125, 10.375, 2.9375 ], "texture": "#texture" },
        "south": { "uv": [ 10.625, 2.6875, 11.125, 2.8125 ], "texture": "#texture" },
        "west":  { "uv": [ 10.3125, 2.8125, 11.3125, 2.9375 ], "texture": "#texture" },
        "east":  { "uv": [ 11.25, 2.6875, 10.25, 2.8125 ], "texture": "#texture" }
    }
},
{
    "__comment": "Nova",
    "from": [ 7.875, 7.25, 0.375 ],
    "to": [ 8.125, 7.375, 1 ],
    "faces": {
        "up":    { "uv": [ 7.875, 12.625, 8.625, 12.9375 ], "rotation": 270, "texture": "#texture" },
        "north": { "uv": [ 9.375, 12.5625, 9.125, 12.6875 ], "texture": "#texture" },
        "west":  { "uv": [ 7.875, 12.75, 8.5, 12.875 ], "rotation": 180, "texture": "#texture" },
        "east":  { "uv": [ 8.5, 12.6875, 7.875, 12.8125 ], "rotation": 180, "texture": "#texture" }
    }
},
{
    "__comment": "Nova",
    "from": [ 7.875, 3.75, 0.875 ],
    "to": [ 8.125, 3.875, 1 ],
    "faces": {
        "down":  { "uv": [ 8.125, 1, 7.875, 0.875 ], "texture": "#texture" },
        "south": { "uv": [ 7.875, 12.125, 8.125, 12.25 ], "texture": "#texture" },
        "west":  { "uv": [ 0.875, 12.125, 1, 12.25 ], "texture": "#texture" },
        "east":  { "uv": [ 1, 12.125, 0.875, 12.25 ], "texture": "#texture" }
    }
},
{
    "__comment": "Nova",
    "from": [ 7.875, 3.875, 1.25 ],
    "to": [ 8.125, 4, 1.375 ],
    "faces": {
        "down":  { "uv": [ 8.125, 1.375, 7.875, 1.25 ], "texture": "#texture" },
        "south": { "uv": [ 7.875, 12, 8.125, 12.125 ], "texture": "#texture" },
        "west":  { "uv": [ 1.25, 12, 1.375, 12.125 ], "texture": "#texture" },
        "east":  { "uv": [ 1.375, 12, 1.25, 12.125 ], "texture": "#texture" }
    }
},
{
    "__comment": "Nova",
    "from": [ 7.875, 4, 1.5 ],
    "to": [ 8.125, 4.125, 1.75 ],
    "faces": {
        "down":  { "uv": [ 8.125, 1.75, 7.875, 1.5 ], "texture": "#texture" },
        "up":    { "uv": [ 7.875, 1.5, 8.125, 1.75 ], "texture": "#texture" },
        "south": { "uv": [ 7.875, 11.875, 8.125, 12 ], "texture": "#texture" },
        "west":  { "uv": [ 1.5, 11.875, 1.75, 12 ], "texture": "#texture" },
        "east":  { "uv": [ 1.75, 11.875, 1.5, 12 ], "texture": "#texture" }
    }
},
{
    "__comment": "Nova",
    "from": [ 7.875, 7.375, 1.75 ],
    "to": [ 8.125, 7.5, 2.375 ],
    "faces": {
        "up":    { "uv": [ 6.375, 14.375, 6.625, 15 ], "texture": "#texture" },
        "north": { "uv": [ 6, 14.5625, 5.75, 14.6875 ], "texture": "#texture" },
        "west":  { "uv": [ 1.75, 8.5, 2.375, 8.625 ], "texture": "#texture" },
        "east":  { "uv": [ 2.375, 8.5, 1.75, 8.625 ], "texture": "#texture" }
    }
},
{
    "__comment": "Nova",
    "from": [ 7.875, 4.125, 1.875 ],
    "to": [ 8.125, 4.25, 2 ],
    "faces": {
        "down":  { "uv": [ 8.125, 2, 7.875, 1.875 ], "texture": "#texture" },
        "south": { "uv": [ 7.875, 11.75, 8.125, 11.875 ], "texture": "#texture" },
        "west":  { "uv": [ 1.875, 11.75, 2, 11.875 ], "texture": "#texture" },
        "east":  { "uv": [ 2, 11.75, 1.875, 11.875 ], "texture": "#texture" }
    }
},
{
    "__comment": "Nova",
    "from": [ 7.875, 4.25, 2.125 ],
    "to": [ 8.125, 4.375, 2.375 ],
    "faces": {
        "down":  { "uv": [ 8.125, 2.375, 7.875, 2.125 ], "texture": "#texture" },
        "up":    { "uv": [ 7.875, 2.125, 8.125, 2.375 ], "texture": "#texture" },
        "south": { "uv": [ 7.875, 11.625, 8.125, 11.75 ], "texture": "#texture" },
        "west":  { "uv": [ 2.125, 11.625, 2.375, 11.75 ], "texture": "#texture" },
        "east":  { "uv": [ 2.375, 11.625, 2.125, 11.75 ], "texture": "#texture" }
    }
},
{
    "__comment": "Nova",
    "from": [ 7.875, 4.375, 2.5 ],
    "to": [ 8.125, 4.5, 2.625 ],
    "faces": {
        "down":  { "uv": [ 8.125, 2.625, 7.875, 2.5 ], "texture": "#texture" },
        "south": { "uv": [ 7.875, 11.5, 8.125, 11.625 ], "texture": "#texture" },
        "west":  { "uv": [ 2.5, 11.5, 2.625, 11.625 ], "texture": "#texture" },
        "east":  { "uv": [ 2.625, 11.5, 2.5, 11.625 ], "texture": "#texture" }
    }
},
{
    "__comment": "Nova",
    "from": [ 7.875, 4.5, 2.875 ],
    "to": [ 8.125, 4.625, 3 ],
    "faces": {
        "down":  { "uv": [ 8.125, 3, 7.875, 2.875 ], "texture": "#texture" },
        "south": { "uv": [ 7.875, 11.375, 8.125, 11.5 ], "texture": "#texture" },
        "west":  { "uv": [ 2.875, 11.375, 3, 11.5 ], "texture": "#texture" },
        "east":  { "uv": [ 3, 11.375, 2.875, 11.5 ], "texture": "#texture" }
    }
},
{
    "__comment": "Nova",
    "from": [ 7.875, 4.625, 3.125 ],
    "to": [ 8.125, 4.75, 3.25 ],
    "faces": {
        "down":  { "uv": [ 8.125, 3.25, 7.875, 3.125 ], "texture": "#texture" },
        "south": { "uv": [ 7.875, 11.25, 8.125, 11.375 ], "texture": "#texture" },
        "west":  { "uv": [ 3.125, 11.25, 3.25, 11.375 ], "texture": "#texture" },
        "east":  { "uv": [ 3.25, 11.25, 3.125, 11.375 ], "texture": "#texture" }
    }
},
{
    "__comment": "Nova",
    "from": [ 7.875, 7.5, 3.125 ],
    "to": [ 8.125, 7.625, 3.75 ],
    "faces": {
        "up":    { "uv": [ 6.3125, 14.375, 6.5625, 15 ], "texture": "#texture" },
        "north": { "uv": [ 3.1875, 8.9375, 2.9375, 9.0625 ], "texture": "#texture" },
        "west":  { "uv": [ 3.125, 8.375, 3.75, 8.5 ], "texture": "#texture" },
        "east":  { "uv": [ 3.75, 8.375, 3.125, 8.5 ], "texture": "#texture" }
    }
},
{
    "__comment": "Nova",
    "from": [ 7.875, 4.75, 3.5 ],
    "to": [ 8.125, 4.875, 3.625 ],
    "faces": {
        "down":  { "uv": [ 8.125, 3.625, 7.875, 3.5 ], "texture": "#texture" },
        "south": { "uv": [ 7.875, 11.125, 8.125, 11.25 ], "texture": "#texture" },
        "west":  { "uv": [ 3.5, 11.125, 3.625, 11.25 ], "texture": "#texture" },
        "east":  { "uv": [ 3.625, 11.125, 3.5, 11.25 ], "texture": "#texture" }
    }
},
{
    "__comment": "Nova",
    "from": [ 7.875, 4.875, 3.75 ],
    "to": [ 8.125, 5, 4 ],
    "faces": {
        "down":  { "uv": [ 8.125, 4, 7.875, 3.75 ], "texture": "#texture" },
        "up":    { "uv": [ 7.875, 3.75, 8.125, 4 ], "texture": "#texture" },
        "south": { "uv": [ 7.875, 11, 8.125, 11.125 ], "texture": "#texture" },
        "west":  { "uv": [ 3.75, 11, 4, 11.125 ], "texture": "#texture" },
        "east":  { "uv": [ 4, 11, 3.75, 11.125 ], "texture": "#texture" }
    }
},
{
    "__comment": "Front",
    "from": [ 7.875, 6.975, 16.875 ],
    "to": [ 8.125, 7.1, 17.625 ],
    "faces": {
        "down":  { "uv": [ 8.1875, 5.5, 7.9375, 4.75 ], "texture": "#texture" },
        "up":    { "uv": [ 7.875, 3.875, 8.125, 4.625 ], "texture": "#texture" },
        "north": { "uv": [ 7.3125, 5.25, 7.0625, 5.375 ], "texture": "#texture" },
        "south": { "uv": [ 7.5625, 5.4375, 7.8125, 5.5625 ], "texture": "#texture" },
        "west":  { "uv": [ 3.875, 5.875, 4.625, 6 ], "texture": "#texture" },
        "east":  { "uv": [ 4.625, 5.875, 3.875, 6 ], "texture": "#texture" }
    }
},
{
    "__comment": "Nova",
    "from": [ 7.875, 5, 4.125 ],
    "to": [ 8.125, 5.125, 4.25 ],
    "faces": {
        "down":  { "uv": [ 7.375, 6.75, 7.125, 6.625 ], "texture": "#texture" },
        "south": { "uv": [ 7.875, 10.875, 8.125, 11 ], "texture": "#texture" },
        "west":  { "uv": [ 4.125, 10.875, 4.25, 11 ], "texture": "#texture" },
        "east":  { "uv": [ 4.25, 10.875, 4.125, 11 ], "texture": "#texture" }
    }
},
{
    "__comment": "Nova",
    "from": [ 7.875, 7.625, 4.375 ],
    "to": [ 8.125, 7.75, 5.125 ],
    "faces": {
        "up":    { "uv": [ 8.5625, 12.5625, 9.8125, 13 ], "rotation": 90, "texture": "#texture" },
        "north": { "uv": [ 8.875, 12.875, 8.625, 13 ], "texture": "#texture" },
        "west":  { "uv": [ 4.375, 8.25, 5.125, 8.375 ], "texture": "#texture" },
        "east":  { "uv": [ 5.125, 8.25, 4.375, 8.375 ], "texture": "#texture" }
    }
},
{
    "__comment": "Nova",
    "from": [ 7.875, 5.125, 4.5 ],
    "to": [ 8.125, 5.25, 4.625 ],
    "faces": {
        "down":  { "uv": [ 7.9375, 6.875, 7.6875, 6.75 ], "texture": "#texture" },
        "south": { "uv": [ 7.875, 10.75, 8.125, 10.875 ], "texture": "#texture" },
        "west":  { "uv": [ 4.5, 10.75, 4.625, 10.875 ], "texture": "#texture" },
        "east":  { "uv": [ 4.625, 10.75, 4.5, 10.875 ], "texture": "#texture" }
    }
},
{
    "__comment": "Nova",
    "from": [ 7.875, 5.25, 4.75 ],
    "to": [ 8.125, 5.375, 4.875 ],
    "faces": {
        "down":  { "uv": [ 7.375, 7.1875, 7.125, 7.0625 ], "texture": "#texture" },
        "south": { "uv": [ 7.875, 10.625, 8.125, 10.75 ], "texture": "#texture" },
        "west":  { "uv": [ 4.75, 10.625, 4.875, 10.75 ], "texture": "#texture" },
        "east":  { "uv": [ 4.875, 10.625, 4.75, 10.75 ], "texture": "#texture" }
    }
},
{
    "__comment": "Nova",
    "from": [ 7.875, 5.375, 5.125 ],
    "to": [ 8.125, 5.5, 5.25 ],
    "faces": {
        "down":  { "uv": [ 7.625, 6.75, 7.375, 6.625 ], "texture": "#texture" },
        "south": { "uv": [ 7.875, 10.5, 8.125, 10.625 ], "texture": "#texture" },
        "west":  { "uv": [ 5.125, 10.5, 5.25, 10.625 ], "texture": "#texture" },
        "east":  { "uv": [ 5.25, 10.5, 5.125, 10.625 ], "texture": "#texture" }
    }
},
{
    "__comment": "Nova",
    "from": [ 7.875, 5.5, 5.375 ],
    "to": [ 8.125, 5.625, 5.5 ],
    "faces": {
        "down":  { "uv": [ 7.8125, 6.3125, 7.5625, 6.1875 ], "texture": "#texture" },
        "south": { "uv": [ 7.875, 10.375, 8.125, 10.5 ], "texture": "#texture" },
        "west":  { "uv": [ 5.375, 10.375, 5.5, 10.5 ], "texture": "#texture" },
        "east":  { "uv": [ 5.5, 10.375, 5.375, 10.5 ], "texture": "#texture" }
    }
},
{
    "__comment": "Nova",
    "from": [ 7.875, 5.625, 5.75 ],
    "to": [ 8.125, 5.75, 5.875 ],
    "faces": {
        "down":  { "uv": [ 8.125, 6.25, 7.875, 6.125 ], "texture": "#texture" },
        "south": { "uv": [ 8.0625, 10.25, 8.3125, 10.375 ], "texture": "#texture" },
        "west":  { "uv": [ 5.75, 10.25, 5.875, 10.375 ], "texture": "#texture" },
        "east":  { "uv": [ 5.875, 10.25, 5.75, 10.375 ], "texture": "#texture" }
    }
},
{
    "__comment": "Nova",
    "from": [ 7.875, 7.75, 5.75 ],
    "to": [ 8.125, 7.875, 6.5 ],
    "faces": {
        "up":    { "uv": [ 9.1875, 12, 9.4375, 12.75 ], "rotation": 180, "texture": "#texture" },
        "north": { "uv": [ 8.9375, 12.8125, 8.6875, 12.9375 ], "texture": "#texture" },
        "west":  { "uv": [ 5.75, 8.125, 6.5, 8.25 ], "texture": "#texture" },
        "east":  { "uv": [ 6.5, 8.125, 5.75, 8.25 ], "texture": "#texture" }
    }
},
{
    "__comment": "Nova",
    "from": [ 7.875, 5.75, 6 ],
    "to": [ 8.125, 5.875, 6.25 ],
    "faces": {
        "down":  { "uv": [ 8.125, 6.25, 7.875, 6 ], "texture": "#texture" },
        "up":    { "uv": [ 7.875, 6, 8.125, 6.25 ], "texture": "#texture" },
        "south": { "uv": [ 7.875, 10.125, 8.125, 10.25 ], "texture": "#texture" },
        "west":  { "uv": [ 6, 10.125, 6.25, 10.25 ], "texture": "#texture" },
        "east":  { "uv": [ 6.25, 10.125, 6, 10.25 ], "texture": "#texture" }
    }
},
{
    "__comment": "Front",
    "from": [ 7.875, 7.1, 19.5 ],
    "to": [ 8.125, 7.225, 20.25 ],
    "faces": {
        "down":  { "uv": [ 8.375, 5.4375, 8.125, 4.6875 ], "texture": "#texture" },
        "up":    { "uv": [ 7.875, 6.5, 8.125, 7.25 ], "texture": "#texture" },
        "north": { "uv": [ 8.125, 5.75, 7.875, 5.875 ], "texture": "#texture" },
        "south": { "uv": [ 7.875, 5.75, 8.125, 5.875 ], "texture": "#texture" },
        "west":  { "uv": [ 6.5, 5.75, 7.25, 5.875 ], "texture": "#texture" },
        "east":  { "uv": [ 7.25, 5.75, 6.5, 5.875 ], "texture": "#texture" }
    }
},
{
    "__comment": "Nova",
    "from": [ 7.875, 7.5, 6.875 ],
    "to": [ 8.125, 7.625, 7.125 ],
    "faces": {
        "up":    { "uv": [ 2.3125, 8.875, 2.5625, 9.125 ], "texture": "#texture" },
        "west":  { "uv": [ 6.875, 8.375, 7.125, 8.5 ], "texture": "#texture" },
        "east":  { "uv": [ 7.125, 8.375, 6.875, 8.5 ], "texture": "#texture" }
    }
},
{
    "__comment": "Nova",
    "from": [ 7.875, 7.625, 7.375 ],
    "to": [ 8.125, 7.75, 7.625 ],
    "faces": {
        "up":    { "uv": [ 2.5625, 8.6875, 2.8125, 8.9375 ], "texture": "#texture" },
        "north": { "uv": [ 8.125, 8.25, 7.875, 8.375 ], "texture": "#texture" },
        "west":  { "uv": [ 7.375, 8.25, 7.625, 8.375 ], "texture": "#texture" },
        "east":  { "uv": [ 7.625, 8.25, 7.375, 8.375 ], "texture": "#texture" }
    }
},
{
    "__comment": "Nova",
    "from": [ 7.875, 7.75, 7.75 ],
    "to": [ 8.125, 7.875, 7.875 ],
    "faces": {
        "up":    { "uv": [ 9.25, 8, 9.5, 8.125 ], "texture": "#texture" },
        "north": { "uv": [ 9.4375, 7.9375, 9.1875, 8.0625 ], "texture": "#texture" },
        "west":  { "uv": [ 7.75, 8.125, 7.875, 8.25 ], "texture": "#texture" },
        "east":  { "uv": [ 7.875, 8.125, 7.75, 8.25 ], "texture": "#texture" }
    }
},
{
    "__comment": "Nova",
    "from": [ 7.875, 7.875, 8.125 ],
    "to": [ 8.125, 8, 8.25 ],
    "faces": {
        "up":    { "uv": [ 2.375, 8.875, 2.625, 9 ], "texture": "#texture" },
        "north": { "uv": [ 2.6875, 8.875, 2.4375, 9 ], "texture": "#texture" },
        "west":  { "uv": [ 8.125, 8, 8.25, 8.125 ], "texture": "#texture" },
        "east":  { "uv": [ 8.25, 8, 8.125, 8.125 ], "texture": "#texture" }
    }
},
{
    "__comment": "Nova",
    "from": [ 7.875, 8, 8.375 ],
    "to": [ 8.125, 8.125, 8.5 ],
    "faces": {
        "up":    { "uv": [ 2.6875, 14.5, 2.9375, 14.625 ], "texture": "#texture" },
        "north": { "uv": [ 3, 14.8125, 2.75, 14.9375 ], "texture": "#texture" },
        "west":  { "uv": [ 8.375, 7.875, 8.5, 8 ], "texture": "#texture" },
        "east":  { "uv": [ 8.5, 7.875, 8.375, 8 ], "texture": "#texture" }
    }
},
{
    "__comment": "Nova",
    "from": [ 7.875, 8.375, 9.125 ],
    "to": [ 8.125, 8.5, 9.25 ],
    "faces": {
        "up":    { "uv": [ 2.75, 14.75, 3, 14.875 ], "texture": "#texture" },
        "north": { "uv": [ 3.0625, 14.75, 2.8125, 14.875 ], "texture": "#texture" },
        "west":  { "uv": [ 9.8125, 7.5, 9.9375, 7.625 ], "texture": "#texture" },
        "east":  { "uv": [ 9.875, 7.5625, 9.75, 7.6875 ], "texture": "#texture" }
    }
},
{
    "__comment": "Nova",
    "from": [ 7.875, 8.5, 9.375 ],
    "to": [ 8.125, 8.625, 9.5 ],
    "faces": {
        "up":    { "uv": [ 7.875, 9.375, 8.125, 9.5 ], "texture": "#texture" },
        "north": { "uv": [ 10.125, 7.375, 9.875, 7.5 ], "texture": "#texture" },
        "west":  { "uv": [ 9.875, 7.4375, 10, 7.5625 ], "texture": "#texture" },
        "east":  { "uv": [ 9.9375, 7.5, 9.8125, 7.625 ], "texture": "#texture" }
    }
},
{
    "__comment": "Nova",
    "from": [ 7.875, 7.125, 9.625 ],
    "to": [ 8.125, 7.25, 10 ],
    "faces": {
        "down":  { "uv": [ 8.875, 12.9375, 8.625, 12.5625 ], "texture": "#texture" },
        "north": { "uv": [ 9.125, 12.6875, 8.875, 12.8125 ], "texture": "#texture" },
        "south": { "uv": [ 8.4375, 12.875, 8.6875, 13 ], "texture": "#texture" },
        "west":  { "uv": [ 9.625, 8.75, 10, 8.875 ], "texture": "#texture" },
        "east":  { "uv": [ 10, 8.75, 9.625, 8.875 ], "texture": "#texture" }
    }
},
{
    "__comment": "Nova",
    "from": [ 7.875, 8.625, 9.625 ],
    "to": [ 8.125, 8.75, 9.75 ],
    "faces": {
        "up":    { "uv": [ 8.9375, 12.75, 9.1875, 12.875 ], "texture": "#texture" },
        "north": { "uv": [ 8.9375, 12.875, 8.6875, 13 ], "texture": "#texture" },
        "west":  { "uv": [ 9.8125, 7.5, 9.9375, 7.625 ], "texture": "#texture" },
        "east":  { "uv": [ 9.9375, 7.5, 9.8125, 7.625 ], "texture": "#texture" }
    }
},
{
    "__comment": "Front",
    "from": [ 7.875, 7.225, 22.625 ],
    "to": [ 8.125, 7.35, 23.25 ],
    "faces": {
        "down":  { "uv": [ 8.25, 5.4375, 8, 4.8125 ], "texture": "#texture" },
        "up":    { "uv": [ 7.875, 9.625, 8.125, 10.25 ], "texture": "#texture" },
        "north": { "uv": [ 8.125, 5.625, 7.875, 5.75 ], "texture": "#texture" },
        "south": { "uv": [ 7.875, 5.625, 8.125, 5.75 ], "texture": "#texture" },
        "west":  { "uv": [ 9.625, 5.625, 10.25, 5.75 ], "texture": "#texture" },
        "east":  { "uv": [ 10.25, 5.625, 9.625, 5.75 ], "texture": "#texture" }
    }
},
{
    "__comment": "Nova",
    "from": [ 7.875, 6.875, 9.75 ],
    "to": [ 8.125, 7.125, 10 ],
    "faces": {
        "down":  { "uv": [ 9.1875, 12.8125, 8.9375, 12.5625 ], "texture": "#texture" },
        "north": { "uv": [ 8.875, 12.8125, 8.625, 13.0625 ], "texture": "#texture" },
        "south": { "uv": [ 8.75, 12.8125, 9, 13.0625 ], "texture": "#texture" },
        "west":  { "uv": [ 9.75, 8.875, 10, 9.125 ], "texture": "#texture" },
        "east":  { "uv": [ 10, 8.875, 9.75, 9.125 ], "texture": "#texture" }
    }
},
{
    "__comment": "Nova",
    "from": [ 7.875, 6.625, 9.875 ],
    "to": [ 8.125, 6.875, 10 ],
    "faces": {
        "down":  { "uv": [ 8.875, 12.8125, 8.625, 12.6875 ], "texture": "#texture" },
        "north": { "uv": [ 8.75, 12.875, 8.5, 13.125 ], "texture": "#texture" },
        "south": { "uv": [ 8.625, 12.6875, 8.875, 12.9375 ], "texture": "#texture" },
        "west":  { "uv": [ 9.875, 9.125, 10, 9.375 ], "texture": "#texture" },
        "east":  { "uv": [ 10, 9.125, 9.875, 9.375 ], "texture": "#texture" }
    }
},
{
    "__comment": "Nova",
    "from": [ 7.875, 8.75, 9.875 ],
    "to": [ 8.125, 8.875, 10 ],
    "faces": {
        "up":    { "uv": [ 8.6875, 12.75, 8.9375, 12.875 ], "texture": "#texture" },
        "north": { "uv": [ 9.125, 12.625, 8.875, 12.75 ], "texture": "#texture" },
        "west":  { "uv": [ 10, 7.3125, 10.125, 7.4375 ], "texture": "#texture" },
        "east":  { "uv": [ 10.125, 7.3125, 10, 7.4375 ], "texture": "#texture" }
    }
},
{
    "__comment": "Nova",
    "from": [ 7.875, 8.875, 10.125 ],
    "to": [ 8.125, 9, 10.25 ],
    "faces": {
        "up":    { "uv": [ 13.25, 5.8125, 13.5, 5.9375 ], "texture": "#texture" },
        "north": { "uv": [ 13.5, 5.75, 13.25, 5.875 ], "texture": "#texture" },
        "west":  { "uv": [ 10.125, 7, 10.25, 7.125 ], "texture": "#texture" },
        "east":  { "uv": [ 10.25, 7, 10.125, 7.125 ], "texture": "#texture" }
    }
},
{
    "__comment": "Nova",
    "from": [ 7.875, 6.5, 10.875 ],
    "to": [ 8.125, 6.625, 11.25 ],
    "faces": {
        "down":  { "uv": [ 8.875, 13.0625, 8.625, 12.6875 ], "texture": "#texture" },
        "up":    { "uv": [ 8.4375, 12.625, 8.6875, 13 ], "texture": "#texture" },
        "north": { "uv": [ 8.125, 9.375, 7.875, 9.5 ], "texture": "#texture" },
        "south": { "uv": [ 7.875, 9.375, 8.125, 9.5 ], "texture": "#texture" },
        "west":  { "uv": [ 10.875, 9.375, 11.25, 9.5 ], "texture": "#texture" },
        "east":  { "uv": [ 11.25, 9.375, 10.875, 9.5 ], "texture": "#texture" }
    }
},
{
    "__comment": "Nova",
    "from": [ 7.875, 6.625, 11 ],
    "to": [ 8.125, 6.75, 11.375 ],
    "faces": {
        "down":  { "uv": [ 9.0625, 13, 8.8125, 12.625 ], "texture": "#texture" },
        "up":    { "uv": [ 8.8125, 12.75, 9.0625, 13.125 ], "texture": "#texture" },
        "north": { "uv": [ 9.0625, 12.6875, 8.8125, 12.8125 ], "texture": "#texture" },
        "south": { "uv": [ 8.625, 12.875, 8.875, 13 ], "texture": "#texture" },
        "west":  { "uv": [ 11, 9.25, 11.375, 9.375 ], "texture": "#texture" },
        "east":  { "uv": [ 11.375, 9.25, 11, 9.375 ], "texture": "#texture" }
    }
},
{
    "__comment": "Nova",
    "from": [ 7.875, 7.125, 11 ],
    "to": [ 8.125, 7.25, 12.25 ],
    "faces": {
        "down":  { "uv": [ 2.9375, 14, 2.6875, 12.75 ], "texture": "#texture" },
        "north": { "uv": [ 9.0625, 12.8125, 8.8125, 12.9375 ], "texture": "#texture" },
        "south": { "uv": [ 8.8125, 12.875, 9.0625, 13 ], "texture": "#texture" },
        "west":  { "uv": [ 11, 8.75, 12.25, 8.875 ], "texture": "#texture" },
        "east":  { "uv": [ 12.25, 8.75, 11, 8.875 ], "texture": "#texture" }
    }
},
{
    "__comment": "Nova",
    "from": [ 7.875, 6.75, 11.125 ],
    "to": [ 8.125, 7.125, 11.625 ],
    "faces": {
        "down":  { "uv": [ 9, 13.0625, 8.75, 12.5625 ], "texture": "#texture" },
        "north": { "uv": [ 8.75, 12.625, 8.5, 13 ], "texture": "#texture" },
        "south": { "uv": [ 8.9375, 12.5625, 9.1875, 12.9375 ], "texture": "#texture" },
        "west":  { "uv": [ 11.125, 8.875, 11.625, 9.25 ], "texture": "#texture" },
        "east":  { "uv": [ 11.625, 8.875, 11.125, 9.25 ], "texture": "#texture" }
    }
},
{
    "__comment": "Front",
    "from": [ 7.875, 8.35, 24.375 ],
    "to": [ 8.125, 8.475, 28.5 ],
    "faces": {
        "down":  { "uv": [ 0.9375, 6, 0.6875, 1.875 ], "texture": "#texture" },
        "up":    { "uv": [ 7.875, 11.375, 8.125, 15.5 ], "texture": "#texture" },
        "north": { "uv": [ 8.125, 4.625, 7.875, 4.75 ], "texture": "#texture" },
        "south": { "uv": [ 11.1875, 2.75, 11.4375, 2.875 ], "texture": "#texture" },
        "west":  { "uv": [ 11.25, 4.5, 15.375, 4.625 ], "texture": "#texture" },
        "east":  { "uv": [ 15.3125, 4.5, 11.1875, 4.625 ], "texture": "#texture" }
    }
},
{
    "__comment": "Nova",
    "from": [ 7.875, 6.875, 11.625 ],
    "to": [ 8.125, 7.125, 11.875 ],
    "faces": {
        "down":  { "uv": [ 8.75, 12.875, 8.5, 12.625 ], "texture": "#texture" },
        "south": { "uv": [ 8.6875, 12.5625, 8.9375, 12.8125 ], "texture": "#texture" },
        "west":  { "uv": [ 11.625, 8.875, 11.875, 9.125 ], "texture": "#texture" },
        "east":  { "uv": [ 11.875, 8.875, 11.625, 9.125 ], "texture": "#texture" }
    }
},
{
    "__comment": "Front",
    "from": [ 7.75, 7.6, 24.75 ],
    "to": [ 8.25, 8.1, 24.875 ],
    "faces": {
        "down":  { "uv": [ 1.0625, 5.5, 0.5625, 5.375 ], "texture": "#texture" },
        "up":    { "uv": [ 0.6875, 5.5625, 1.1875, 5.6875 ], "texture": "#texture" },
        "north": { "uv": [ 8.25, 4.875, 7.75, 5.375 ], "texture": "#texture" },
        "south": { "uv": [ 0.625, 3.8125, 1.125, 4.3125 ], "texture": "#texture" },
        "west":  { "uv": [ 11.75, 4.875, 11.875, 5.375 ], "texture": "#texture" },
        "east":  { "uv": [ 11.875, 4.875, 11.75, 5.375 ], "texture": "#texture" }
    }
},
{
    "__comment": "Nova",
    "from": [ 7.875, 7, 11.875 ],
    "to": [ 8.125, 7.125, 12.125 ],
    "faces": {
        "down":  { "uv": [ 8.9375, 12.875, 8.6875, 12.625 ], "texture": "#texture" },
        "south": { "uv": [ 8.75, 12.625, 9, 12.75 ], "texture": "#texture" },
        "west":  { "uv": [ 11.875, 8.875, 12.125, 9 ], "texture": "#texture" },
        "east":  { "uv": [ 12.125, 8.875, 11.875, 9 ], "texture": "#texture" }
    }
},
{
    "__comment": "Front",
    "from": [ 7.875, 8.975, 27 ],
    "to": [ 8.125, 9.225, 27.25 ],
    "faces": {
        "down":  { "uv": [ 8.8125, 12.9375, 8.5625, 12.6875 ], "texture": "#texture" },
        "up":    { "uv": [ 8.5625, 12.75, 8.8125, 13 ], "texture": "#texture" },
        "north": { "uv": [ 8.75, 12.6875, 8.5, 12.9375 ], "texture": "#texture" },
        "south": { "uv": [ 8.8125, 12.625, 9.0625, 12.875 ], "texture": "#texture" },
        "west":  { "uv": [ 8.75, 12.8125, 9, 13.0625 ], "texture": "#texture" },
        "east":  { "uv": [ 9.0625, 12.625, 8.8125, 12.875 ], "texture": "#texture" }
    }
},
{
    "__comment": "Front",
    "from": [ 7.875, 9.1, 27.25 ],
    "to": [ 8.125, 9.225, 27.875 ],
    "faces": {
        "down":  { "uv": [ 9.4375, 12.875, 8.9375, 12.6875 ], "rotation": 90, "texture": "#texture" },
        "up":    { "uv": [ 9.125, 12.5, 9.375, 13.125 ], "texture": "#texture" },
        "north": { "uv": [ 9, 12.6875, 8.75, 12.8125 ], "texture": "#texture" },
        "south": { "uv": [ 9, 12.6875, 9.25, 12.8125 ], "texture": "#texture" },
        "west":  { "uv": [ 8.6875, 12.8125, 9.3125, 12.9375 ], "texture": "#texture" },
        "east":  { "uv": [ 9.4375, 12.875, 8.8125, 13 ], "texture": "#texture" }
    }
},
{
    "__comment": "Front",
    "from": [ 7.875, 8.975, 27.75 ],
    "to": [ 8.125, 9.1, 28 ],
    "faces": {
        "down":  { "uv": [ 9.3125, 12.9375, 9.0625, 12.6875 ], "texture": "#texture" },
        "up":    { "uv": [ 8.875, 12.6875, 9.125, 12.9375 ], "texture": "#texture" },
        "north": { "uv": [ 9.3125, 12.8125, 9.0625, 12.9375 ], "texture": "#texture" },
        "south": { "uv": [ 8.8125, 12.6875, 9.0625, 12.8125 ], "texture": "#texture" },
        "west":  { "uv": [ 14.1875, 3.6875, 14.4375, 3.8125 ], "texture": "#texture" },
        "east":  { "uv": [ 14.5, 3.6875, 14.25, 3.8125 ], "texture": "#texture" }
    }
},
{
    "__comment": "Nova",
    "from": [ 8.125, 9.375, 10.625 ],
    "to": [ 8.25, 9.5, 11.125 ],
    "faces": {
        "up":    { "uv": [ 13.5625, 5.625, 13.6875, 6.125 ], "texture": "#texture" },
        "north": { "uv": [ 13.25, 5.8125, 13.125, 5.9375 ], "texture": "#texture" },
        "south": { "uv": [ 13.3125, 5.875, 13.4375, 6 ], "texture": "#texture" },
        "west":  { "uv": [ 13.5, 5.875, 14, 6 ], "texture": "#texture" },
        "east":  { "uv": [ 13.5625, 5.8125, 13.0625, 5.9375 ], "texture": "#texture" }
    }
},
{
    "__comment": "Front",
    "from": [ 7.75, 8.6, 24.125 ],
    "to": [ 8.25, 8.725, 28.5 ],
    "faces": {
        "down":  { "uv": [ 8.25, 15.5, 7.75, 11.125 ], "texture": "#texture" },
        "up":    { "uv": [ 7.75, 11.125, 8.25, 15.5 ], "texture": "#texture" },
        "north": { "uv": [ 8.25, 4.25, 7.75, 4.375 ], "texture": "#texture" },
        "south": { "uv": [ 10.4375, 2.8125, 10.9375, 2.9375 ], "texture": "#texture" },
        "west":  { "uv": [ 11, 4.25, 15.375, 4.375 ], "texture": "#texture" },
        "east":  { "uv": [ 15.3125, 4.25, 10.9375, 4.375 ], "texture": "#texture" }
    }
},
{
    "__comment": "Front",
    "from": [ 7.75, 8.6625, 16 ],
    "to": [ 8.25, 8.85, 24.125 ],
    "faces": {
        "down":  { "uv": [ 8.25, 11.125, 7.75, 3 ], "texture": "#texture" },
        "up":    { "uv": [ 3.25, 4.125, 10.4375, 4.3125 ], "rotation": 90, "texture": "#texture" },
        "north": { "uv": [ 8.25, 4.125, 7.75, 4.3125 ], "texture": "#texture" },
        "south": { "uv": [ 7.75, 4.125, 8.25, 4.3125 ], "texture": "#texture" },
        "west":  { "uv": [ 3, 4.125, 11.125, 4.3125 ], "texture": "#texture" },
        "east":  { "uv": [ 11.125, 4.125, 3, 4.3125 ], "texture": "#texture" }
    }
},
{
    "__comment": "Front",
    "from": [ 7.875, 8.85, 24.375 ],
    "to": [ 8.125, 8.975, 28.5 ],
    "faces": {
        "down":  { "uv": [ 8.125, 15.5, 7.875, 11.375 ], "texture": "#texture" },
        "up":    { "uv": [ 0.625, 0.375, 1, 5.25 ], "texture": "#texture" },
        "north": { "uv": [ 8.125, 4, 7.875, 4.125 ], "texture": "#texture" },
        "south": { "uv": [ 10.6875, 2.75, 10.9375, 2.875 ], "texture": "#texture" },
        "west":  { "uv": [ 11.25, 4.125, 15.375, 4.25 ], "texture": "#texture" },
        "east":  { "uv": [ 15.3125, 4.125, 11.1875, 4.25 ], "texture": "#texture" }
    }
},
{
    "__comment": "Front",
    "from": [ 7.875, 8.85, 19.625 ],
    "to": [ 8.125, 8.975, 24.375 ],
    "faces": {
        "down":  { "uv": [ 8.125, 11.375, 7.875, 6.625 ], "texture": "#texture" },
        "up":    { "uv": [ 0.75, 1.375, 1, 6.125 ], "texture": "#texture" },
        "north": { "uv": [ 8.125, 4, 7.875, 4.125 ], "texture": "#texture" },
        "south": { "uv": [ 7.875, 4, 8.125, 4.125 ], "texture": "#texture" },
        "west":  { "uv": [ 6.625, 4.125, 11.375, 4.25 ], "texture": "#texture" },
        "east":  { "uv": [ 11.375, 4.125, 6.625, 4.25 ], "texture": "#texture" }
    }
},
{
    "__comment": "Nova*",
    "from": [ 7.875, 6.4375, 10.5 ],
    "to": [ 8.125, 6.5625, 10.875 ],
    "faces": {
        "down":  { "uv": [ 9.25, 13, 9, 12.625 ], "texture": "#texture" },
        "up":    { "uv": [ 8.6875, 12.5625, 8.9375, 12.9375 ], "texture": "#texture" },
        "north": { "uv": [ 8.125, 9.4375, 7.875, 9.5625 ], "texture": "#texture" },
        "south": { "uv": [ 7.875, 9.4375, 8.125, 9.5625 ], "texture": "#texture" },
        "west":  { "uv": [ 10.5, 9.4375, 10.875, 9.5625 ], "texture": "#texture" },
        "east":  { "uv": [ 10.875, 9.4375, 10.5, 9.5625 ], "texture": "#texture" }
    }
},
{
    "__comment": "Nova*",
    "from": [ 7.875, 6.5, 10 ],
    "to": [ 8.125, 6.625, 10.5 ],
    "faces": {
        "down":  { "uv": [ 9.0625, 13.0625, 8.8125, 12.5625 ], "texture": "#texture" },
        "up":    { "uv": [ 9.1875, 12.5625, 9.4375, 13.0625 ], "texture": "#texture" },
        "north": { "uv": [ 9.3125, 12.75, 9.0625, 12.875 ], "texture": "#texture" },
        "south": { "uv": [ 8.9375, 12.75, 9.1875, 12.875 ], "texture": "#texture" },
        "west":  { "uv": [ 10.0625, 9.375, 10.5625, 9.5 ], "texture": "#texture" },
        "east":  { "uv": [ 10.5625, 9.375, 10.0625, 9.5 ], "texture": "#texture" }
    }
},
{
    "__comment": "Nova*",
    "from": [ 7.875, 7.125, 10.125 ],
    "to": [ 8.125, 7.25, 10.3125 ],
    "faces": {
        "north": { "uv": [ 8.875, 12.8125, 8.625, 12.9375 ], "texture": "#texture" },
        "south": { "uv": [ 9, 12.75, 9.25, 12.875 ], "texture": "#texture" },
        "west":  { "uv": [ 10.125, 8.75, 10.3125, 8.875 ], "texture": "#texture" },
        "east":  { "uv": [ 10.3125, 8.75, 10.125, 8.875 ], "texture": "#texture" }
    }
},
{
    "__comment": "Nova*",
    "from": [ 7.875, 7, 10.125 ],
    "to": [ 8.125, 7.125, 10.3125 ],
    "faces": {
        "down":  { "uv": [ 9.0625, 12.9375, 8.8125, 12.75 ], "texture": "#texture" },
        "north": { "uv": [ 8.9375, 12.8125, 8.6875, 12.9375 ], "texture": "#texture" },
        "south": { "uv": [ 8.9375, 12.8125, 9.1875, 12.9375 ], "texture": "#texture" },
        "west":  { "uv": [ 10.125, 8.875, 10.3125, 9 ], "texture": "#texture" },
        "east":  { "uv": [ 10.3125, 8.875, 10.125, 9 ], "texture": "#texture" }
    }
},
{
    "__comment": "Nova*",
    "from": [ 7.875, 6.875, 10.1875 ],
    "to": [ 8.125, 7, 10.375 ],
    "faces": {
        "down":  { "uv": [ 9.25, 12.875, 9, 12.6875 ], "texture": "#texture" },
        "up":    { "uv": [ 9, 12.75, 9.25, 12.9375 ], "texture": "#texture" },
        "north": { "uv": [ 9, 12.6875, 8.75, 12.8125 ], "texture": "#texture" },
        "south": { "uv": [ 8.5, 12.8125, 8.75, 12.9375 ], "texture": "#texture" },
        "west":  { "uv": [ 10.1875, 9, 10.375, 9.125 ], "texture": "#texture" },
        "east":  { "uv": [ 10.375, 9, 10.1875, 9.125 ], "texture": "#texture" }
    }
},
{
    "__comment": "Nova*",
    "from": [ 7.875, 6.75, 10.25 ],
    "to": [ 8.125, 6.875, 10.375 ],
    "faces": {
        "down":  { "uv": [ 8.9375, 12.8125, 8.6875, 12.6875 ], "texture": "#texture" },
        "north": { "uv": [ 8.75, 12.75, 8.5, 12.875 ], "texture": "#texture" },
        "south": { "uv": [ 8.6875, 12.625, 8.9375, 12.75 ], "texture": "#texture" },
        "west":  { "uv": [ 10.25, 9.125, 10.375, 9.25 ], "texture": "#texture" },
        "east":  { "uv": [ 10.375, 9.125, 10.25, 9.25 ], "texture": "#texture" }
    }
},
{
    "__comment": "Front*",
    "from": [ 7.5, 8.35, 15.4375 ],
    "to": [ 8.5, 8.725, 19.625 ],
    "faces": {
        "down":  { "uv": [ 8.5, 6.6875, 7.5, 2.4375 ], "texture": "#texture" },
        "up":    { "uv": [ 7.5625, 0, 8.4375, 4.0625 ], "texture": "#texture" },
        "north": { "uv": [ 4.875, 4.0625, 3.875, 4.4375 ], "texture": "#texture" },
        "south": { "uv": [ 7.5, 4.25, 8.5, 4.625 ], "texture": "#texture" },
        "west":  { "uv": [ 2.4375, 4.125, 6.6875, 4.5 ], "texture": "#texture" },
        "east":  { "uv": [ 6.75, 4.125, 2.5, 4.5 ], "texture": "#texture" }
    }
},
{
    "__comment": "Front*",
    "from": [ 7.875, 8.85, 14.875 ],
    "to": [ 8.125, 8.975, 19.625 ],
    "faces": {
        "down":  { "uv": [ 8.125, 6.625, 7.875, 1.875 ], "texture": "#texture" },
        "up":    { "uv": [ 13.8125, 10.0625, 14.0625, 14.8125 ], "texture": "#texture" },
        "north": { "uv": [ 8.125, 4, 7.875, 4.125 ], "texture": "#texture" },
        "south": { "uv": [ 7.875, 4, 8.125, 4.125 ], "texture": "#texture" },
        "west":  { "uv": [ 1.875, 4, 6.625, 4.125 ], "texture": "#texture" },
        "east":  { "uv": [ 6.625, 4, 1.875, 4.125 ], "texture": "#texture" }
    }
}
],
"display": {
    "thirdperson_righthand": {
        "rotation": [ 0, 180, 0 ],
        "translation": [ -0.6, 0.8, 3.5 ],
        "scale": [ 1, 1, 1 ]
    },
    "firstperson_righthand": {
        "rotation": [ 5, 183, 0 ],
        "translation": [ -2, 4, 8 ],
        "scale": [ 0.8, 0.8, 0.8 ]
    },
    "gui": {
        "rotation": [ -55, -45, -45 ],
        "translation": [ 5, -3.5, 0 ],
        "scale": [ 1, 1, 1 ]
    },
    "ground": {
        "rotation": [ 0, 0, 0 ],
        "translation": [ 0, 0, 0 ],
        "scale": [ 0.9, 0.9, 0.9 ]
    }
}
}