{
"__comment": "Designed by Mechanan with BDcraft Cubik PRO 0.95 Beta - http://bdcraft.net",
"textures": {
    "texture": "items/p90_asii"
},
"elements": [ 
{
    "__comment": "P90_Maya",
    "from": [ 7.25, 9.875, 3.125 ],
    "to": [ 8.75, 10.5, 3.75 ],
    "faces": {
        "down":  { "uv": [ 8.9375, 3.375, 7.5, 2.875 ], "texture": "#texture" },
        "up":    { "uv": [ 7.1875, 2.8125, 8.6875, 3.4375 ], "texture": "#texture" },
        "north": { "uv": [ 8.8125, 2.8125, 7.3125, 3.4375 ], "texture": "#texture" },
        "south": { "uv": [ 7.25, 2.8125, 8.75, 3.4375 ], "texture": "#texture" },
        "west":  { "uv": [ 7.5625, 2.8125, 8.1875, 3.4375 ], "texture": "#texture" },
        "east":  { "uv": [ 7.8125, 2.8125, 7.1875, 3.4375 ], "texture": "#texture" }
    }
},
{
    "__comment": "P90_Maya",
    "from": [ 7.25, 7.375, 3.5 ],
    "to": [ 8.75, 7.75, 15.875 ],
    "faces": {
        "down":  { "uv": [ 12, 13.375, 3.5, 12.125 ], "rotation": 90, "texture": "#texture" },
        "up":    { "uv": [ 3.6875, 8.0625, 15.6875, 8.3125 ], "rotation": 90, "texture": "#texture" },
        "north": { "uv": [ 8.75, 8.25, 7.25, 8.625 ], "texture": "#texture" },
        "south": { "uv": [ 14.4375, 10.25, 15.9375, 10.625 ], "texture": "#texture" },
        "west":  { "uv": [ 3.5, 8.25, 15.875, 8.625 ], "texture": "#texture" },
        "east":  { "uv": [ 15.875, 8.25, 3.5, 8.625 ], "texture": "#texture" }
    }
},
{
    "__comment": "P90_Maya",
    "from": [ 7.25, 9.875, 6.375 ],
    "to": [ 8.75, 10.5, 7 ],
    "faces": {
        "down":  { "uv": [ 9.125, 3.4375, 7.625, 2.8125 ], "texture": "#texture" },
        "up":    { "uv": [ 7.1875, 2.8125, 8.6875, 3.4375 ], "texture": "#texture" },
        "north": { "uv": [ 9.25, 2.8125, 7.75, 3.4375 ], "texture": "#texture" },
        "south": { "uv": [ 7.375, 2.8125, 8.875, 3.4375 ], "texture": "#texture" },
        "west":  { "uv": [ 7.375, 2.875, 8, 3.5 ], "texture": "#texture" },
        "east":  { "uv": [ 8.125, 2.8125, 7.5, 3.4375 ], "texture": "#texture" }
    }
},
{
    "__comment": "P90_Maya",
    "from": [ 7.25, 7.75, 6.75 ],
    "to": [ 8.75, 8.375, 15.875 ],
    "faces": {
        "up":    { "uv": [ 7.5, 8, 15.5, 8.5 ], "texture": "#texture" },
        "north": { "uv": [ 15.5, 8, 14, 8.625 ], "texture": "#texture" },
        "south": { "uv": [ 14.625, 10, 15.9375, 10.5625 ], "texture": "#texture" },
        "west":  { "uv": [ 6.75, 7.625, 15.875, 8.25 ], "texture": "#texture" },
        "east":  { "uv": [ 15.875, 7.625, 6.75, 8.25 ], "texture": "#texture" }
    }
},
{
    "__comment": "P90_Maya",
    "from": [ 7.25, 8.375, 6.75 ],
    "to": [ 8.75, 9.375, 7.75 ],
    "faces": {
        "up":    { "uv": [ 14.6875, 7.5, 15.5625, 8.875 ], "texture": "#texture" },
        "north": { "uv": [ 15.25, 7.625, 14.625, 9.1875 ], "texture": "#texture" },
        "south": { "uv": [ 14.5625, 7.625, 15.3125, 9.0625 ], "texture": "#texture" },
        "west":  { "uv": [ 6.75, 6.625, 7.75, 7.625 ], "texture": "#texture" },
        "east":  { "uv": [ 7.75, 6.625, 6.75, 7.625 ], "texture": "#texture" }
    }
},
{
    "__comment": "P90_Maya",
    "from": [ 7.25, 9.375, 6.75 ],
    "to": [ 8.75, 9.75, 7.375 ],
    "faces": {
        "up":    { "uv": [ 13.5, 8.8125, 15, 9.4375 ], "texture": "#texture" },
        "north": { "uv": [ 15.5, 8.3125, 14, 8.6875 ], "texture": "#texture" },
        "south": { "uv": [ 13.6875, 8.5625, 15.1875, 8.9375 ], "texture": "#texture" },
        "west":  { "uv": [ 6.75, 6.25, 7.375, 6.625 ], "texture": "#texture" },
        "east":  { "uv": [ 7.375, 6.25, 6.75, 6.625 ], "texture": "#texture" }
    }
},
{
    "__comment": "P90_Maya",
    "from": [ 7.25, 8.375, 11.375 ],
    "to": [ 8.75, 8.75, 15.875 ],
    "faces": {
        "up":    { "uv": [ 10.25, 6.375, 16, 6.8125 ], "rotation": 90, "texture": "#texture" },
        "north": { "uv": [ 15.25, 2.875, 14, 3.25 ], "texture": "#texture" },
        "south": { "uv": [ 14.625, 10.0625, 16, 10.375 ], "texture": "#texture" },
        "west":  { "uv": [ 11.375, 7.25, 15.875, 7.625 ], "texture": "#texture" },
        "east":  { "uv": [ 15.875, 7.25, 11.375, 7.625 ], "texture": "#texture" }
    }
},
{
    "__comment": "P90_Maya",
    "from": [ 7.25, 8.75, 11.375 ],
    "to": [ 8.75, 8.875, 13.875 ],
    "faces": {
        "up":    { "uv": [ 11.3125, 2.875, 13.875, 3.4375 ], "rotation": 90, "texture": "#texture" },
        "north": { "uv": [ 15.1875, 2.75, 14, 2.875 ], "texture": "#texture" },
        "south": { "uv": [ 12.5, 7.5, 14, 7.625 ], "texture": "#texture" },
        "west":  { "uv": [ 11.375, 7.125, 13.875, 7.25 ], "texture": "#texture" },
        "east":  { "uv": [ 13.875, 7.125, 11.375, 7.25 ], "texture": "#texture" }
    }
},
{
    "__comment": "P90_Maya",
    "from": [ 7.25, 7.25, 11.5 ],
    "to": [ 8.75, 7.375, 15.875 ],
    "faces": {
        "down":  { "uv": [ 14.4375, 6.0625, 10.4375, 5.0625 ], "texture": "#texture" },
        "north": { "uv": [ 13.1875, 5.875, 11.6875, 6 ], "texture": "#texture" },
        "south": { "uv": [ 14.1875, 10.4375, 15.6875, 10.5625 ], "texture": "#texture" },
        "west":  { "uv": [ 11.5, 8.625, 15.875, 8.75 ], "texture": "#texture" },
        "east":  { "uv": [ 15.875, 8.625, 11.5, 8.75 ], "texture": "#texture" }
    }
},
{
    "__comment": "P90_Maya",
    "from": [ 7.25, 6, 11.625 ],
    "to": [ 8.75, 7.25, 15.875 ],
    "faces": {
        "down":  { "uv": [ 13.375, 6.25, 10.375, 3.75 ], "texture": "#texture" },
        "north": { "uv": [ 13, 11.1875, 11.5, 12.4375 ], "texture": "#texture" },
        "south": { "uv": [ 14.875, 9.8125, 15.875, 10.625 ], "texture": "#texture" },
        "west":  { "uv": [ 11.625, 8.75, 15.875, 10 ], "texture": "#texture" },
        "east":  { "uv": [ 15.875, 8.75, 11.625, 10 ], "texture": "#texture" }
    }
},
{
    "__comment": "P90_Maya",
    "from": [ 7.25, 5.875, 11.75 ],
    "to": [ 8.75, 6, 15.875 ],
    "faces": {
        "down":  { "uv": [ 6.4375, 2.5, 2.75, 2 ], "rotation": 90, "texture": "#texture" },
        "north": { "uv": [ 9.9375, 6.4375, 8.4375, 6.5625 ], "texture": "#texture" },
        "south": { "uv": [ 14.0625, 10.4375, 15.5625, 10.5625 ], "texture": "#texture" },
        "west":  { "uv": [ 11.75, 10, 15.875, 10.125 ], "texture": "#texture" },
        "east":  { "uv": [ 15.875, 10, 11.75, 10.125 ], "texture": "#texture" }
    }
},
{
    "__comment": "P90_Maya",
    "from": [ 7.375, 6, 2 ],
    "to": [ 8.625, 7.375, 2.625 ],
    "faces": {
        "down":  { "uv": [ 3.375, 9.25, 2.125, 8.625 ], "texture": "#texture" },
        "up":    { "uv": [ 2.25, 8.625, 3.5, 9.25 ], "texture": "#texture" },
        "north": { "uv": [ 10.75, 9.9375, 10.1875, 10.875 ], "texture": "#texture" },
        "south": { "uv": [ 12.375, 11.0625, 13.625, 12.4375 ], "texture": "#texture" },
        "west":  { "uv": [ 2, 8.625, 2.625, 10 ], "texture": "#texture" },
        "east":  { "uv": [ 2.625, 8.625, 2, 10 ], "texture": "#texture" }
    }
},
{
    "__comment": "P90_Maya",
    "from": [ 7.375, 8.125, 2 ],
    "to": [ 8.625, 8.375, 6.75 ],
    "faces": {
        "down":  { "uv": [ 8.5, 8.5, 2.5, 8 ], "texture": "#texture" },
        "up":    { "uv": [ 3.0625, 7.4375, 6.625, 7.75 ], "rotation": 90, "texture": "#texture" },
        "north": { "uv": [ 8.625, 7.625, 7.375, 7.875 ], "texture": "#texture" },
        "west":  { "uv": [ 2, 7.625, 6.75, 7.875 ], "texture": "#texture" },
        "east":  { "uv": [ 6.75, 7.625, 2, 7.875 ], "texture": "#texture" }
    }
},
{
    "__comment": "P90_Maya",
    "from": [ 7.375, 8.375, 2 ],
    "to": [ 8.625, 9.75, 2.875 ],
    "faces": {
        "up":    { "uv": [ 8, 10.0625, 8.875, 11.0625 ], "texture": "#texture" },
        "north": { "uv": [ 2.75, 6.25, 2.125, 7.625 ], "texture": "#texture" },
        "south": { "uv": [ 2, 6.125, 2.8125, 7.5 ], "texture": "#texture" },
        "west":  { "uv": [ 2.125, 6.25, 2.8125, 7.625 ], "texture": "#texture" },
        "east":  { "uv": [ 2.75, 6.25, 2.125, 7.625 ], "texture": "#texture" }
    }
},
{
    "__comment": "P90_Maya",
    "from": [ 7.375, 9.75, 2.125 ],
    "to": [ 8.625, 9.875, 2.875 ],
    "faces": {
        "up":    { "uv": [ 8, 10, 8.75, 11 ], "texture": "#texture" },
        "north": { "uv": [ 9, 10.5625, 7.75, 10.6875 ], "texture": "#texture" },
        "south": { "uv": [ 2.25, 6.125, 3.5, 6.25 ], "texture": "#texture" },
        "west":  { "uv": [ 2.125, 6.125, 2.875, 6.25 ], "texture": "#texture" },
        "east":  { "uv": [ 2.875, 6.125, 2.125, 6.25 ], "texture": "#texture" }
    }
},
{
    "__comment": "P90_Maya",
    "from": [ 7.375, 7.375, 2.25 ],
    "to": [ 8.625, 8.125, 3.5 ],
    "faces": {
        "down":  { "uv": [ 8.625, 3.5, 7.375, 2.25 ], "texture": "#texture" },
        "north": { "uv": [ 8.625, 7.875, 7.375, 8.625 ], "texture": "#texture" },
        "south": { "uv": [ 7.375, 7.875, 8.625, 8.625 ], "texture": "#texture" },
        "west":  { "uv": [ 2.25, 7.875, 3.5, 8.625 ], "texture": "#texture" },
        "east":  { "uv": [ 3.5, 7.875, 2.25, 8.625 ], "texture": "#texture" }
    }
},
{
    "__comment": "P90_Maya",
    "from": [ 7.375, 9.875, 2.25 ],
    "to": [ 8.625, 10, 2.875 ],
    "faces": {
        "up":    { "uv": [ 8.0625, 10, 8.6875, 11 ], "texture": "#texture" },
        "north": { "uv": [ 9, 10.5625, 7.75, 10.6875 ], "texture": "#texture" },
        "south": { "uv": [ 2.25, 6, 3.5, 6.125 ], "texture": "#texture" },
        "west":  { "uv": [ 2.375, 6, 2.9375, 6.125 ], "texture": "#texture" },
        "east":  { "uv": [ 2.875, 6, 2.4375, 6.125 ], "texture": "#texture" }
    }
},
{
    "__comment": "P90_Maya",
    "from": [ 7.375, 10, 2.375 ],
    "to": [ 8.625, 10.125, 3.125 ],
    "faces": {
        "down":  { "uv": [ 4, 6.5, 2.75, 5.75 ], "texture": "#texture" },
        "up":    { "uv": [ 4.1875, 5.875, 5.1875, 6.4375 ], "texture": "#texture" },
        "north": { "uv": [ 4.8125, 5.9375, 3.5625, 6.0625 ], "texture": "#texture" },
        "west":  { "uv": [ 2.5, 5.875, 3.125, 6 ], "texture": "#texture" },
        "east":  { "uv": [ 3.125, 5.875, 2.5, 6 ], "texture": "#texture" }
    }
},
{
    "__comment": "P90_Maya",
    "from": [ 7.375, 6.75, 2.625 ],
    "to": [ 8.625, 7.375, 2.875 ],
    "faces": {
        "down":  { "uv": [ 3.75, 9, 2.5, 8.75 ], "texture": "#texture" },
        "south": { "uv": [ 2.375, 8.625, 3.625, 9.25 ], "texture": "#texture" },
        "west":  { "uv": [ 2.625, 8.625, 2.875, 9.25 ], "texture": "#texture" },
        "east":  { "uv": [ 2.875, 8.625, 2.625, 9.25 ], "texture": "#texture" }
    }
},
{
    "__comment": "P90_Maya",
    "from": [ 7.375, 10.125, 2.625 ],
    "to": [ 8.625, 10.375, 3.125 ],
    "faces": {
        "up":    { "uv": [ 4.25, 5.9375, 5.1875, 6.375 ], "texture": "#texture" },
        "north": { "uv": [ 5.25, 6.3125, 4, 6.5625 ], "texture": "#texture" },
        "west":  { "uv": [ 2.625, 5.625, 3.125, 5.875 ], "texture": "#texture" },
        "east":  { "uv": [ 3.125, 5.625, 2.625, 5.875 ], "texture": "#texture" }
    }
},
{
    "__comment": "P90_Maya",
    "from": [ 7.375, 7.125, 2.875 ],
    "to": [ 8.625, 7.375, 4.625 ],
    "faces": {
        "down":  { "uv": [ 12.1875, 13.0625, 10.9375, 11.3125 ], "texture": "#texture" },
        "up":    { "uv": [ 11.1875, 11.4375, 12.4375, 13.1875 ], "texture": "#texture" },
        "south": { "uv": [ 8.6875, 8.25, 9.9375, 8.5 ], "texture": "#texture" },
        "west":  { "uv": [ 2.875, 8.625, 4.625, 8.875 ], "texture": "#texture" },
        "east":  { "uv": [ 4.625, 8.625, 2.875, 8.875 ], "texture": "#texture" }
    }
},
{
    "__comment": "P90_Maya",
    "from": [ 7.375, 8.5, 2.875 ],
    "to": [ 8.625, 9, 6.75 ],
    "faces": {
        "down":  { "uv": [ 7.0625, 3.375, 10.5625, 2.875 ], "texture": "#texture" },
        "up":    { "uv": [ 7.125, 2.8125, 10.625, 3.3125 ], "texture": "#texture" },
        "west":  { "uv": [ 2.875, 6.9375, 6.75, 7.375 ], "texture": "#texture" },
        "east":  { "uv": [ 6.75, 6.9375, 2.875, 7.375 ], "texture": "#texture" }
    }
},
{
    "__comment": "P90_Maya",
    "from": [ 7.375, 9.375, 2.875 ],
    "to": [ 8.625, 9.75, 6.75 ],
    "faces": {
        "down":  { "uv": [ 2.875, 6.5, 6.3125, 5.875 ], "rotation": 90, "texture": "#texture" },
        "up":    { "uv": [ 2.875, 5.75, 6.6875, 6.4375 ], "texture": "#texture" },
        "west":  { "uv": [ 2.875, 6.25, 6.75, 6.625 ], "texture": "#texture" },
        "east":  { "uv": [ 6.75, 6.25, 2.875, 6.625 ], "texture": "#texture" }
    }
},
{
    "__comment": "P90_Maya",
    "from": [ 7.375, 6.75, 3.5 ],
    "to": [ 8.625, 7.125, 4.375 ],
    "faces": {
        "down":  { "uv": [ 9.625, 8.4375, 8.5625, 7.875 ], "texture": "#texture" },
        "north": { "uv": [ 9.75, 8.0625, 8.5, 8.4375 ], "texture": "#texture" },
        "south": { "uv": [ 8.3125, 8.125, 9.5625, 8.5 ], "texture": "#texture" },
        "west":  { "uv": [ 3.5, 8.875, 4.375, 9.25 ], "texture": "#texture" },
        "east":  { "uv": [ 4.375, 8.875, 3.5, 9.25 ], "texture": "#texture" }
    }
},
{
    "__comment": "P90_Maya",
    "from": [ 7.375, 7.75, 3.5 ],
    "to": [ 8.625, 8.125, 6.75 ],
    "faces": {
        "west":  { "uv": [ 3.5, 7.875, 6.75, 8.25 ], "texture": "#texture" },
        "east":  { "uv": [ 6.75, 7.875, 3.5, 8.25 ], "texture": "#texture" }
    }
},
{
    "__comment": "P90_Maya",
    "from": [ 7.375, 6.25, 3.75 ],
    "to": [ 8.625, 6.75, 4.25 ],
    "faces": {
        "down":  { "uv": [ 9.6875, 8.375, 8.4375, 7.875 ], "texture": "#texture" },
        "north": { "uv": [ 9.625, 8, 8.375, 8.5 ], "texture": "#texture" },
        "south": { "uv": [ 8.5, 7.9375, 9.75, 8.4375 ], "texture": "#texture" },
        "west":  { "uv": [ 3.75, 9.25, 4.25, 9.75 ], "texture": "#texture" },
        "east":  { "uv": [ 4.25, 9.25, 3.75, 9.75 ], "texture": "#texture" }
    }
},
{
    "__comment": "P90_Maya",
    "from": [ 7.375, 10, 3.75 ],
    "to": [ 8.625, 10.375, 6.375 ],
    "faces": {
        "down":  { "uv": [ 3.25, 6.25, 6.3125, 5.875 ], "texture": "#texture" },
        "up":    { "uv": [ 6.9375, 2.875, 10.4375, 3.375 ], "texture": "#texture" },
        "west":  { "uv": [ 3.75, 5.625, 6.375, 6 ], "texture": "#texture" },
        "east":  { "uv": [ 6.375, 5.625, 3.75, 6 ], "texture": "#texture" }
    }
},
{
    "__comment": "P90_Maya",
    "from": [ 7.375, 5.875, 3.875 ],
    "to": [ 8.625, 6, 4.5 ],
    "faces": {
        "down":  { "uv": [ 6, 11.25, 4.75, 10.625 ], "texture": "#texture" },
        "up":    { "uv": [ 4.75, 10.625, 6, 11.25 ], "texture": "#texture" },
        "north": { "uv": [ 6, 10.875, 4.75, 11 ], "texture": "#texture" },
        "south": { "uv": [ 4.75, 10.75, 6, 10.875 ], "texture": "#texture" },
        "west":  { "uv": [ 3.875, 10, 4.5, 10.125 ], "texture": "#texture" },
        "east":  { "uv": [ 4.5, 10, 3.875, 10.125 ], "texture": "#texture" }
    }
},
{
    "__comment": "P90_Maya",
    "from": [ 7.375, 6, 3.875 ],
    "to": [ 8.625, 6.125, 4.375 ],
    "faces": {
        "up":    { "uv": [ 4.75, 10.625, 6, 11.125 ], "texture": "#texture" },
        "north": { "uv": [ 5.75, 10.875, 4.5, 11 ], "texture": "#texture" },
        "south": { "uv": [ 4.625, 10.875, 5.875, 11 ], "texture": "#texture" },
        "west":  { "uv": [ 3.875, 9.875, 4.375, 10 ], "texture": "#texture" },
        "east":  { "uv": [ 4.375, 9.875, 3.875, 10 ], "texture": "#texture" }
    }
},
{
    "__comment": "P90_Maya",
    "from": [ 7.375, 6.125, 3.875 ],
    "to": [ 8.625, 6.25, 4.25 ],
    "faces": {
        "north": { "uv": [ 5.25, 10.625, 4, 10.75 ], "texture": "#texture" },
        "south": { "uv": [ 4.25, 10.75, 5.5, 10.875 ], "texture": "#texture" },
        "west":  { "uv": [ 3.875, 9.75, 4.25, 9.875 ], "texture": "#texture" },
        "east":  { "uv": [ 4.25, 9.75, 3.875, 9.875 ], "texture": "#texture" }
    }
},
{
    "__comment": "P90_Maya",
    "from": [ 7.375, 5.5, 4 ],
    "to": [ 8.625, 5.625, 4.875 ],
    "faces": {
        "down":  { "uv": [ 12.5625, 5.9375, 11.3125, 5.0625 ], "texture": "#texture" },
        "up":    { "uv": [ 6.75, 11.375, 8, 12.25 ], "texture": "#texture" },
        "north": { "uv": [ 5.75, 10.75, 4.5, 10.875 ], "texture": "#texture" },
        "south": { "uv": [ 4.75, 10.625, 6, 10.75 ], "texture": "#texture" },
        "west":  { "uv": [ 4, 10.375, 4.875, 10.5 ], "texture": "#texture" },
        "east":  { "uv": [ 4.875, 10.375, 4, 10.5 ], "texture": "#texture" }
    }
},
{
    "__comment": "P90_Maya",
    "from": [ 7.375, 5.625, 4 ],
    "to": [ 8.625, 5.875, 4.625 ],
    "faces": {
        "up":    { "uv": [ 4.75, 10.625, 6, 11.25 ], "texture": "#texture" },
        "north": { "uv": [ 5.875, 10.75, 4.625, 11 ], "texture": "#texture" },
        "south": { "uv": [ 4.75, 10.75, 6, 11 ], "texture": "#texture" },
        "west":  { "uv": [ 4, 10.125, 4.625, 10.375 ], "texture": "#texture" },
        "east":  { "uv": [ 4.625, 10.125, 4, 10.375 ], "texture": "#texture" }
    }
},
{
    "__comment": "P90_Maya",
    "from": [ 7.375, 5.125, 4.25 ],
    "to": [ 8.625, 5.375, 6.125 ],
    "faces": {
        "down":  { "uv": [ 12.5625, 13.0625, 11.3125, 11.1875 ], "texture": "#texture" },
        "up":    { "uv": [ 11.25, 12.3125, 12.5, 14.1875 ], "texture": "#texture" },
        "north": { "uv": [ 5.875, 10.5, 4.625, 10.75 ], "texture": "#texture" },
        "south": { "uv": [ 4.625, 10.5, 5.875, 10.75 ], "texture": "#texture" },
        "west":  { "uv": [ 4.25, 10.625, 6.125, 10.875 ], "texture": "#texture" },
        "east":  { "uv": [ 6.125, 10.625, 4.25, 10.875 ], "texture": "#texture" }
    }
},
{
    "__comment": "P90_Maya",
    "from": [ 7.375, 5.375, 4.25 ],
    "to": [ 8.625, 5.5, 5 ],
    "faces": {
        "up":    { "uv": [ 8.9375, 5.25, 10.1875, 6 ], "texture": "#texture" },
        "north": { "uv": [ 9.9375, 8.3125, 8.6875, 8.4375 ], "texture": "#texture" },
        "south": { "uv": [ 8.5625, 8.125, 9.8125, 8.25 ], "texture": "#texture" },
        "west":  { "uv": [ 4.25, 10.5, 5, 10.625 ], "texture": "#texture" },
        "east":  { "uv": [ 5, 10.5, 4.25, 10.625 ], "texture": "#texture" }
    }
},
{
    "__comment": "P90_Maya",
    "from": [ 7.375, 7, 4.375 ],
    "to": [ 8.625, 7.125, 4.5 ],
    "faces": {
        "down":  { "uv": [ 9.5625, 8.375, 8.3125, 8.25 ], "texture": "#texture" },
        "south": { "uv": [ 8.375, 8.25, 9.625, 8.375 ], "texture": "#texture" },
        "west":  { "uv": [ 4.375, 8.875, 4.5, 9 ], "texture": "#texture" },
        "east":  { "uv": [ 4.5, 8.875, 4.375, 9 ], "texture": "#texture" }
    }
},
{
    "__comment": "P90_Maya",
    "from": [ 7.375, 7.25, 4.625 ],
    "to": [ 8.625, 7.375, 8.375 ],
    "faces": {
        "down":  { "uv": [ 15.1875, 13.6875, 12.4375, 12.8125 ], "rotation": 90, "texture": "#texture" },
        "south": { "uv": [ 10.5, 1.3125, 11.75, 1.4375 ], "texture": "#texture" },
        "west":  { "uv": [ 11.375, 12.25, 15.125, 12.375 ], "texture": "#texture" },
        "east":  { "uv": [ 15.125, 12.3125, 11.375, 12.4375 ], "texture": "#texture" }
    }
},
{
    "__comment": "P90_Maya",
    "from": [ 7.375, 5, 4.875 ],
    "to": [ 8.625, 5.125, 6.125 ],
    "faces": {
        "down":  { "uv": [ 8.8125, 11, 8, 10.125 ], "texture": "#texture" },
        "north": { "uv": [ 8.9375, 10.4375, 7.6875, 10.5625 ], "texture": "#texture" },
        "south": { "uv": [ 8.4375, 8.25, 9.6875, 8.375 ], "texture": "#texture" },
        "west":  { "uv": [ 4.875, 10.875, 6.125, 11 ], "texture": "#texture" },
        "east":  { "uv": [ 6.125, 10.875, 4.875, 11 ], "texture": "#texture" }
    }
},
{
    "__comment": "P90_Maya",
    "from": [ 7.375, 4.875, 5.125 ],
    "to": [ 8.625, 5, 6.125 ],
    "faces": {
        "down":  { "uv": [ 14.1875, 3.625, 12.9375, 2.625 ], "rotation": 270, "texture": "#texture" },
        "north": { "uv": [ 9.0625, 10.4375, 7.8125, 10.5625 ], "texture": "#texture" },
        "south": { "uv": [ 8.625, 8.1875, 9.875, 8.3125 ], "texture": "#texture" },
        "west":  { "uv": [ 5.125, 11, 6.125, 11.125 ], "texture": "#texture" },
        "east":  { "uv": [ 6.125, 11, 5.125, 11.125 ], "texture": "#texture" }
    }
},
{
    "__comment": "P90_Maya",
    "from": [ 7.375, 5.375, 5.5 ],
    "to": [ 8.625, 5.5, 6.125 ],
    "faces": {
        "up":    { "uv": [ 7.375, 11.6875, 8.625, 12.3125 ], "texture": "#texture" },
        "north": { "uv": [ 7.375, 10.125, 6.125, 10.25 ], "texture": "#texture" },
        "south": { "uv": [ 8.6875, 8.25, 9.9375, 8.375 ], "texture": "#texture" },
        "west":  { "uv": [ 5.5, 10.5, 6.125, 10.625 ], "texture": "#texture" },
        "east":  { "uv": [ 6.125, 10.5, 5.5, 10.625 ], "texture": "#texture" }
    }
},
{
    "__comment": "P90_Maya",
    "from": [ 7.375, 5.5, 5.625 ],
    "to": [ 8.625, 5.625, 6.125 ],
    "faces": {
        "up":    { "uv": [ 8.6875, 12.0625, 9.9375, 12.5625 ], "texture": "#texture" },
        "north": { "uv": [ 7.25, 10.25, 6, 10.375 ], "texture": "#texture" },
        "south": { "uv": [ 6.125, 10.25, 7.375, 10.375 ], "texture": "#texture" },
        "west":  { "uv": [ 5.625, 10.375, 6.125, 10.5 ], "texture": "#texture" },
        "east":  { "uv": [ 6.125, 10.375, 5.625, 10.5 ], "texture": "#texture" }
    }
},
{
    "__comment": "P90_Maya",
    "from": [ 7.375, 5.625, 5.875 ],
    "to": [ 8.625, 5.875, 6.25 ],
    "faces": {
        "down":  { "uv": [ 9.6875, 8.25, 8.4375, 7.875 ], "texture": "#texture" },
        "up":    { "uv": [ 13.625, 8.875, 14.875, 9.25 ], "texture": "#texture" },
        "north": { "uv": [ 9.625, 7.9375, 8.375, 8.1875 ], "texture": "#texture" },
        "south": { "uv": [ 8.5, 8.1875, 9.75, 8.4375 ], "texture": "#texture" },
        "west":  { "uv": [ 5.875, 10.125, 6.25, 10.375 ], "texture": "#texture" },
        "east":  { "uv": [ 6.25, 10.125, 5.875, 10.375 ], "texture": "#texture" }
    }
},
{
    "__comment": "P90_Maya",
    "from": [ 7.375, 5.875, 6 ],
    "to": [ 8.625, 6, 8.25 ],
    "faces": {
        "down":  { "uv": [ 11.6875, 1.5, 9.375, 1.1875 ], "rotation": 90, "texture": "#texture" },
        "up":    { "uv": [ 9.3125, 1.125, 11.75, 1.6875 ], "rotation": 90, "texture": "#texture" },
        "north": { "uv": [ 15.3125, 8.5625, 14.0625, 8.6875 ], "texture": "#texture" },
        "south": { "uv": [ 7.75, 10.5625, 9, 10.6875 ], "texture": "#texture" },
        "west":  { "uv": [ 6, 10, 8.25, 10.125 ], "texture": "#texture" },
        "east":  { "uv": [ 8.25, 10, 6, 10.125 ], "texture": "#texture" }
    }
},
{
    "__comment": "P90_Maya",
    "from": [ 7.375, 6, 6.625 ],
    "to": [ 8.625, 6.125, 8.125 ],
    "faces": {
        "up":    { "uv": [ 7.875, 10, 8.75, 10.875 ], "texture": "#texture" },
        "north": { "uv": [ 9.0625, 10.5625, 7.8125, 10.6875 ], "texture": "#texture" },
        "south": { "uv": [ 7.6875, 10.375, 8.9375, 10.5 ], "texture": "#texture" },
        "west":  { "uv": [ 6.625, 9.875, 8.125, 10 ], "texture": "#texture" },
        "east":  { "uv": [ 8.125, 9.875, 6.625, 10 ], "texture": "#texture" }
    }
},
{
    "__comment": "P90_Maya",
    "from": [ 7.375, 6.125, 6.625 ],
    "to": [ 8.625, 6.25, 7.875 ],
    "faces": {
        "up":    { "uv": [ 7.8125, 10, 8.6875, 10.9375 ], "texture": "#texture" },
        "north": { "uv": [ 9, 10.5, 7.75, 10.625 ], "texture": "#texture" },
        "south": { "uv": [ 7.6875, 10.5, 8.9375, 10.625 ], "texture": "#texture" },
        "west":  { "uv": [ 6.625, 9.75, 7.875, 9.875 ], "texture": "#texture" },
        "east":  { "uv": [ 7.875, 9.75, 6.625, 9.875 ], "texture": "#texture" }
    }
},
{
    "__comment": "P90_Maya",
    "from": [ 7.375, 7, 6.625 ],
    "to": [ 8.625, 7.25, 8.125 ],
    "faces": {
        "down":  { "uv": [ 8.75, 10.875, 8.125, 10.25 ], "texture": "#texture" },
        "north": { "uv": [ 12.375, 0.875, 11.125, 1.125 ], "texture": "#texture" },
        "south": { "uv": [ 7.625, 10.375, 8.875, 10.625 ], "texture": "#texture" },
        "west":  { "uv": [ 6.625, 8.75, 8.125, 9 ], "texture": "#texture" },
        "east":  { "uv": [ 8.125, 8.75, 6.625, 9 ], "texture": "#texture" }
    }
},
{
    "__comment": "P90_Maya",
    "from": [ 7.375, 6.25, 6.75 ],
    "to": [ 8.625, 7, 7.75 ],
    "faces": {
        "north": { "uv": [ 15.25, 2.8125, 14, 3.5625 ], "texture": "#texture" },
        "south": { "uv": [ 8.5, 7.75, 9.75, 8.5 ], "texture": "#texture" },
        "west":  { "uv": [ 6.75, 9, 7.75, 9.75 ], "texture": "#texture" },
        "east":  { "uv": [ 7.75, 9, 6.75, 9.75 ], "texture": "#texture" }
    }
},
{
    "__comment": "P90_Maya",
    "from": [ 7.375, 10, 7 ],
    "to": [ 8.625, 10.125, 7.625 ],
    "faces": {
        "down":  { "uv": [ 7.625, 6.5, 6.375, 5.875 ], "texture": "#texture" },
        "up":    { "uv": [ 7.25, 2.8125, 8.5, 3.4375 ], "texture": "#texture" },
        "south": { "uv": [ 7.125, 3.125, 8.375, 3.25 ], "texture": "#texture" },
        "west":  { "uv": [ 7, 5.875, 7.625, 6 ], "texture": "#texture" },
        "east":  { "uv": [ 7.625, 5.875, 7, 6 ], "texture": "#texture" }
    }
},
{
    "__comment": "P90_Maya",
    "from": [ 7.375, 10.125, 7 ],
    "to": [ 8.625, 10.375, 7.375 ],
    "faces": {
        "up":    { "uv": [ 7.4375, 3.0625, 8.6875, 3.4375 ], "texture": "#texture" },
        "south": { "uv": [ 7.75, 3.125, 9, 3.375 ], "texture": "#texture" },
        "west":  { "uv": [ 7, 5.625, 7.375, 5.875 ], "texture": "#texture" },
        "east":  { "uv": [ 7.375, 5.625, 7, 5.875 ], "texture": "#texture" }
    }
},
{
    "__comment": "P90_Maya",
    "from": [ 7.375, 9.75, 7.125 ],
    "to": [ 8.625, 10, 7.75 ],
    "faces": {
        "down":  { "uv": [ 7.625, 6.625, 6.625, 6 ], "texture": "#texture" },
        "up":    { "uv": [ 6.625, 6, 7.75, 6.625 ], "texture": "#texture" },
        "north": { "uv": [ 8.375, 3.0625, 7.125, 3.3125 ], "texture": "#texture" },
        "south": { "uv": [ 7.0625, 3.1875, 8.3125, 3.4375 ], "texture": "#texture" },
        "west":  { "uv": [ 7.125, 6, 7.75, 6.25 ], "texture": "#texture" },
        "east":  { "uv": [ 7.75, 6, 7.125, 6.25 ], "texture": "#texture" }
    }
},
{
    "__comment": "P90_Maya",
    "from": [ 7.375, 5.625, 7.25 ],
    "to": [ 8.625, 5.875, 8.375 ],
    "faces": {
        "down":  { "uv": [ 8.625, 10.875, 7.9375, 10.1875 ], "texture": "#texture" },
        "up":    { "uv": [ 7.875, 10.125, 8.6875, 10.875 ], "texture": "#texture" },
        "north": { "uv": [ 8.875, 10.375, 7.625, 10.625 ], "texture": "#texture" },
        "south": { "uv": [ 7.625, 10.375, 8.875, 10.625 ], "texture": "#texture" },
        "west":  { "uv": [ 7.25, 10.125, 8.375, 10.375 ], "texture": "#texture" },
        "east":  { "uv": [ 8.375, 10.125, 7.25, 10.375 ], "texture": "#texture" }
    }
},
{
    "__comment": "P90_Maya",
    "from": [ 7.375, 5.5, 7.375 ],
    "to": [ 8.625, 5.625, 8.75 ],
    "faces": {
        "down":  { "uv": [ 8.8125, 11, 8, 10.25 ], "texture": "#texture" },
        "up":    { "uv": [ 7.875, 10.125, 8.6875, 10.875 ], "texture": "#texture" },
        "north": { "uv": [ 8.625, 10.375, 7.375, 10.5 ], "texture": "#texture" },
        "south": { "uv": [ 7.375, 10.375, 8.625, 10.5 ], "texture": "#texture" },
        "west":  { "uv": [ 7.375, 10.375, 8.75, 10.5 ], "texture": "#texture" },
        "east":  { "uv": [ 8.75, 10.375, 7.375, 10.5 ], "texture": "#texture" }
    }
},
{
    "__comment": "P90_Maya",
    "from": [ 7.375, 9.375, 7.375 ],
    "to": [ 8.625, 9.75, 7.75 ],
    "faces": {
        "south": { "uv": [ 7.8125, 3.125, 9.0625, 3.5 ], "texture": "#texture" },
        "west":  { "uv": [ 7.375, 6.25, 7.75, 6.625 ], "texture": "#texture" },
        "east":  { "uv": [ 7.75, 6.25, 7.375, 6.625 ], "texture": "#texture" }
    }
},
{
    "__comment": "P90_Maya",
    "from": [ 7.375, 6.75, 7.75 ],
    "to": [ 8.625, 7, 7.875 ],
    "faces": {
        "down":  { "uv": [ 9.75, 8.25, 8.5, 8.125 ], "texture": "#texture" },
        "south": { "uv": [ 8.1875, 8.125, 9.4375, 8.375 ], "texture": "#texture" },
        "west":  { "uv": [ 7.75, 9, 7.875, 9.25 ], "texture": "#texture" },
        "east":  { "uv": [ 7.875, 9, 7.75, 9.25 ], "texture": "#texture" }
    }
},
{
    "__comment": "P90_Maya",
    "from": [ 7.375, 8.5, 7.75 ],
    "to": [ 8.625, 9, 11.375 ],
    "faces": {
        "down":  { "uv": [ 11.5, 3.375, 8.5, 2.875 ], "rotation": 90, "texture": "#texture" },
        "up":    { "uv": [ 7.875, 2.75, 11.125, 3.4375 ], "rotation": 90, "texture": "#texture" },
        "south": { "uv": [ 8, 7, 10.5, 7.5 ], "texture": "#texture" },
        "west":  { "uv": [ 7.75, 6.9375, 11.375, 7.375 ], "texture": "#texture" },
        "east":  { "uv": [ 11.375, 6.9375, 7.75, 7.375 ], "texture": "#texture" }
    }
},
{
    "__comment": "P90_Maya",
    "from": [ 7.375, 5.375, 7.875 ],
    "to": [ 8.625, 5.5, 9 ],
    "faces": {
        "down":  { "uv": [ 8.6875, 10.9375, 7.875, 10.125 ], "texture": "#texture" },
        "up":    { "uv": [ 7.9375, 10.125, 8.875, 10.9375 ], "texture": "#texture" },
        "north": { "uv": [ 8.625, 10.5, 7.375, 10.625 ], "texture": "#texture" },
        "south": { "uv": [ 7.375, 10.5, 8.625, 10.625 ], "texture": "#texture" },
        "west":  { "uv": [ 7.875, 10.5, 9, 10.625 ], "texture": "#texture" },
        "east":  { "uv": [ 9, 10.5, 7.875, 10.625 ], "texture": "#texture" }
    }
},
{
    "__comment": "P90_Maya",
    "from": [ 7.375, 5.125, 8.125 ],
    "to": [ 8.625, 5.375, 10.625 ],
    "faces": {
        "down":  { "uv": [ 13.5, 1.6875, 10.625, 1.125 ], "rotation": 90, "texture": "#texture" },
        "up":    { "uv": [ 11, 1, 14.5, 1.75 ], "rotation": 90, "texture": "#texture" },
        "north": { "uv": [ 9.0625, 10.4375, 7.8125, 10.6875 ], "texture": "#texture" },
        "south": { "uv": [ 8.0625, 8.125, 9.3125, 8.375 ], "texture": "#texture" },
        "west":  { "uv": [ 8.125, 10.625, 10.625, 10.875 ], "texture": "#texture" },
        "east":  { "uv": [ 10.625, 10.625, 8.125, 10.875 ], "texture": "#texture" }
    }
},
{
    "__comment": "P90_Maya",
    "from": [ 7.375, 7.125, 8.125 ],
    "to": [ 8.625, 7.25, 8.25 ],
    "faces": {
        "down":  { "uv": [ 8.875, 10.5625, 7.625, 10.4375 ], "texture": "#texture" },
        "south": { "uv": [ 7.6875, 10.5, 8.9375, 10.625 ], "texture": "#texture" },
        "west":  { "uv": [ 8.125, 8.75, 8.25, 8.875 ], "texture": "#texture" },
        "east":  { "uv": [ 8.25, 8.75, 8.125, 8.875 ], "texture": "#texture" }
    }
},
{
    "__comment": "P90_Maya",
    "from": [ 7.375, 5, 8.625 ],
    "to": [ 8.625, 5.125, 10.375 ],
    "faces": {
        "down":  { "uv": [ 13.3125, 1.625, 12.125, 1.0625 ], "rotation": 90, "texture": "#texture" },
        "north": { "uv": [ 8.9375, 10.5625, 7.6875, 10.6875 ], "texture": "#texture" },
        "south": { "uv": [ 9, 11, 10.25, 11.125 ], "texture": "#texture" },
        "west":  { "uv": [ 8.625, 10.875, 10.375, 11 ], "texture": "#texture" },
        "east":  { "uv": [ 10.375, 10.875, 8.625, 11 ], "texture": "#texture" }
    }
},
{
    "__comment": "P90_Maya",
    "from": [ 7.375, 4.875, 8.75 ],
    "to": [ 8.625, 5, 10 ],
    "faces": {
        "down":  { "uv": [ 13.3125, 1.625, 12.625, 1.125 ], "rotation": 90, "texture": "#texture" },
        "north": { "uv": [ 8.9375, 10.5, 7.6875, 10.625 ], "texture": "#texture" },
        "south": { "uv": [ 9, 11, 10.25, 11.125 ], "texture": "#texture" },
        "west":  { "uv": [ 8.75, 11, 10, 11.125 ], "texture": "#texture" },
        "east":  { "uv": [ 10, 11, 8.75, 11.125 ], "texture": "#texture" }
    }
},
{
    "__comment": "P90_Maya",
    "from": [ 7.375, 5.375, 9.5 ],
    "to": [ 8.625, 5.5, 11.125 ],
    "faces": {
        "down":  { "uv": [ 11.5, 10.6875, 10.5, 9.3125 ], "texture": "#texture" },
        "up":    { "uv": [ 11.3125, 11.3125, 12.5625, 12.9375 ], "texture": "#texture" },
        "north": { "uv": [ 9.8125, 8.25, 8.5625, 8.375 ], "texture": "#texture" },
        "south": { "uv": [ 7.875, 8.25, 9.125, 8.375 ], "texture": "#texture" },
        "west":  { "uv": [ 9.5, 10.5, 11.125, 10.625 ], "texture": "#texture" },
        "east":  { "uv": [ 11.125, 10.5, 9.5, 10.625 ], "texture": "#texture" }
    }
},
{
    "__comment": "P90_Maya",
    "from": [ 7.375, 5.5, 9.75 ],
    "to": [ 8.625, 5.625, 15.875 ],
    "faces": {
        "down":  { "uv": [ 8, 2.5, 0.1875, 2 ], "rotation": 90, "texture": "#texture" },
        "up":    { "uv": [ 5.375, 13.25, 11.4375, 14 ], "texture": "#texture" },
        "north": { "uv": [ 9.8125, 8.0625, 8.5625, 8.1875 ], "texture": "#texture" },
        "south": { "uv": [ 7.375, 10.375, 8.625, 10.5 ], "texture": "#texture" },
        "west":  { "uv": [ 9.75, 10.375, 15.875, 10.5 ], "texture": "#texture" },
        "east":  { "uv": [ 15.875, 10.375, 9.75, 10.5 ], "texture": "#texture" }
    }
},
{
    "__comment": "P90_Maya",
    "from": [ 7.375, 7.25, 9.75 ],
    "to": [ 8.625, 7.375, 11.5 ],
    "faces": {
        "down":  { "uv": [ 12.125, 2.9375, 10.875, 1.1875 ], "texture": "#texture" },
        "north": { "uv": [ 11.9375, 1.375, 10.6875, 1.5 ], "texture": "#texture" },
        "west":  { "uv": [ 9.75, 8.625, 11.5, 8.75 ], "texture": "#texture" },
        "east":  { "uv": [ 11.5, 8.625, 9.75, 8.75 ], "texture": "#texture" }
    }
},
{
    "__comment": "P90_Maya",
    "from": [ 7.375, 5.625, 9.875 ],
    "to": [ 8.625, 5.875, 15.875 ],
    "faces": {
        "up":    { "uv": [ 9.9375, 12, 13.9375, 12.5 ], "texture": "#texture" },
        "north": { "uv": [ 9.625, 8.125, 8.375, 8.375 ], "texture": "#texture" },
        "south": { "uv": [ 14.5625, 10.1875, 15.8125, 10.4375 ], "texture": "#texture" },
        "west":  { "uv": [ 9.875, 10.125, 15.875, 10.375 ], "texture": "#texture" },
        "east":  { "uv": [ 15.875, 10.125, 9.875, 10.375 ], "texture": "#texture" }
    }
},
{
    "__comment": "P90_Maya",
    "from": [ 7.375, 7.125, 9.875 ],
    "to": [ 8.625, 7.25, 11.625 ],
    "faces": {
        "down":  { "uv": [ 12.0625, 3.0625, 10.8125, 1.3125 ], "texture": "#texture" },
        "up":    { "uv": [ 10.8125, 1.3125, 12.0625, 3.0625 ], "texture": "#texture" },
        "north": { "uv": [ 11.625, 1.125, 10.375, 1.25 ], "texture": "#texture" },
        "west":  { "uv": [ 9.875, 8.75, 11.625, 8.875 ], "texture": "#texture" },
        "east":  { "uv": [ 11.625, 8.75, 9.875, 8.875 ], "texture": "#texture" }
    }
},
{
    "__comment": "P90_Maya",
    "from": [ 7.375, 5.875, 10 ],
    "to": [ 8.625, 6, 11.75 ],
    "faces": {
        "up":    { "uv": [ 11.25, 11.1875, 12.5, 12.9375 ], "texture": "#texture" },
        "north": { "uv": [ 11.5, 10, 10.25, 10.125 ], "texture": "#texture" },
        "west":  { "uv": [ 10, 10, 11.75, 10.125 ], "texture": "#texture" },
        "east":  { "uv": [ 11.75, 10, 10, 10.125 ], "texture": "#texture" }
    }
},
{
    "__comment": "P90_Maya",
    "from": [ 7.375, 7, 10 ],
    "to": [ 8.625, 7.125, 11.625 ],
    "faces": {
        "down":  { "uv": [ 12.25, 3, 11, 1.375 ], "texture": "#texture" },
        "north": { "uv": [ 12.125, 1.375, 10.875, 1.5 ], "texture": "#texture" },
        "west":  { "uv": [ 10, 8.875, 11.625, 9 ], "texture": "#texture" },
        "east":  { "uv": [ 11.625, 8.875, 10, 9 ], "texture": "#texture" }
    }
},
{
    "__comment": "P90_Maya",
    "from": [ 7.375, 6.75, 10.125 ],
    "to": [ 8.625, 7, 11.625 ],
    "faces": {
        "down":  { "uv": [ 12.1875, 2.9375, 10.9375, 1.4375 ], "texture": "#texture" },
        "north": { "uv": [ 11.625, 1.3125, 10.375, 1.5625 ], "texture": "#texture" },
        "west":  { "uv": [ 10.125, 9, 11.625, 9.25 ], "texture": "#texture" },
        "east":  { "uv": [ 11.625, 9, 10.125, 9.25 ], "texture": "#texture" }
    }
},
{
    "__comment": "P90_Maya",
    "from": [ 7.375, 6, 10.375 ],
    "to": [ 8.625, 6.125, 11.625 ],
    "faces": {
        "up":    { "uv": [ 10.5625, 9.3125, 11.8125, 10.5625 ], "texture": "#texture" },
        "north": { "uv": [ 11.5, 9.5, 10.25, 9.625 ], "texture": "#texture" },
        "west":  { "uv": [ 10.375, 9.875, 11.625, 10 ], "texture": "#texture" },
        "east":  { "uv": [ 11.625, 9.875, 10.375, 10 ], "texture": "#texture" }
    }
},
{
    "__comment": "P90_Maya",
    "from": [ 7.375, 6.625, 10.375 ],
    "to": [ 8.625, 6.75, 11.625 ],
    "faces": {
        "down":  { "uv": [ 12, 10, 10.75, 8.75 ], "texture": "#texture" },
        "north": { "uv": [ 15.25, 3.1875, 14, 3.3125 ], "texture": "#texture" },
        "west":  { "uv": [ 10.375, 9.25, 11.625, 9.375 ], "texture": "#texture" },
        "east":  { "uv": [ 11.625, 9.25, 10.375, 9.375 ], "texture": "#texture" }
    }
},
{
    "__comment": "P90_Maya",
    "from": [ 7.375, 6.125, 10.5 ],
    "to": [ 8.625, 6.625, 11.625 ],
    "faces": {
        "north": { "uv": [ 12, 9, 10.75, 9.5 ], "texture": "#texture" },
        "west":  { "uv": [ 10.5, 9.375, 11.625, 9.875 ], "texture": "#texture" },
        "east":  { "uv": [ 11.625, 9.375, 10.5, 9.875 ], "texture": "#texture" }
    }
},
{
    "__comment": "P90_Maya",
    "from": [ 7.375, 8.875, 11.375 ],
    "to": [ 8.625, 9, 13.875 ],
    "faces": {
        "up":    { "uv": [ 12.875, 12.1875, 15.125, 13 ], "rotation": 270, "texture": "#texture" },
        "south": { "uv": [ 12.5, 7.5, 13.75, 7.625 ], "texture": "#texture" },
        "west":  { "uv": [ 12.6875, 13.125, 15.1875, 13.25 ], "rotation": 180, "texture": "#texture" },
        "east":  { "uv": [ 15.1875, 12.75, 12.6875, 12.875 ], "rotation": 180, "texture": "#texture" }
    }
},
{
    "__comment": "P90_Maya",
    "from": [ 7.375, 8.75, 13.875 ],
    "to": [ 8.625, 8.875, 15.875 ],
    "faces": {
        "up":    { "uv": [ 13.5625, 6.5, 15.9375, 6.75 ], "rotation": 90, "texture": "#texture" },
        "south": { "uv": [ 14.5, 10.3125, 15.75, 10.4375 ], "texture": "#texture" },
        "west":  { "uv": [ 13.5, 6.625, 16, 6.8125 ], "texture": "#texture" },
        "east":  { "uv": [ 15.875, 6.6875, 13.625, 6.875 ], "texture": "#texture" }
    }
},
{
    "__comment": "P90_Maya",
    "from": [ 7.375, 5.875, 15.875 ],
    "to": [ 8.625, 6.5, 16 ],
    "faces": {
        "down":  { "uv": [ 15.75, 10.4375, 14.5, 10.3125 ], "texture": "#texture" },
        "up":    { "uv": [ 14.5625, 10.3125, 15.8125, 10.4375 ], "texture": "#texture" },
        "north": { "uv": [ 14.5, 8, 13.25, 8.625 ], "texture": "#texture" },
        "south": { "uv": [ 14.75, 9.875, 16, 10.5 ], "texture": "#texture", "cullface": "south" },
        "west":  { "uv": [ 15.875, 9.5, 16, 10.125 ], "texture": "#texture" },
        "east":  { "uv": [ 16, 9.5, 15.875, 10.125 ], "texture": "#texture" }
    }
},
{
    "__comment": "P90_Maya",
    "from": [ 7.375, 8.125, 15.875 ],
    "to": [ 8.625, 8.75, 16 ],
    "faces": {
        "down":  { "uv": [ 15.875, 10.3125, 14.625, 10.1875 ], "texture": "#texture" },
        "up":    { "uv": [ 14.5, 10.3125, 15.75, 10.4375 ], "texture": "#texture" },
        "north": { "uv": [ 15.9375, 9.9375, 14.6875, 10.5625 ], "texture": "#texture" },
        "south": { "uv": [ 14.75, 9.8125, 15.9375, 10.375 ], "texture": "#texture", "cullface": "south" },
        "west":  { "uv": [ 15.3125, 9.75, 15.4375, 10.375 ], "texture": "#texture" },
        "east":  { "uv": [ 15.1875, 9.75, 15.0625, 10.375 ], "texture": "#texture" }
    }
},
{
    "__comment": "P90_Maya",
    "from": [ 7.5, 7.625, 0 ],
    "to": [ 8.5, 8.125, 2.25 ],
    "faces": {
        "down":  { "uv": [ 0, 9.25, 2, 8.9375 ], "rotation": 270, "texture": "#texture" },
        "up":    { "uv": [ 13.9375, 2.5, 15.375, 3.125 ], "texture": "#texture" },
        "north": { "uv": [ 15.125, 2.875, 14.125, 3.375 ], "texture": "#texture", "cullface": "north" },
        "west":  { "uv": [ 0, 7.875, 2.25, 8.375 ], "texture": "#texture" },
        "east":  { "uv": [ 2.25, 7.875, 0, 8.375 ], "texture": "#texture" }
    }
},
{
    "__comment": "P90_Maya",
    "from": [ 7.5, 8.125, 0 ],
    "to": [ 8.5, 8.25, 2 ],
    "faces": {
        "up":    { "uv": [ 0.0625, 6.75, 1.8125, 7.1875 ], "rotation": 90, "texture": "#texture" },
        "north": { "uv": [ 15.125, 2.4375, 14.125, 2.5625 ], "texture": "#texture", "cullface": "north" },
        "west":  { "uv": [ 0, 7.75, 2, 7.875 ], "texture": "#texture" },
        "east":  { "uv": [ 2, 7.75, 0, 7.875 ], "texture": "#texture" }
    }
},
{
    "__comment": "P90_Maya",
    "from": [ 7.5, 5.875, 2 ],
    "to": [ 8.5, 6, 2.625 ],
    "faces": {
        "down":  { "uv": [ 11.25, 10.75, 10.25, 10.125 ], "texture": "#texture" },
        "north": { "uv": [ 3.125, 8.875, 2.125, 9 ], "texture": "#texture" },
        "south": { "uv": [ 2.125, 9, 3.125, 9.125 ], "texture": "#texture" },
        "west":  { "uv": [ 2, 10, 2.625, 10.125 ], "texture": "#texture" },
        "east":  { "uv": [ 2.625, 10, 2, 10.125 ], "texture": "#texture" }
    }
},
{
    "__comment": "P90_Maya",
    "from": [ 7.5, 6.5, 2.625 ],
    "to": [ 8.5, 6.75, 2.875 ],
    "faces": {
        "down":  { "uv": [ 3.125, 9.125, 2.125, 8.875 ], "texture": "#texture" },
        "south": { "uv": [ 2, 8.875, 3, 9.125 ], "texture": "#texture" },
        "west":  { "uv": [ 2.625, 9.25, 2.875, 9.5 ], "texture": "#texture" },
        "east":  { "uv": [ 2.875, 9.25, 2.625, 9.5 ], "texture": "#texture" }
    }
},
{
    "__comment": "P90_Maya",
    "from": [ 7.5, 6.75, 2.875 ],
    "to": [ 8.5, 7.125, 3.5 ],
    "faces": {
        "down":  { "uv": [ 9.625, 8.375, 8.625, 7.75 ], "texture": "#texture" },
        "west":  { "uv": [ 2.875, 8.875, 3.5, 9.25 ], "texture": "#texture" },
        "east":  { "uv": [ 3.5, 8.875, 2.875, 9.25 ], "texture": "#texture" }
    }
},
{
    "__comment": "P90_Maya",
    "from": [ 7.5, 9, 2.875 ],
    "to": [ 8.5, 9.125, 6.75 ],
    "faces": {
        "up":    { "uv": [ 7.1875, 2.875, 10.6875, 3.375 ], "texture": "#texture" },
        "west":  { "uv": [ 6.9375, 3.0625, 10.8125, 3.1875 ], "texture": "#texture" },
        "east":  { "uv": [ 10.75, 2.9375, 6.875, 3.0625 ], "texture": "#texture" }
    }
},
{
    "__comment": "P90_Maya",
    "from": [ 7.5, 9.75, 2.875 ],
    "to": [ 8.5, 9.875, 7.125 ],
    "faces": {
        "down":  { "uv": [ 8.5, 7.125, 7.5, 2.875 ], "texture": "#texture" },
        "up":    { "uv": [ 7.5, 2.875, 8.5, 7.125 ], "texture": "#texture" },
        "west":  { "uv": [ 2.875, 6.125, 7.125, 6.25 ], "texture": "#texture" },
        "east":  { "uv": [ 7.125, 6.125, 2.875, 6.25 ], "texture": "#texture" }
    }
},
{
    "__comment": "P90_Maya",
    "from": [ 7.5, 9.875, 2.875 ],
    "to": [ 8.5, 10, 3.125 ],
    "faces": {
        "west":  { "uv": [ 2.875, 6, 3.125, 6.125 ], "texture": "#texture" },
        "east":  { "uv": [ 3.125, 6, 2.875, 6.125 ], "texture": "#texture" }
    }
},
{
    "__comment": "P90_Maya",
    "from": [ 7.5, 10.875, 3.25 ],
    "to": [ 7.875, 11.5, 3.625 ],
    "faces": {
        "down":  { "uv": [ 6.9375, 4.9375, 6.5625, 4.5625 ], "texture": "#texture" },
        "up":    { "uv": [ 6.5625, 4.5625, 6.9375, 4.9375 ], "texture": "#texture" },
        "north": { "uv": [ 6.9375, 4.5625, 6.5625, 5.1875 ], "texture": "#texture" },
        "south": { "uv": [ 6.5625, 4.5625, 6.9375, 5.1875 ], "texture": "#texture" },
        "west":  { "uv": [ 3.25, 4.5, 3.625, 5.125 ], "texture": "#texture" },
        "east":  { "uv": [ 3.625, 4.5, 3.25, 5.125 ], "texture": "#texture" }
    }
},
{
    "__comment": "P90_Maya",
    "from": [ 7.5, 6.625, 3.375 ],
    "to": [ 8.5, 6.75, 3.75 ],
    "faces": {
        "down":  { "uv": [ 4.375, 9.125, 3.375, 8.75 ], "texture": "#texture" },
        "up":    { "uv": [ 3.375, 8.875, 4.375, 9.25 ], "texture": "#texture" },
        "north": { "uv": [ 4.375, 9, 3.375, 9.125 ], "texture": "#texture" },
        "west":  { "uv": [ 3.375, 9.25, 3.75, 9.375 ], "texture": "#texture" },
        "east":  { "uv": [ 3.75, 9.25, 3.375, 9.375 ], "texture": "#texture" }
    }
},
{
    "__comment": "P90_Maya",
    "from": [ 7.5, 5.875, 3.5 ],
    "to": [ 8.5, 6.25, 3.875 ],
    "faces": {
        "down":  { "uv": [ 4.375, 9.125, 3.375, 8.75 ], "texture": "#texture" },
        "up":    { "uv": [ 3.375, 8.875, 4.375, 9.25 ], "texture": "#texture" },
        "north": { "uv": [ 4.375, 8.75, 3.375, 9.125 ], "texture": "#texture" },
        "south": { "uv": [ 3.375, 8.75, 4.375, 9.125 ], "texture": "#texture" },
        "west":  { "uv": [ 3.5, 9.75, 3.875, 10.125 ], "texture": "#texture" },
        "east":  { "uv": [ 3.875, 9.75, 3.5, 10.125 ], "texture": "#texture" }
    }
},
{
    "__comment": "P90_Maya",
    "from": [ 7.5, 6.25, 3.5 ],
    "to": [ 8.5, 6.625, 3.75 ],
    "faces": {
        "north": { "uv": [ 4.375, 8.875, 3.375, 9.25 ], "texture": "#texture" },
        "west":  { "uv": [ 3.5, 9.375, 3.75, 9.75 ], "texture": "#texture" },
        "east":  { "uv": [ 3.75, 9.375, 3.5, 9.75 ], "texture": "#texture" }
    }
},
{
    "__comment": "P90_Maya",
    "from": [ 7.5, 5.5, 3.75 ],
    "to": [ 8.5, 5.875, 4 ],
    "faces": {
        "down":  { "uv": [ 5, 10.75, 4, 10.5 ], "texture": "#texture" },
        "up":    { "uv": [ 4, 10.5, 5, 10.75 ], "texture": "#texture" },
        "north": { "uv": [ 4.875, 10.375, 3.875, 10.75 ], "texture": "#texture" },
        "south": { "uv": [ 3.875, 10.375, 4.875, 10.75 ], "texture": "#texture" },
        "west":  { "uv": [ 3.75, 10.125, 4, 10.5 ], "texture": "#texture" },
        "east":  { "uv": [ 4, 10.125, 3.75, 10.5 ], "texture": "#texture" }
    }
},
{
    "__comment": "P90_Maya",
    "from": [ 7.5, 9.875, 3.75 ],
    "to": [ 8.5, 10, 6.375 ],
    "faces": {
        "west":  { "uv": [ 3.75, 6, 6.375, 6.125 ], "texture": "#texture" },
        "east":  { "uv": [ 6.375, 6, 3.75, 6.125 ], "texture": "#texture" }
    }
},
{
    "__comment": "P90_Maya",
    "from": [ 7.5, 5.125, 3.875 ],
    "to": [ 8.5, 5.5, 4.25 ],
    "faces": {
        "down":  { "uv": [ 5.125, 11, 4.125, 10.625 ], "texture": "#texture" },
        "up":    { "uv": [ 4, 10.5, 5, 10.875 ], "texture": "#texture" },
        "north": { "uv": [ 7.6875, 11.375, 6.6875, 11.75 ], "texture": "#texture" },
        "south": { "uv": [ 4.5, 10.625, 5.5, 11 ], "texture": "#texture" },
        "west":  { "uv": [ 3.875, 10.5, 4.25, 10.875 ], "texture": "#texture" },
        "east":  { "uv": [ 4.25, 10.5, 3.875, 10.875 ], "texture": "#texture" }
    }
},
{
    "__comment": "P90_Maya",
    "from": [ 7.5, 5, 4 ],
    "to": [ 8.5, 5.125, 4.875 ],
    "faces": {
        "down":  { "uv": [ 6, 11.375, 5, 10.5 ], "texture": "#texture" },
        "up":    { "uv": [ 5.125, 10.5, 6.125, 11.375 ], "texture": "#texture" },
        "north": { "uv": [ 7.875, 11.5, 6.875, 11.625 ], "texture": "#texture" },
        "west":  { "uv": [ 4, 10.875, 4.875, 11 ], "texture": "#texture" },
        "east":  { "uv": [ 4.875, 10.875, 4, 11 ], "texture": "#texture" }
    }
},
{
    "__comment": "P90_Maya",
    "from": [ 7.5, 4.875, 4.25 ],
    "to": [ 8.5, 5, 5.125 ],
    "faces": {
        "down":  { "uv": [ 11.6875, 10.6875, 11.125, 9.9375 ], "texture": "#texture" },
        "up":    { "uv": [ 7, 9.5, 8, 10.375 ], "texture": "#texture" },
        "north": { "uv": [ 11.0625, 10.375, 10.0625, 10.5 ], "texture": "#texture" },
        "west":  { "uv": [ 4.25, 11, 5.125, 11.125 ], "texture": "#texture" },
        "east":  { "uv": [ 5.125, 11, 4.25, 11.125 ], "texture": "#texture" }
    }
},
{
    "__comment": "P90_Maya",
    "from": [ 7.5, 6.125, 4.25 ],
    "to": [ 8.5, 6.75, 4.375 ],
    "faces": {
        "north": { "uv": [ 4.375, 8.625, 3.375, 9.25 ], "texture": "#texture" },
        "south": { "uv": [ 3.375, 8.625, 4.375, 9.25 ], "texture": "#texture" },
        "west":  { "uv": [ 4.25, 9.25, 4.375, 9.875 ], "texture": "#texture" },
        "east":  { "uv": [ 4.375, 9.25, 4.25, 9.875 ], "texture": "#texture" }
    }
},
{
    "__comment": "P90_Maya",
    "from": [ 7.5, 6, 4.375 ],
    "to": [ 8.5, 6.125, 4.5 ],
    "faces": {
        "up":    { "uv": [ 3.75, 10.125, 4.75, 10.25 ], "texture": "#texture" },
        "south": { "uv": [ 3.875, 10.125, 4.875, 10.25 ], "texture": "#texture" },
        "west":  { "uv": [ 4.375, 9.875, 4.5, 10 ], "texture": "#texture" },
        "east":  { "uv": [ 4.5, 9.875, 4.375, 10 ], "texture": "#texture" }
    }
},
{
    "__comment": "P90_Maya",
    "from": [ 7.5, 6.75, 4.375 ],
    "to": [ 8.5, 7, 4.5 ],
    "faces": {
        "down":  { "uv": [ 4.375, 9.125, 3.375, 9 ], "texture": "#texture" },
        "south": { "uv": [ 3.375, 9, 4.375, 9.25 ], "texture": "#texture" },
        "west":  { "uv": [ 4.375, 9, 4.5, 9.25 ], "texture": "#texture" },
        "east":  { "uv": [ 4.5, 9, 4.375, 9.25 ], "texture": "#texture" }
    }
},
{
    "__comment": "P90_Maya",
    "from": [ 7.5, 5.875, 4.5 ],
    "to": [ 8.5, 6, 4.625 ],
    "faces": {
        "up":    { "uv": [ 3.875, 10.25, 4.875, 10.375 ], "texture": "#texture" },
        "south": { "uv": [ 3.875, 10.25, 4.875, 10.375 ], "texture": "#texture" },
        "west":  { "uv": [ 4.5, 10, 4.625, 10.125 ], "texture": "#texture" },
        "east":  { "uv": [ 4.625, 10, 4.5, 10.125 ], "texture": "#texture" }
    }
},
{
    "__comment": "P90_Maya",
    "from": [ 7.5, 7, 4.5 ],
    "to": [ 8.5, 7.125, 4.625 ],
    "faces": {
        "down":  { "uv": [ 4.375, 9.125, 3.375, 9 ], "texture": "#texture" },
        "south": { "uv": [ 3.375, 9, 4.375, 9.125 ], "texture": "#texture" },
        "west":  { "uv": [ 4.5, 8.875, 4.625, 9 ], "texture": "#texture" },
        "east":  { "uv": [ 4.625, 8.875, 4.5, 9 ], "texture": "#texture" }
    }
},
{
    "__comment": "P90_Maya",
    "from": [ 7.5, 4.625, 4.625 ],
    "to": [ 8.5, 4.875, 6.125 ],
    "faces": {
        "down":  { "uv": [ 10.75, 10.8125, 10.0625, 10 ], "texture": "#texture" },
        "up":    { "uv": [ 7, 9, 8, 10.5 ], "texture": "#texture" },
        "north": { "uv": [ 10, 11, 9, 11.25 ], "texture": "#texture" },
        "south": { "uv": [ 9, 11, 10, 11.25 ], "texture": "#texture" },
        "west":  { "uv": [ 4.625, 11.125, 6.125, 11.375 ], "texture": "#texture" },
        "east":  { "uv": [ 6.125, 11.125, 4.625, 11.375 ], "texture": "#texture" }
    }
},
{
    "__comment": "P90_Maya",
    "from": [ 7.5, 5.625, 4.625 ],
    "to": [ 8.5, 5.875, 4.875 ],
    "faces": {
        "up":    { "uv": [ 3.875, 10.125, 4.875, 10.375 ], "texture": "#texture" },
        "south": { "uv": [ 3.875, 10.25, 4.875, 10.5 ], "texture": "#texture" },
        "west":  { "uv": [ 4.625, 10.125, 4.875, 10.375 ], "texture": "#texture" },
        "east":  { "uv": [ 4.875, 10.125, 4.625, 10.375 ], "texture": "#texture" }
    }
},
{
    "__comment": "P90_Maya",
    "from": [ 7.5, 7.125, 4.625 ],
    "to": [ 8.5, 7.25, 6.625 ],
    "faces": {
        "down":  { "uv": [ 7.3125, 14.9375, 6.5625, 13.3125 ], "texture": "#texture" },
        "west":  { "uv": [ 4.4375, 11.9375, 6.4375, 12.0625 ], "texture": "#texture" },
        "east":  { "uv": [ 6.125, 12, 4.125, 12.125 ], "texture": "#texture" }
    }
},
{
    "__comment": "P90_Maya",
    "from": [ 7.5, 5.5, 4.875 ],
    "to": [ 8.5, 5.625, 5 ],
    "faces": {
        "up":    { "uv": [ 4, 10.5, 5, 10.625 ], "texture": "#texture" },
        "south": { "uv": [ 3.875, 10.375, 4.875, 10.5 ], "texture": "#texture" },
        "west":  { "uv": [ 4.875, 10.375, 5, 10.5 ], "texture": "#texture" },
        "east":  { "uv": [ 5, 10.375, 4.875, 10.5 ], "texture": "#texture" }
    }
},
{
    "__comment": "P90_Maya",
    "from": [ 7.5, 5.375, 5 ],
    "to": [ 8.5, 5.5, 5.5 ],
    "faces": {
        "up":    { "uv": [ 8.625, 8, 9.625, 8.5 ], "texture": "#texture" },
        "west":  { "uv": [ 5, 10.5, 5.5, 10.625 ], "texture": "#texture" },
        "east":  { "uv": [ 5.5, 10.5, 5, 10.625 ], "texture": "#texture" }
    }
},
{
    "__comment": "P90_Maya",
    "from": [ 7.5, 4.5, 5.125 ],
    "to": [ 8.5, 4.625, 6.125 ],
    "faces": {
        "down":  { "uv": [ 11.875, 10.625, 11.125, 9.6875 ], "texture": "#texture" },
        "north": { "uv": [ 10, 11, 9, 11.125 ], "texture": "#texture" },
        "south": { "uv": [ 7.9375, 13.8125, 8.9375, 13.9375 ], "texture": "#texture" },
        "west":  { "uv": [ 5.125, 11.375, 6.125, 11.5 ], "texture": "#texture" },
        "east":  { "uv": [ 6.125, 11.375, 5.125, 11.5 ], "texture": "#texture" }
    }
},
{
    "__comment": "P90_Maya",
    "from": [ 7.5, 5.5, 5.5 ],
    "to": [ 8.5, 5.625, 5.625 ],
    "faces": {
        "up":    { "uv": [ 8.5625, 8.1875, 9.5625, 8.3125 ], "texture": "#texture" },
        "north": { "uv": [ 9.375, 8.0625, 8.375, 8.1875 ], "texture": "#texture" },
        "west":  { "uv": [ 5.5, 10.375, 5.625, 10.5 ], "texture": "#texture" },
        "east":  { "uv": [ 5.625, 10.375, 5.5, 10.5 ], "texture": "#texture" }
    }
},
{
    "__comment": "P90_Maya",
    "from": [ 7.5, 5.625, 5.625 ],
    "to": [ 8.5, 5.875, 5.875 ],
    "faces": {
        "up":    { "uv": [ 8.75, 8.0625, 9.75, 8.3125 ], "texture": "#texture" },
        "north": { "uv": [ 11.375, 9.9375, 10.375, 10.1875 ], "texture": "#texture" },
        "west":  { "uv": [ 5.6875, 10.4375, 5.9375, 10.6875 ], "texture": "#texture" },
        "east":  { "uv": [ 5.9375, 10.4375, 5.6875, 10.6875 ], "texture": "#texture" }
    }
},
{
    "__comment": "P90_Maya",
    "from": [ 7.5, 5.875, 5.875 ],
    "to": [ 8.5, 6, 6 ],
    "faces": {
        "up":    { "uv": [ 13.75, 9, 14.75, 9.125 ], "texture": "#texture" },
        "north": { "uv": [ 15.25, 8.375, 14.25, 8.5 ], "texture": "#texture" },
        "west":  { "uv": [ 5.875, 10, 6, 10.125 ], "texture": "#texture" },
        "east":  { "uv": [ 6, 10, 5.875, 10.125 ], "texture": "#texture" }
    }
},
{
    "__comment": "P90_Maya",
    "from": [ 7.5, 6, 6 ],
    "to": [ 8.5, 6.125, 6.625 ],
    "faces": {
        "up":    { "uv": [ 9.1875, 1.125, 10.1875, 1.75 ], "rotation": 90, "texture": "#texture" },
        "north": { "uv": [ 15.1875, 8.3125, 14.1875, 8.4375 ], "texture": "#texture" },
        "west":  { "uv": [ 6, 9.875, 6.625, 10 ], "texture": "#texture" },
        "east":  { "uv": [ 6.625, 9.875, 6, 10 ], "texture": "#texture" }
    }
},
{
    "__comment": "P90_Maya",
    "from": [ 7.5, 5.375, 6.125 ],
    "to": [ 8.5, 5.625, 6.25 ],
    "faces": {
        "down":  { "uv": [ 9.5625, 8.3125, 8.5625, 8.1875 ], "texture": "#texture" },
        "north": { "uv": [ 8.5, 10.375, 7.5, 10.625 ], "texture": "#texture" },
        "south": { "uv": [ 8.5625, 7.9375, 9.5625, 8.1875 ], "texture": "#texture" },
        "west":  { "uv": [ 6.125, 10.375, 6.25, 10.625 ], "texture": "#texture" },
        "east":  { "uv": [ 6.25, 10.375, 6.125, 10.625 ], "texture": "#texture" }
    }
},
{
    "__comment": "P90_Maya",
    "from": [ 7.5, 5.5, 6.25 ],
    "to": [ 8.5, 5.625, 7.375 ],
    "faces": {
        "down":  { "uv": [ 11.6875, 10.5, 11.0625, 9.75 ], "texture": "#texture" },
        "up":    { "uv": [ 11, 9.875, 11.8125, 10.6875 ], "texture": "#texture" },
        "west":  { "uv": [ 6.25, 10.375, 7.375, 10.5 ], "texture": "#texture" },
        "east":  { "uv": [ 7.375, 10.375, 6.25, 10.5 ], "texture": "#texture" }
    }
},
{
    "__comment": "P90_Maya",
    "from": [ 7.5, 5.625, 6.25 ],
    "to": [ 8.5, 5.875, 7.25 ],
    "faces": {
        "west":  { "uv": [ 6.25, 10.125, 7.25, 10.375 ], "texture": "#texture" },
        "east":  { "uv": [ 7.25, 10.125, 6.25, 10.375 ], "texture": "#texture" }
    }
},
{
    "__comment": "P90_Maya",
    "from": [ 7.5, 10.875, 6.375 ],
    "to": [ 7.875, 11.5, 7 ],
    "faces": {
        "down":  { "uv": [ 6.9375, 5.25, 6.5625, 4.625 ], "texture": "#texture" },
        "up":    { "uv": [ 6.5, 4.5, 6.875, 5.125 ], "texture": "#texture" },
        "north": { "uv": [ 6.875, 4.5, 6.5625, 5.125 ], "texture": "#texture" },
        "south": { "uv": [ 6.5, 4.5, 6.875, 5.125 ], "texture": "#texture" },
        "west":  { "uv": [ 6.375, 4.5, 7, 5.125 ], "texture": "#texture" },
        "east":  { "uv": [ 7, 4.5, 6.375, 5.125 ], "texture": "#texture" }
    }
},
{
    "__comment": "P90_Maya",
    "from": [ 7.5, 6.25, 6.625 ],
    "to": [ 8.5, 7, 6.75 ],
    "faces": {
        "north": { "uv": [ 15.0625, 2.625, 14.0625, 3.375 ], "texture": "#texture" },
        "west":  { "uv": [ 6.625, 9, 6.75, 9.75 ], "texture": "#texture" },
        "east":  { "uv": [ 6.75, 9, 6.625, 9.75 ], "texture": "#texture" }
    }
},
{
    "__comment": "P90_Maya",
    "from": [ 7.5, 9.875, 7 ],
    "to": [ 8.5, 10, 7.125 ],
    "faces": {
        "west":  { "uv": [ 7, 6, 7.125, 6.125 ], "texture": "#texture" },
        "east":  { "uv": [ 7.125, 6, 7, 6.125 ], "texture": "#texture" }
    }
},
{
    "__comment": "P90_Maya",
    "from": [ 7.5, 5.375, 7.25 ],
    "to": [ 8.5, 5.5, 7.875 ],
    "faces": {
        "down":  { "uv": [ 8.75, 10.875, 7.75, 10.25 ], "texture": "#texture" },
        "up":    { "uv": [ 7.5, 7.25, 8.5, 7.875 ], "texture": "#texture" },
        "north": { "uv": [ 8.5, 10.5, 7.5, 10.625 ], "texture": "#texture" },
        "west":  { "uv": [ 7.4375, 10.5, 8.0625, 10.625 ], "texture": "#texture" },
        "east":  { "uv": [ 8.0625, 10.5, 7.4375, 10.625 ], "texture": "#texture" }
    }
},
{
    "__comment": "P90_Maya",
    "from": [ 7.5, 5.125, 7.375 ],
    "to": [ 8.5, 5.375, 8.125 ],
    "faces": {
        "down":  { "uv": [ 8.625, 10.8125, 7.875, 10.25 ], "texture": "#texture" },
        "up":    { "uv": [ 7, 9.5, 8, 10.25 ], "texture": "#texture" },
        "north": { "uv": [ 8.75, 10.5625, 7.75, 10.8125 ], "texture": "#texture" },
        "west":  { "uv": [ 7.6875, 10.625, 8.4375, 10.875 ], "texture": "#texture" },
        "east":  { "uv": [ 8.5, 10.625, 7.75, 10.875 ], "texture": "#texture" }
    }
},
{
    "__comment": "P90_Maya",
    "from": [ 7.5, 6.25, 7.75 ],
    "to": [ 8.5, 6.75, 7.875 ],
    "faces": {
        "south": { "uv": [ 8.5, 7.9375, 9.5, 8.4375 ], "texture": "#texture" },
        "west":  { "uv": [ 7.75, 9.25, 7.875, 9.75 ], "texture": "#texture" },
        "east":  { "uv": [ 7.875, 9.25, 7.75, 9.75 ], "texture": "#texture" }
    }
},
{
    "__comment": "P90_Maya",
    "from": [ 7.5, 9, 7.75 ],
    "to": [ 8.5, 9.125, 11.375 ],
    "faces": {
        "up":    { "uv": [ 7.375, 2.75, 11.0625, 3.4375 ], "rotation": 90, "texture": "#texture" },
        "south": { "uv": [ 9.125, 7.0625, 10.125, 7.1875 ], "texture": "#texture" },
        "west":  { "uv": [ 7.6875, 3.0625, 11.0625, 3.1875 ], "texture": "#texture" },
        "east":  { "uv": [ 11, 2.9375, 7.75, 3.0625 ], "texture": "#texture" }
    }
},
{
    "__comment": "P90_Maya",
    "from": [ 7.5, 5, 7.875 ],
    "to": [ 8.5, 5.125, 8.625 ],
    "faces": {
        "down":  { "uv": [ 8.8125, 10.9375, 7.8125, 10.1875 ], "texture": "#texture" },
        "up":    { "uv": [ 7.5, 7.875, 8.5, 8.625 ], "texture": "#texture" },
        "north": { "uv": [ 8.5, 10.5, 7.5, 10.625 ], "texture": "#texture" },
        "west":  { "uv": [ 7.875, 10.875, 8.625, 11 ], "texture": "#texture" },
        "east":  { "uv": [ 8.625, 10.875, 7.875, 11 ], "texture": "#texture" }
    }
},
{
    "__comment": "P90_Maya",
    "from": [ 7.5, 6.125, 7.875 ],
    "to": [ 8.5, 6.25, 8.125 ],
    "faces": {
        "up":    { "uv": [ 7.625, 10.125, 8.625, 10.375 ], "texture": "#texture" },
        "south": { "uv": [ 7.625, 10.125, 8.625, 10.25 ], "texture": "#texture" },
        "west":  { "uv": [ 7.875, 9.75, 8.125, 9.875 ], "texture": "#texture" },
        "east":  { "uv": [ 8.125, 9.75, 7.875, 9.875 ], "texture": "#texture" }
    }
},
{
    "__comment": "P90_Maya",
    "from": [ 7.5, 6.75, 7.875 ],
    "to": [ 8.5, 7, 8.125 ],
    "faces": {
        "down":  { "uv": [ 8.875, 10.75, 7.875, 10.5 ], "texture": "#texture" },
        "south": { "uv": [ 10.8125, 2.8125, 11.8125, 3.0625 ], "rotation": 180, "texture": "#texture" },
        "west":  { "uv": [ 11.25, 2.8125, 11.5, 3.0625 ], "rotation": 180, "texture": "#texture" },
        "east":  { "uv": [ 11.3125, 2.9375, 11.0625, 3.1875 ], "rotation": 180, "texture": "#texture" }
    }
},
{
    "__comment": "P90_Maya",
    "from": [ 7.5, 4.875, 8.125 ],
    "to": [ 8.5, 5, 8.75 ],
    "faces": {
        "down":  { "uv": [ 8.875, 10.8125, 7.875, 10.1875 ], "texture": "#texture" },
        "up":    { "uv": [ 6.5, 9.5, 7.5, 10.125 ], "texture": "#texture" },
        "north": { "uv": [ 8.875, 10.625, 7.875, 10.75 ], "texture": "#texture" },
        "west":  { "uv": [ 8.125, 11, 8.75, 11.125 ], "texture": "#texture" },
        "east":  { "uv": [ 8.75, 11, 8.125, 11.125 ], "texture": "#texture" }
    }
},
{
    "__comment": "P90_Maya",
    "from": [ 7.5, 6, 8.125 ],
    "to": [ 8.5, 6.125, 8.25 ],
    "faces": {
        "up":    { "uv": [ 7.875, 10.5625, 8.875, 10.6875 ], "texture": "#texture" },
        "south": { "uv": [ 7.8125, 10.5625, 8.8125, 10.6875 ], "texture": "#texture" },
        "west":  { "uv": [ 8.125, 9.875, 8.25, 10 ], "texture": "#texture" },
        "east":  { "uv": [ 8.25, 9.875, 8.125, 10 ], "texture": "#texture" }
    }
},
{
    "__comment": "P90_Maya",
    "from": [ 7.5, 7, 8.125 ],
    "to": [ 8.5, 7.125, 8.25 ],
    "faces": {
        "down":  { "uv": [ 8.9375, 10.5, 7.9375, 10.375 ], "texture": "#texture" },
        "south": { "uv": [ 7.9375, 10.625, 8.9375, 10.75 ], "texture": "#texture" },
        "west":  { "uv": [ 8.125, 8.875, 8.25, 9 ], "texture": "#texture" },
        "east":  { "uv": [ 8.25, 8.875, 8.125, 9 ], "texture": "#texture" }
    }
},
{
    "__comment": "P90_Maya",
    "from": [ 7.5, 5.875, 8.25 ],
    "to": [ 8.5, 6, 8.375 ],
    "faces": {
        "up":    { "uv": [ 7.625, 10.25, 8.625, 10.375 ], "texture": "#texture" },
        "south": { "uv": [ 7.625, 10.25, 8.625, 10.375 ], "texture": "#texture" },
        "west":  { "uv": [ 8.25, 10, 8.375, 10.125 ], "texture": "#texture" },
        "east":  { "uv": [ 8.375, 10, 8.25, 10.125 ], "texture": "#texture" }
    }
},
{
    "__comment": "P90_Maya",
    "from": [ 7.5, 7.125, 8.25 ],
    "to": [ 8.5, 7.25, 8.375 ],
    "faces": {
        "down":  { "uv": [ 8.8125, 10.625, 7.8125, 10.5 ], "texture": "#texture" },
        "south": { "uv": [ 7.875, 10.5, 8.875, 10.625 ], "texture": "#texture" },
        "west":  { "uv": [ 8.0625, 8.8125, 8.1875, 8.9375 ], "texture": "#texture" },
        "east":  { "uv": [ 8.25, 8.75, 8.125, 8.875 ], "texture": "#texture" }
    }
},
{
    "__comment": "P90_Maya",
    "from": [ 7.5, 5.625, 8.375 ],
    "to": [ 8.5, 5.875, 8.75 ],
    "faces": {
        "up":    { "uv": [ 7.875, 10.375, 8.875, 10.75 ], "texture": "#texture" },
        "south": { "uv": [ 7.8125, 10.375, 8.8125, 10.625 ], "texture": "#texture" },
        "west":  { "uv": [ 8.375, 10.125, 8.75, 10.375 ], "texture": "#texture" },
        "east":  { "uv": [ 8.75, 10.125, 8.375, 10.375 ], "texture": "#texture" }
    }
},
{
    "__comment": "P90_Maya",
    "from": [ 7.5, 7.25, 8.375 ],
    "to": [ 8.5, 7.375, 8.625 ],
    "faces": {
        "down":  { "uv": [ 8.875, 10.6875, 7.875, 10.4375 ], "texture": "#texture" },
        "south": { "uv": [ 7.9375, 10.4375, 8.9375, 10.5625 ], "texture": "#texture" },
        "west":  { "uv": [ 8.0625, 10.25, 8.3125, 10.375 ], "texture": "#texture" },
        "east":  { "uv": [ 8.3125, 10.625, 8.0625, 10.75 ], "texture": "#texture" }
    }
},
{
    "__comment": "P90_Maya",
    "from": [ 7.5, 4.625, 8.625 ],
    "to": [ 8.5, 4.875, 10.375 ],
    "faces": {
        "down":  { "uv": [ 12.5, 1.5625, 11.6875, 0.125 ], "rotation": 180, "texture": "#texture" },
        "up":    { "uv": [ 10.75, 8.875, 11.75, 10.625 ], "texture": "#texture" },
        "north": { "uv": [ 8.8125, 10.3125, 7.8125, 10.5625 ], "texture": "#texture" },
        "south": { "uv": [ 10.0625, 10.1875, 11.0625, 10.4375 ], "texture": "#texture" },
        "west":  { "uv": [ 8.625, 11.125, 10.375, 11.375 ], "texture": "#texture" },
        "east":  { "uv": [ 10.375, 11.125, 8.625, 11.375 ], "texture": "#texture" }
    }
},
{
    "__comment": "P90_Maya",
    "from": [ 7.5, 4.5, 8.75 ],
    "to": [ 8.5, 4.625, 10 ],
    "faces": {
        "down":  { "uv": [ 9.1875, 8.375, 8.1875, 7.5625 ], "texture": "#texture" },
        "north": { "uv": [ 11.1875, 10.4375, 10.1875, 10.5625 ], "texture": "#texture" },
        "south": { "uv": [ 9.1875, 11, 10.1875, 11.125 ], "texture": "#texture" },
        "west":  { "uv": [ 8.75, 11.375, 10, 11.5 ], "texture": "#texture" },
        "east":  { "uv": [ 10, 11.375, 8.75, 11.5 ], "texture": "#texture" }
    }
},
{
    "__comment": "P90_Maya",
    "from": [ 7.5, 5.5, 8.75 ],
    "to": [ 8.5, 5.625, 9 ],
    "faces": {
        "up":    { "uv": [ 7.75, 10.375, 8.75, 10.625 ], "texture": "#texture" },
        "south": { "uv": [ 7.75, 10.4375, 8.75, 10.5625 ], "texture": "#texture" },
        "west":  { "uv": [ 8.75, 10.375, 9, 10.5 ], "texture": "#texture" },
        "east":  { "uv": [ 9, 10.375, 8.75, 10.5 ], "texture": "#texture" }
    }
},
{
    "__comment": "P90_Maya",
    "from": [ 7.5, 5.375, 9 ],
    "to": [ 8.5, 5.5, 9.5 ],
    "faces": {
        "up":    { "uv": [ 12, 1.125, 13, 1.625 ], "rotation": 90, "texture": "#texture" },
        "west":  { "uv": [ 9, 10.5, 9.5, 10.625 ], "texture": "#texture" },
        "east":  { "uv": [ 9.5, 10.5, 9, 10.625 ], "texture": "#texture" }
    }
},
{
    "__comment": "P90_Maya",
    "from": [ 7.5, 5.5, 9.5 ],
    "to": [ 8.5, 5.625, 9.75 ],
    "faces": {
        "up":    { "uv": [ 10, 10.5, 11, 10.75 ], "texture": "#texture" },
        "north": { "uv": [ 11, 10.5, 10, 10.625 ], "texture": "#texture" },
        "west":  { "uv": [ 9.5, 10.375, 9.75, 10.5 ], "texture": "#texture" },
        "east":  { "uv": [ 9.75, 10.375, 9.5, 10.5 ], "texture": "#texture" }
    }
},
{
    "__comment": "P90_Maya",
    "from": [ 7.5, 7.25, 9.5 ],
    "to": [ 8.5, 7.375, 9.75 ],
    "faces": {
        "down":  { "uv": [ 11.5, 1.5625, 10.5, 1.3125 ], "texture": "#texture" },
        "north": { "uv": [ 11.875, 1.375, 10.875, 1.5 ], "texture": "#texture" },
        "west":  { "uv": [ 9.9375, 8.6875, 10.1875, 8.8125 ], "texture": "#texture" },
        "east":  { "uv": [ 10.3125, 8.75, 10.0625, 8.875 ], "texture": "#texture" }
    }
},
{
    "__comment": "P90_Maya",
    "from": [ 7.5, 5.625, 9.75 ],
    "to": [ 8.5, 5.875, 9.875 ],
    "faces": {
        "up":    { "uv": [ 10, 10, 11, 10.125 ], "texture": "#texture" },
        "north": { "uv": [ 11.5, 10, 10.5, 10.25 ], "texture": "#texture" },
        "west":  { "uv": [ 9.75, 10.125, 9.875, 10.375 ], "texture": "#texture" },
        "east":  { "uv": [ 9.875, 10.125, 9.75, 10.375 ], "texture": "#texture" }
    }
},
{
    "__comment": "P90_Maya",
    "from": [ 7.5, 7.125, 9.75 ],
    "to": [ 8.5, 7.25, 9.875 ],
    "faces": {
        "down":  { "uv": [ 11.875, 1.5, 10.875, 1.375 ], "texture": "#texture" },
        "north": { "uv": [ 11.375, 1.375, 10.375, 1.5 ], "texture": "#texture" },
        "west":  { "uv": [ 10.1875, 8.75, 10.3125, 8.875 ], "texture": "#texture" },
        "east":  { "uv": [ 10.0625, 8.75, 9.9375, 8.875 ], "texture": "#texture" }
    }
},
{
    "__comment": "P90_Maya",
    "from": [ 7.5, 5.875, 9.875 ],
    "to": [ 8.5, 6, 10 ],
    "faces": {
        "up":    { "uv": [ 10, 10.5, 11, 10.625 ], "texture": "#texture" },
        "north": { "uv": [ 11.5, 10, 10.5, 10.125 ], "texture": "#texture" },
        "west":  { "uv": [ 9.875, 10, 10, 10.125 ], "texture": "#texture" },
        "east":  { "uv": [ 10, 10, 9.875, 10.125 ], "texture": "#texture" }
    }
},
{
    "__comment": "P90_Maya",
    "from": [ 7.5, 7, 9.875 ],
    "to": [ 8.5, 7.125, 10 ],
    "faces": {
        "down":  { "uv": [ 11.8125, 1.25, 10.8125, 1.125 ], "texture": "#texture" },
        "north": { "uv": [ 11.5, 1.3125, 10.5, 1.4375 ], "texture": "#texture" },
        "west":  { "uv": [ 10.0625, 8.75, 10.1875, 8.875 ], "texture": "#texture" },
        "east":  { "uv": [ 10.125, 8.8125, 10, 8.9375 ], "texture": "#texture" }
    }
},
{
    "__comment": "P90_Maya",
    "from": [ 7.5, 4.875, 10 ],
    "to": [ 8.5, 5, 10.625 ],
    "faces": {
        "down":  { "uv": [ 9.6875, 8.375, 8.6875, 7.75 ], "texture": "#texture" },
        "up":    { "uv": [ 7.5, 10, 8.5, 10.625 ], "texture": "#texture" },
        "south": { "uv": [ 10.125, 10.3125, 11.125, 10.4375 ], "texture": "#texture" },
        "west":  { "uv": [ 10, 11, 10.625, 11.125 ], "texture": "#texture" },
        "east":  { "uv": [ 10.625, 11, 10, 11.125 ], "texture": "#texture" }
    }
},
{
    "__comment": "P90_Maya",
    "from": [ 7.5, 6, 10 ],
    "to": [ 8.5, 6.125, 10.375 ],
    "faces": {
        "up":    { "uv": [ 10.5, 10, 11.5, 10.375 ], "texture": "#texture" },
        "north": { "uv": [ 11.5, 10, 10.5, 10.125 ], "texture": "#texture" },
        "west":  { "uv": [ 10, 9.875, 10.375, 10 ], "texture": "#texture" },
        "east":  { "uv": [ 10.375, 9.875, 10, 10 ], "texture": "#texture" }
    }
},
{
    "__comment": "P90_Maya",
    "from": [ 7.5, 6.75, 10 ],
    "to": [ 8.5, 7, 10.125 ],
    "faces": {
        "down":  { "uv": [ 11.875, 1.375, 10.875, 1.25 ], "texture": "#texture" },
        "north": { "uv": [ 11.4375, 1.3125, 10.4375, 1.5625 ], "texture": "#texture" },
        "west":  { "uv": [ 10, 9, 10.125, 9.25 ], "texture": "#texture" },
        "east":  { "uv": [ 10.125, 9, 10, 9.25 ], "texture": "#texture" }
    }
},
{
    "__comment": "P90_Maya",
    "from": [ 7.5, 6.625, 10.125 ],
    "to": [ 8.5, 6.75, 10.375 ],
    "faces": {
        "down":  { "uv": [ 11.4375, 1.5, 10.4375, 1.25 ], "texture": "#texture" },
        "north": { "uv": [ 11.5, 1.375, 10.5, 1.5 ], "texture": "#texture" },
        "west":  { "uv": [ 10.125, 9.25, 10.375, 9.375 ], "texture": "#texture" },
        "east":  { "uv": [ 10.375, 9.25, 10.125, 9.375 ], "texture": "#texture" }
    }
},
{
    "__comment": "P90_Maya",
    "from": [ 7.5, 5, 10.375 ],
    "to": [ 8.5, 5.125, 11.125 ],
    "faces": {
        "down":  { "uv": [ 12.5, 11.9375, 11.5, 11.1875 ], "texture": "#texture" },
        "up":    { "uv": [ 9, 10.5, 10, 11.25 ], "texture": "#texture" },
        "south": { "uv": [ 9, 11, 10, 11.125 ], "texture": "#texture" },
        "west":  { "uv": [ 10.3125, 10.4375, 11.0625, 10.5625 ], "texture": "#texture" },
        "east":  { "uv": [ 11.125, 10.4375, 10.375, 10.5625 ], "texture": "#texture" }
    }
},
{
    "__comment": "P90_Maya",
    "from": [ 7.5, 6.125, 10.375 ],
    "to": [ 8.5, 6.625, 10.5 ],
    "faces": {
        "north": { "uv": [ 9.6875, 7.875, 8.6875, 8.375 ], "texture": "#texture" },
        "west":  { "uv": [ 10.375, 9.375, 10.5, 9.875 ], "texture": "#texture" },
        "east":  { "uv": [ 10.5, 9.375, 10.375, 9.875 ], "texture": "#texture" }
    }
},
{
    "__comment": "P90_Maya",
    "from": [ 7.5, 5.125, 10.625 ],
    "to": [ 8.5, 5.375, 11.625 ],
    "faces": {
        "down":  { "uv": [ 12.125, 12.125, 11.125, 11.125 ], "texture": "#texture" },
        "up":    { "uv": [ 9, 10.5, 10, 11.5 ], "texture": "#texture" },
        "south": { "uv": [ 10, 10.5, 11, 10.75 ], "texture": "#texture" },
        "west":  { "uv": [ 10.4375, 10.25, 11.4375, 10.5 ], "texture": "#texture" },
        "east":  { "uv": [ 11.5, 10.3125, 10.5, 10.5625 ], "texture": "#texture" }
    }
},
{
    "__comment": "P90_Maya",
    "from": [ 7.5, 5.375, 11.125 ],
    "to": [ 8.5, 5.5, 12.125 ],
    "faces": {
        "down":  { "uv": [ 14.875, 13.75, 13.875, 12.75 ], "rotation": 90, "texture": "#texture" },
        "south": { "uv": [ 7.5, 10.5, 8.5, 10.625 ], "texture": "#texture" },
        "west":  { "uv": [ 13.875, 13.4375, 14.875, 13.5625 ], "texture": "#texture" },
        "east":  { "uv": [ 14.875, 12.875, 13.875, 13 ], "texture": "#texture" }
    }
},
{
    "__comment": "P90_Maya",
    "from": [ 7.5, 8.875, 13.875 ],
    "to": [ 8.5, 9, 16 ],
    "faces": {
        "down":  { "uv": [ 8.5, 16, 7.5, 13.875 ], "texture": "#texture" },
        "up":    { "uv": [ 13.625, 6.3125, 16, 7 ], "rotation": 90, "texture": "#texture" },
        "south": { "uv": [ 14.8125, 10.125, 15.8125, 10.25 ], "texture": "#texture", "cullface": "south" },
        "west":  { "uv": [ 13.6875, 6.75, 16, 6.9375 ], "texture": "#texture" },
        "east":  { "uv": [ 16, 6.75, 13.625, 6.9375 ], "texture": "#texture" }
    }
},
{
    "__comment": "P90_Maya",
    "from": [ 7.5, 5.5, 15.875 ],
    "to": [ 8.5, 5.875, 16 ],
    "faces": {
        "down":  { "uv": [ 15.6875, 10.3125, 14.6875, 10.1875 ], "texture": "#texture" },
        "north": { "uv": [ 15.5, 9.5, 14.5, 9.875 ], "texture": "#texture" },
        "south": { "uv": [ 14.875, 9.8125, 15.875, 10.1875 ], "texture": "#texture", "cullface": "south" },
        "west":  { "uv": [ 15.5, 10, 15.625, 10.375 ], "texture": "#texture" },
        "east":  { "uv": [ 15.5, 10, 15.375, 10.375 ], "texture": "#texture" }
    }
},
{
    "__comment": "P90_Maya",
    "from": [ 7.5, 8.75, 15.875 ],
    "to": [ 8.5, 8.875, 16 ],
    "faces": {
        "south": { "uv": [ 14.6875, 10.0625, 15.6875, 10.1875 ], "texture": "#texture", "cullface": "south" },
        "west":  { "uv": [ 15.3125, 10.125, 15.4375, 10.25 ], "texture": "#texture" },
        "east":  { "uv": [ 15.625, 10.0625, 15.5, 10.1875 ], "texture": "#texture" }
    }
},
{
    "__comment": "P90_Maya",
    "from": [ 7.625, 7.375, 0 ],
    "to": [ 8.375, 7.625, 2.25 ],
    "faces": {
        "down":  { "uv": [ 0, 9.3125, 1.9375, 8.875 ], "rotation": 270, "texture": "#texture" },
        "north": { "uv": [ 15, 2.875, 14.25, 3.125 ], "texture": "#texture", "cullface": "north" },
        "west":  { "uv": [ 0, 8.375, 2.25, 8.625 ], "texture": "#texture" },
        "east":  { "uv": [ 2.25, 8.375, 0, 8.625 ], "texture": "#texture" }
    }
},
{
    "__comment": "P90_Maya",
    "from": [ 7.625, 8.25, 0 ],
    "to": [ 8.375, 8.375, 2 ],
    "faces": {
        "up":    { "uv": [ 0, 6.875, 1.9375, 7.25 ], "rotation": 90, "texture": "#texture" },
        "north": { "uv": [ 15.25, 3, 14.5, 3.125 ], "texture": "#texture", "cullface": "north" },
        "west":  { "uv": [ 0, 7.625, 2, 7.75 ], "texture": "#texture" },
        "east":  { "uv": [ 2, 7.625, 0, 7.75 ], "texture": "#texture" }
    }
},
{
    "__comment": "P90_Maya",
    "from": [ 7.625, 6.125, 2.625 ],
    "to": [ 8.375, 6.5, 2.75 ],
    "faces": {
        "down":  { "uv": [ 2.75, 9.375, 2, 9.25 ], "texture": "#texture" },
        "south": { "uv": [ 2, 9.25, 2.75, 9.625 ], "texture": "#texture" },
        "west":  { "uv": [ 2.625, 9.5, 2.75, 9.875 ], "texture": "#texture" },
        "east":  { "uv": [ 2.75, 9.5, 2.625, 9.875 ], "texture": "#texture" }
    }
},
{
    "__comment": "P90_Maya",
    "from": [ 7.625, 10.5, 3.25 ],
    "to": [ 8.375, 10.875, 3.625 ],
    "faces": {
        "up":    { "uv": [ 6.5, 4.5625, 6.9375, 5.4375 ], "rotation": 90, "texture": "#texture" },
        "north": { "uv": [ 6.875, 4.5, 6.5625, 5.375 ], "rotation": 90, "texture": "#texture" },
        "south": { "uv": [ 6.5, 4.5625, 6.9375, 5.4375 ], "rotation": 90, "texture": "#texture" },
        "west":  { "uv": [ 3.25, 5.125, 3.625, 5.5 ], "texture": "#texture" },
        "east":  { "uv": [ 3.625, 5.125, 3.25, 5.5 ], "texture": "#texture" }
    }
},
{
    "__comment": "P90_Maya",
    "from": [ 7.625, 10.5, 6.375 ],
    "to": [ 8.375, 10.875, 7 ],
    "faces": {
        "up":    { "uv": [ 6.4375, 4.5625, 6.9375, 5.375 ], "texture": "#texture" },
        "north": { "uv": [ 6.875, 4.625, 6.5, 5.5 ], "rotation": 90, "texture": "#texture" },
        "south": { "uv": [ 6.4375, 4.625, 6.9375, 5.4375 ], "rotation": 90, "texture": "#texture" },
        "west":  { "uv": [ 6.375, 5.125, 7, 5.5 ], "texture": "#texture" },
        "east":  { "uv": [ 7, 5.125, 6.375, 5.5 ], "texture": "#texture" }
    }
},
{
    "__comment": "P90_Maya",
    "from": [ 7.625, 6.125, 6.5 ],
    "to": [ 8.375, 7.125, 6.625 ],
    "faces": {
        "north": { "uv": [ 15.3125, 12.9375, 14.75, 14.0625 ], "texture": "#texture" },
        "south": { "uv": [ 14.6875, 13.25, 15.375, 14.25 ], "texture": "#texture" },
        "west":  { "uv": [ 6.5, 8.875, 6.625, 9.875 ], "texture": "#texture" },
        "east":  { "uv": [ 6.625, 8.875, 6.5, 9.875 ], "texture": "#texture" }
    }
},
{
    "__comment": "P90_Maya",
    "from": [ 7.875, 10.875, 3.25 ],
    "to": [ 8.5, 11, 3.625 ],
    "faces": {
        "down":  { "uv": [ 6.9375, 4.9375, 6.5, 4.6875 ], "texture": "#texture" },
        "up":    { "uv": [ 6.4375, 4.75, 6.9375, 5.0625 ], "texture": "#texture" },
        "north": { "uv": [ 6.875, 4.8125, 6.5, 5 ], "texture": "#texture" },
        "south": { "uv": [ 6.5, 4.6875, 7, 4.8125 ], "texture": "#texture" },
        "east":  { "uv": [ 3.625, 5, 3.25, 5.125 ], "texture": "#texture" }
    }
},
{
    "__comment": "P90_Maya",
    "from": [ 7.875, 11, 3.375 ],
    "to": [ 8.5, 11.375, 3.5 ],
    "faces": {
        "up":    { "uv": [ 6.5, 4.8125, 7, 4.9375 ], "texture": "#texture" },
        "north": { "uv": [ 6.9375, 4.625, 6.5, 5 ], "texture": "#texture" },
        "south": { "uv": [ 6.4375, 4.75, 7, 5.125 ], "texture": "#texture" },
        "east":  { "uv": [ 3.5, 4.625, 3.375, 5 ], "texture": "#texture" }
    }
},
{
    "__comment": "P90_Maya",
    "from": [ 7.875, 6.75, 5.75 ],
    "to": [ 8.125, 7.125, 6.5 ],
    "faces": {
        "down":  { "uv": [ 9.0625, 0.75, 8.8125, 0 ], "texture": "#texture" },
        "north": { "uv": [ 9.0625, 0.1875, 8.8125, 0.5625 ], "texture": "#texture" },
        "west":  { "uv": [ 9.375, 0.3125, 10.125, 0.6875 ], "texture": "#texture" },
        "east":  { "uv": [ 10.125, 0.25, 9.375, 0.625 ], "texture": "#texture" }
    }
},
{
    "__comment": "P90_Maya",
    "from": [ 7.875, 6.125, 6 ],
    "to": [ 8.125, 6.75, 6.5 ],
    "faces": {
        "north": { "uv": [ 9.3125, 0.0625, 9.0625, 0.6875 ], "texture": "#texture" },
        "west":  { "uv": [ 9.4375, 0.125, 9.9375, 0.75 ], "texture": "#texture" },
        "east":  { "uv": [ 9.9375, 0.0625, 9.4375, 0.6875 ], "texture": "#texture" }
    }
},
{
    "__comment": "P90_Maya",
    "from": [ 7.875, 10.875, 6.375 ],
    "to": [ 8.5, 11, 7 ],
    "faces": {
        "down":  { "uv": [ 7, 5.5, 6.375, 4.875 ], "texture": "#texture" },
        "up":    { "uv": [ 6.375, 5, 7, 5.625 ], "texture": "#texture" },
        "north": { "uv": [ 7, 4.5, 6.375, 4.625 ], "texture": "#texture" },
        "south": { "uv": [ 6.375, 4.5, 7, 4.625 ], "texture": "#texture" },
        "east":  { "uv": [ 7, 5, 6.375, 5.125 ], "texture": "#texture" }
    }
},
{
    "__comment": "P90_Maya",
    "from": [ 7.875, 11, 6.625 ],
    "to": [ 8.5, 11.125, 6.875 ],
    "faces": {
        "up":    { "uv": [ 6.375, 4.875, 7, 5.25 ], "texture": "#texture" },
        "north": { "uv": [ 7, 5, 6.375, 5.125 ], "texture": "#texture" },
        "south": { "uv": [ 6.5, 4.75, 7.125, 4.875 ], "texture": "#texture" },
        "east":  { "uv": [ 6.875, 4.875, 6.5, 5 ], "texture": "#texture" }
    }
},
{
    "__comment": "P90_Maya",
    "from": [ 7.875, 11.25, 6.625 ],
    "to": [ 8.5, 11.375, 7 ],
    "faces": {
        "down":  { "uv": [ 7, 5.25, 6.375, 4.875 ], "texture": "#texture" },
        "up":    { "uv": [ 6.375, 4.875, 7, 5.25 ], "texture": "#texture" },
        "north": { "uv": [ 7, 5.125, 6.375, 5.25 ], "texture": "#texture" },
        "south": { "uv": [ 6.375, 4.625, 7, 4.75 ], "texture": "#texture" },
        "east":  { "uv": [ 6.875, 4.625, 6.5, 4.75 ], "texture": "#texture" }
    }
},
{
    "__comment": "P90_Maya",
    "from": [ 8.125, 11, 3.25 ],
    "to": [ 8.5, 11.5, 3.375 ],
    "faces": {
        "up":    { "uv": [ 6.5625, 4.6875, 6.9375, 4.8125 ], "texture": "#texture" },
        "north": { "uv": [ 6.875, 4.5625, 6.625, 5.0625 ], "texture": "#texture" },
        "south": { "uv": [ 6.5, 4.5, 6.875, 5 ], "texture": "#texture" },
        "west":  { "uv": [ 3.25, 4.5, 3.375, 5 ], "texture": "#texture" },
        "east":  { "uv": [ 3.375, 4.5, 3.25, 5 ], "texture": "#texture" }
    }
},
{
    "__comment": "P90_Maya",
    "from": [ 8.125, 11.375, 3.375 ],
    "to": [ 8.5, 11.5, 3.625 ],
    "faces": {
        "down":  { "uv": [ 6.9375, 4.875, 6.5625, 4.625 ], "texture": "#texture" },
        "up":    { "uv": [ 6.5625, 4.625, 6.9375, 4.875 ], "texture": "#texture" },
        "south": { "uv": [ 6.5625, 4.6875, 6.9375, 4.8125 ], "texture": "#texture" },
        "west":  { "uv": [ 3.375, 4.5, 3.625, 4.625 ], "texture": "#texture" },
        "east":  { "uv": [ 3.625, 4.5, 3.375, 4.625 ], "texture": "#texture" }
    }
},
{
    "__comment": "P90_Maya",
    "from": [ 8.125, 11, 3.5 ],
    "to": [ 8.5, 11.375, 3.625 ],
    "faces": {
        "south": { "uv": [ 3.25, 4.75, 3.625, 5.125 ], "texture": "#texture" },
        "west":  { "uv": [ 3.5, 4.625, 3.625, 5 ], "texture": "#texture" },
        "east":  { "uv": [ 3.625, 4.625, 3.5, 5 ], "texture": "#texture" }
    }
},
{
    "__comment": "P90_Maya",
    "from": [ 8.125, 11, 6.375 ],
    "to": [ 8.5, 11.5, 6.625 ],
    "faces": {
        "up":    { "uv": [ 6.5, 5, 6.875, 5.125 ], "texture": "#texture" },
        "north": { "uv": [ 6.875, 4.625, 6.5, 5.125 ], "texture": "#texture" },
        "south": { "uv": [ 6.5625, 4.625, 6.9375, 5.125 ], "texture": "#texture" },
        "west":  { "uv": [ 6.625, 4.5625, 6.75, 5.0625 ], "texture": "#texture" },
        "east":  { "uv": [ 6.8125, 4.625, 6.6875, 5.125 ], "texture": "#texture" }
    }
},
{
    "__comment": "P90_Maya",
    "from": [ 8.125, 11.125, 6.625 ],
    "to": [ 8.5, 11.25, 7 ],
    "faces": {
        "down":  { "uv": [ 7, 5.5, 6.625, 5 ], "texture": "#texture" },
        "south": { "uv": [ 6.5, 5, 6.875, 5.125 ], "texture": "#texture" },
        "west":  { "uv": [ 6.5, 4.75, 7, 4.875 ], "texture": "#texture" },
        "east":  { "uv": [ 7, 4.75, 6.5, 4.875 ], "texture": "#texture" }
    }
},
{
    "__comment": "P90_Maya",
    "from": [ 8.125, 11, 6.875 ],
    "to": [ 8.5, 11.125, 7 ],
    "faces": {
        "south": { "uv": [ 6.5, 5, 6.875, 5.125 ], "texture": "#texture" },
        "west":  { "uv": [ 6.875, 4.875, 7, 5 ], "texture": "#texture" },
        "east":  { "uv": [ 7, 4.875, 6.875, 5 ], "texture": "#texture" }
    }
},
{
    "__comment": "P90_Maya*",
    "from": [ 8.125, 11.375, 6.625 ],
    "to": [ 8.5, 11.5, 7 ],
    "faces": {
        "up":    { "uv": [ 6.4375, 4.5625, 6.9375, 4.9375 ], "texture": "#texture" },
        "south": { "uv": [ 6.4375, 4.625, 7, 4.75 ], "texture": "#texture" },
        "east":  { "uv": [ 6.875, 4.625, 6.5, 4.75 ], "texture": "#texture" }
    }
}
],
"display": {
    "thirdperson_righthand": {
        "rotation": [ 0, 0, 0 ],
        "translation": [ -0.6, 1, -0.5 ],
        "scale": [ 0.9, 0.9, 0.9 ]
    },
    "firstperson_righthand": {
        "rotation": [ 5, 0, 0 ],
        "translation": [ 0, 3.5, 2.8 ],
        "scale": [ 0.8, 0.8, 0.8 ]
    },
    "gui": {
        "rotation": [ -55, -45, -45 ],
        "translation": [ 0, 0, 0 ],
        "scale": [ 1.4, 1.4, -1.4 ]
    },
    "ground": {
        "rotation": [ 0, 0, 0 ],
        "translation": [ 0, 0, 0 ],
        "scale": [ 1, 1, 1 ]
    }
}
}