{
"__comment": "Designed by Mechanan with BDcraft Cubik PRO 0.95 Beta - http://bdcraft.net",
"textures": {
    "texture": "items/ct_knife"
},
"elements": [ 
{
    "__comment": "Knife",
    "from": [ 7.625, 7.5, 6.125 ],
    "to": [ 8.375, 7.625, 9.5 ],
    "faces": {
        "down":  { "uv": [ 4.5625, 3.875, 3.8125, 0.5 ], "texture": "#texture" },
        "up":    { "uv": [ 4.0625, 0.5, 4.8125, 3.875 ], "texture": "#texture" },
        "north": { "uv": [ 8.375, 8.375, 7.625, 8.5 ], "texture": "#texture" },
        "south": { "uv": [ 7.625, 8.375, 8.375, 8.5 ], "texture": "#texture" },
        "west":  { "uv": [ 6.125, 8.375, 9.5, 8.5 ], "texture": "#texture" },
        "east":  { "uv": [ 9.5, 8.375, 6.125, 8.5 ], "texture": "#texture" }
    }
},
{
    "__comment": "Knife",
    "from": [ 7.625, 7.625, 6.25 ],
    "to": [ 8.375, 7.75, 6.875 ],
    "faces": {
        "up":    { "uv": [ 4, 1.5625, 4.75, 2.1875 ], "texture": "#texture" },
        "north": { "uv": [ 8.375, 8.25, 7.625, 8.375 ], "texture": "#texture" },
        "south": { "uv": [ 7.625, 8.25, 8.375, 8.375 ], "texture": "#texture" },
        "west":  { "uv": [ 6.25, 8.25, 6.875, 8.375 ], "texture": "#texture" },
        "east":  { "uv": [ 6.875, 8.25, 6.25, 8.375 ], "texture": "#texture" }
    }
},
{
    "__comment": "Knife",
    "from": [ 7.625, 7.75, 6.25 ],
    "to": [ 8.375, 7.875, 6.5 ],
    "faces": {
        "up":    { "uv": [ 7.5625, 8.75, 8.3125, 9 ], "texture": "#texture" },
        "north": { "uv": [ 8.375, 8.125, 7.625, 8.25 ], "texture": "#texture" },
        "south": { "uv": [ 7.625, 8.125, 8.375, 8.25 ], "texture": "#texture" },
        "west":  { "uv": [ 6.25, 8.125, 6.5, 8.25 ], "texture": "#texture" },
        "east":  { "uv": [ 6.5, 8.125, 6.25, 8.25 ], "texture": "#texture" }
    }
},
{
    "__comment": "Knife",
    "from": [ 7.625, 7.375, 6.5 ],
    "to": [ 8.375, 7.5, 9.75 ],
    "faces": {
        "down":  { "uv": [ 4.4375, 4.0625, 3.6875, 0.8125 ], "texture": "#texture" },
        "up":    { "uv": [ 3.5625, 0.5625, 4.3125, 3.8125 ], "texture": "#texture" },
        "north": { "uv": [ 8.375, 8.5, 7.625, 8.625 ], "texture": "#texture" },
        "south": { "uv": [ 7.625, 8.5, 8.375, 8.625 ], "texture": "#texture" },
        "west":  { "uv": [ 6.5, 8.5, 9.75, 8.625 ], "texture": "#texture" },
        "east":  { "uv": [ 9.75, 8.5, 6.5, 8.625 ], "texture": "#texture" }
    }
},
{
    "__comment": "Knife",
    "from": [ 7.625, 7.25, 6.875 ],
    "to": [ 8.375, 7.375, 9.875 ],
    "faces": {
        "down":  { "uv": [ 5.6875, 4, 4.9375, 1 ], "texture": "#texture" },
        "up":    { "uv": [ 3.5625, 0.8125, 4.3125, 3.8125 ], "texture": "#texture" },
        "north": { "uv": [ 8.375, 8.625, 7.625, 8.75 ], "texture": "#texture" },
        "south": { "uv": [ 7.625, 8.625, 8.375, 8.75 ], "texture": "#texture" },
        "west":  { "uv": [ 6.875, 8.625, 9.875, 8.75 ], "texture": "#texture" },
        "east":  { "uv": [ 9.875, 8.625, 6.875, 8.75 ], "texture": "#texture" }
    }
},
{
    "__comment": "Knife",
    "from": [ 7.625, 7.125, 7 ],
    "to": [ 8.375, 7.25, 9.125 ],
    "faces": {
        "down":  { "uv": [ 8.375, 9.125, 7.625, 7 ], "texture": "#texture" },
        "north": { "uv": [ 8.375, 8.75, 7.625, 8.875 ], "texture": "#texture" },
        "south": { "uv": [ 7.625, 8.75, 8.375, 8.875 ], "texture": "#texture" },
        "west":  { "uv": [ 7, 8.75, 9.125, 8.875 ], "texture": "#texture" },
        "east":  { "uv": [ 9.125, 8.75, 7, 8.875 ], "texture": "#texture" }
    }
},
{
    "__comment": "Knife",
    "from": [ 7.625, 0.5, 7.25 ],
    "to": [ 8.375, 0.875, 8.875 ],
    "faces": {
        "down":  { "uv": [ 3.1875, 12.75, 2.4375, 11.125 ], "texture": "#texture" },
        "up":    { "uv": [ 2.4375, 12.375, 3.1875, 14 ], "texture": "#texture" },
        "north": { "uv": [ 8.375, 15.125, 7.625, 15.5 ], "texture": "#texture" },
        "south": { "uv": [ 7.625, 15.125, 8.375, 15.5 ], "texture": "#texture" },
        "west":  { "uv": [ 7.25, 15.125, 8.875, 15.5 ], "texture": "#texture" },
        "east":  { "uv": [ 8.875, 15.125, 7.25, 15.5 ], "texture": "#texture" }
    }
},
{
    "__comment": "Knife",
    "from": [ 7.625, 6.875, 7.25 ],
    "to": [ 8.375, 7.125, 8.875 ],
    "faces": {
        "down":  { "uv": [ 8.375, 8.875, 7.625, 7.25 ], "texture": "#texture" },
        "north": { "uv": [ 8.375, 8.875, 7.625, 9.125 ], "texture": "#texture" },
        "south": { "uv": [ 7.625, 8.875, 8.375, 9.125 ], "texture": "#texture" },
        "west":  { "uv": [ 7.25, 8.875, 8.875, 9.125 ], "texture": "#texture" },
        "east":  { "uv": [ 8.875, 8.875, 7.25, 9.125 ], "texture": "#texture" }
    }
},
{
    "__comment": "Knife",
    "from": [ 7.625, 0.375, 7.375 ],
    "to": [ 8.375, 0.5, 8.75 ],
    "faces": {
        "down":  { "uv": [ 8.75, 13.1875, 8, 11.8125 ], "texture": "#texture" },
        "north": { "uv": [ 8.375, 15.5, 7.625, 15.625 ], "texture": "#texture" },
        "south": { "uv": [ 7.625, 15.5, 8.375, 15.625 ], "texture": "#texture" },
        "west":  { "uv": [ 7.375, 15.5, 8.75, 15.625 ], "texture": "#texture" },
        "east":  { "uv": [ 8.75, 15.5, 7.375, 15.625 ], "texture": "#texture" }
    }
},
{
    "__comment": "Knife",
    "from": [ 7.625, 0.875, 7.375 ],
    "to": [ 8.375, 1.25, 8.75 ],
    "faces": {
        "up":    { "uv": [ 7.625, 7.375, 8.375, 8.75 ], "texture": "#texture" },
        "north": { "uv": [ 8.375, 14.75, 7.625, 15.125 ], "texture": "#texture" },
        "south": { "uv": [ 7.625, 14.75, 8.375, 15.125 ], "texture": "#texture" },
        "west":  { "uv": [ 7.375, 14.75, 8.75, 15.125 ], "texture": "#texture" },
        "east":  { "uv": [ 8.75, 14.75, 7.375, 15.125 ], "texture": "#texture" }
    }
},
{
    "__comment": "Knife",
    "from": [ 7.625, 1.375, 7.375 ],
    "to": [ 8.375, 6.875, 8.75 ],
    "faces": {
        "down":  { "uv": [ 8.375, 8.75, 7.625, 7.375 ], "texture": "#texture" },
        "north": { "uv": [ 8.375, 9.125, 7.625, 14.625 ], "texture": "#texture" },
        "south": { "uv": [ 7.625, 9.125, 8.375, 14.625 ], "texture": "#texture" },
        "west":  { "uv": [ 7.375, 9.125, 8.75, 14.625 ], "texture": "#texture" },
        "east":  { "uv": [ 8.75, 9.125, 7.375, 14.625 ], "texture": "#texture" }
    }
},
{
    "__comment": "Knife",
    "from": [ 7.625, 0.25, 7.5 ],
    "to": [ 8.375, 0.375, 8.625 ],
    "faces": {
        "down":  { "uv": [ 8.875, 11.25, 8.125, 10.125 ], "texture": "#texture" },
        "north": { "uv": [ 8.375, 15.625, 7.625, 15.75 ], "texture": "#texture" },
        "south": { "uv": [ 7.625, 15.625, 8.375, 15.75 ], "texture": "#texture" },
        "west":  { "uv": [ 7.5, 15.625, 8.625, 15.75 ], "texture": "#texture" },
        "east":  { "uv": [ 8.625, 15.625, 7.5, 15.75 ], "texture": "#texture" }
    }
},
{
    "__comment": "Knife",
    "from": [ 7.625, 1.25, 7.5 ],
    "to": [ 8.375, 1.375, 8.75 ],
    "faces": {
        "north": { "uv": [ 8.375, 14.625, 7.625, 14.75 ], "texture": "#texture" },
        "south": { "uv": [ 7.625, 14.625, 8.375, 14.75 ], "texture": "#texture" },
        "west":  { "uv": [ 7.5, 14.625, 8.75, 14.75 ], "texture": "#texture" },
        "east":  { "uv": [ 8.75, 14.625, 7.5, 14.75 ], "texture": "#texture" }
    }
},
{
    "__comment": "Knife",
    "from": [ 7.625, 0.125, 7.75 ],
    "to": [ 8.375, 0.25, 8.375 ],
    "faces": {
        "down":  { "uv": [ 7.75, 12.6875, 7, 12.0625 ], "texture": "#texture" },
        "north": { "uv": [ 8.375, 15.75, 7.625, 15.875 ], "texture": "#texture" },
        "south": { "uv": [ 7.625, 15.75, 8.375, 15.875 ], "texture": "#texture" },
        "west":  { "uv": [ 7.75, 15.75, 8.375, 15.875 ], "texture": "#texture" },
        "east":  { "uv": [ 8.375, 15.75, 7.75, 15.875 ], "texture": "#texture" }
    }
},
{
    "__comment": "Knife",
    "from": [ 7.625, 7.125, 9.5 ],
    "to": [ 8.375, 7.25, 9.875 ],
    "faces": {
        "down":  { "uv": [ 5.4375, 1.9375, 4.6875, 1.5625 ], "texture": "#texture" },
        "north": { "uv": [ 8.375, 8.75, 7.625, 8.875 ], "texture": "#texture" },
        "south": { "uv": [ 7.625, 8.75, 8.375, 8.875 ], "texture": "#texture" },
        "west":  { "uv": [ 9.5, 8.75, 9.875, 8.875 ], "texture": "#texture" },
        "east":  { "uv": [ 9.875, 8.75, 9.5, 8.875 ], "texture": "#texture" }
    }
},
{
    "__comment": "Knife",
    "from": [ 7.75, 7.375, 6.125 ],
    "to": [ 8.25, 7.5, 6.5 ],
    "faces": {
        "down":  { "uv": [ 3.375, 3.1875, 2.875, 2.8125 ], "texture": "#texture" },
        "north": { "uv": [ 8.25, 8.5, 7.75, 8.625 ], "texture": "#texture" },
        "west":  { "uv": [ 6.125, 8.5, 6.5, 8.625 ], "texture": "#texture" },
        "east":  { "uv": [ 6.5, 8.5, 6.125, 8.625 ], "texture": "#texture" }
    }
},
{
    "__comment": "Knife",
    "from": [ 7.75, 7.25, 6.625 ],
    "to": [ 8.25, 7.375, 6.875 ],
    "faces": {
        "down":  { "uv": [ 3.8125, 2.6875, 3.3125, 2.4375 ], "texture": "#texture" },
        "north": { "uv": [ 8.25, 8.625, 7.75, 8.75 ], "texture": "#texture" },
        "west":  { "uv": [ 6.625, 8.625, 6.875, 8.75 ], "texture": "#texture" },
        "east":  { "uv": [ 6.875, 8.625, 6.625, 8.75 ], "texture": "#texture" }
    }
},
{
    "__comment": "Knife",
    "from": [ 7.75, 7.125, 6.875 ],
    "to": [ 8.25, 7.25, 7 ],
    "faces": {
        "down":  { "uv": [ 3.5, 2.8125, 3, 2.6875 ], "texture": "#texture" },
        "north": { "uv": [ 8.25, 8.75, 7.75, 8.875 ], "texture": "#texture" },
        "west":  { "uv": [ 6.875, 8.75, 7, 8.875 ], "texture": "#texture" },
        "east":  { "uv": [ 7, 8.75, 6.875, 8.875 ], "texture": "#texture" }
    }
},
{
    "__comment": "Knife",
    "from": [ 7.75, 0.5, 7 ],
    "to": [ 8.25, 0.75, 7.25 ],
    "faces": {
        "down":  { "uv": [ 7.8125, 9.625, 7.3125, 9.375 ], "texture": "#texture" },
        "up":    { "uv": [ 2.5625, 14.125, 3.0625, 14.375 ], "texture": "#texture" },
        "north": { "uv": [ 8.25, 15.25, 7.75, 15.5 ], "texture": "#texture" },
        "west":  { "uv": [ 7, 15.25, 7.25, 15.5 ], "texture": "#texture" },
        "east":  { "uv": [ 7.25, 15.25, 7, 15.5 ], "texture": "#texture" }
    }
},
{
    "__comment": "Knife",
    "from": [ 7.75, 6.875, 7 ],
    "to": [ 8.25, 7.125, 7.25 ],
    "faces": {
        "down":  { "uv": [ 5.5, 3.125, 5, 2.875 ], "texture": "#texture" },
        "north": { "uv": [ 8.25, 8.875, 7.75, 9.125 ], "texture": "#texture" },
        "west":  { "uv": [ 7, 8.875, 7.25, 9.125 ], "texture": "#texture" },
        "east":  { "uv": [ 7.25, 8.875, 7, 9.125 ], "texture": "#texture" }
    }
},
{
    "__comment": "Knife",
    "from": [ 7.75, 0.25, 7.125 ],
    "to": [ 8.25, 0.375, 7.5 ],
    "faces": {
        "down":  { "uv": [ 7.75, 14, 7.25, 13.625 ], "texture": "#texture" },
        "up":    { "uv": [ 8.25, 12.25, 8.75, 12.625 ], "texture": "#texture" },
        "north": { "uv": [ 8.25, 15.625, 7.75, 15.75 ], "texture": "#texture" },
        "west":  { "uv": [ 7.125, 15.625, 7.5, 15.75 ], "texture": "#texture" },
        "east":  { "uv": [ 7.5, 15.625, 7.125, 15.75 ], "texture": "#texture" }
    }
},
{
    "__comment": "Knife",
    "from": [ 7.75, 0.375, 7.125 ],
    "to": [ 8.25, 0.5, 7.375 ],
    "faces": {
        "up":    { "uv": [ 7.75, 7.125, 8.25, 7.375 ], "texture": "#texture" },
        "north": { "uv": [ 8.25, 15.5, 7.75, 15.625 ], "texture": "#texture" },
        "west":  { "uv": [ 7.125, 15.5, 7.375, 15.625 ], "texture": "#texture" },
        "east":  { "uv": [ 7.375, 15.5, 7.125, 15.625 ], "texture": "#texture" }
    }
},
{
    "__comment": "Knife",
    "from": [ 7.75, 0.75, 7.125 ],
    "to": [ 8.25, 1.125, 7.25 ],
    "faces": {
        "up":    { "uv": [ 2.6875, 10.625, 3.1875, 10.75 ], "texture": "#texture" },
        "north": { "uv": [ 8.25, 14.875, 7.75, 15.25 ], "texture": "#texture" },
        "south": { "uv": [ 7.75, 14.875, 8.25, 15.25 ], "texture": "#texture" },
        "west":  { "uv": [ 7.125, 14.875, 7.25, 15.25 ], "texture": "#texture" },
        "east":  { "uv": [ 7.25, 14.875, 7.125, 15.25 ], "texture": "#texture" }
    }
},
{
    "__comment": "Knife",
    "from": [ 7.75, 2.375, 7.125 ],
    "to": [ 8.25, 5.125, 7.375 ],
    "faces": {
        "down":  { "uv": [ 8, 13.4375, 7.5, 13.1875 ], "texture": "#texture" },
        "up":    { "uv": [ 7.875, 10.1875, 8.375, 10.4375 ], "texture": "#texture" },
        "north": { "uv": [ 8.25, 10.875, 7.75, 13.625 ], "texture": "#texture" },
        "west":  { "uv": [ 7.125, 10.875, 7.375, 13.625 ], "texture": "#texture" },
        "east":  { "uv": [ 7.375, 10.875, 7.125, 13.625 ], "texture": "#texture" }
    }
},
{
    "__comment": "Knife",
    "from": [ 7.75, 6.625, 7.125 ],
    "to": [ 8.25, 6.875, 7.375 ],
    "faces": {
        "down":  { "uv": [ 3, 12, 2.5, 11.75 ], "texture": "#texture" },
        "up":    { "uv": [ 2.5625, 12.375, 3.0625, 12.625 ], "texture": "#texture" },
        "north": { "uv": [ 8.25, 9.125, 7.75, 9.375 ], "texture": "#texture" },
        "west":  { "uv": [ 7.125, 9.125, 7.375, 9.375 ], "texture": "#texture" },
        "east":  { "uv": [ 7.375, 9.125, 7.125, 9.375 ], "texture": "#texture" }
    }
},
{
    "__comment": "Knife",
    "from": [ 7.75, 0.125, 7.25 ],
    "to": [ 8.25, 0.25, 7.75 ],
    "faces": {
        "down":  { "uv": [ 9, 12.4375, 8.5, 11.9375 ], "texture": "#texture" },
        "up":    { "uv": [ 2.625, 10.3125, 3.125, 10.8125 ], "texture": "#texture" },
        "north": { "uv": [ 8.25, 15.75, 7.75, 15.875 ], "texture": "#texture" },
        "west":  { "uv": [ 7.25, 15.75, 7.75, 15.875 ], "texture": "#texture" },
        "east":  { "uv": [ 7.75, 15.75, 7.25, 15.875 ], "texture": "#texture" }
    }
},
{
    "__comment": "Knife",
    "from": [ 7.75, 0.875, 7.25 ],
    "to": [ 8.25, 2.375, 7.375 ],
    "faces": {
        "north": { "uv": [ 8.25, 13.625, 7.75, 15.125 ], "texture": "#texture" },
        "south": { "uv": [ 7.75, 13.625, 8.25, 15.125 ], "texture": "#texture" },
        "west":  { "uv": [ 7.25, 13.625, 7.375, 15.125 ], "texture": "#texture" },
        "east":  { "uv": [ 7.375, 13.625, 7.25, 15.125 ], "texture": "#texture" }
    }
},
{
    "__comment": "Knife",
    "from": [ 7.75, 5.125, 7.25 ],
    "to": [ 8.25, 6.625, 7.375 ],
    "faces": {
        "north": { "uv": [ 8.25, 9.375, 7.75, 10.875 ], "texture": "#texture" },
        "west":  { "uv": [ 7.25, 9.375, 7.375, 10.875 ], "texture": "#texture" },
        "east":  { "uv": [ 7.375, 9.375, 7.25, 10.875 ], "texture": "#texture" }
    }
},
{
    "__comment": "Knife",
    "from": [ 7.75, 1.25, 7.375 ],
    "to": [ 8.25, 1.375, 7.5 ],
    "faces": {
        "west":  { "uv": [ 7.375, 14.625, 7.5, 14.75 ], "texture": "#texture" },
        "east":  { "uv": [ 7.5, 14.625, 7.375, 14.75 ], "texture": "#texture" }
    }
},
{
    "__comment": "Knife",
    "from": [ 7.75, 0, 7.5 ],
    "to": [ 8.25, 0.125, 8.625 ],
    "faces": {
        "down":  { "uv": [ 7.9375, 11.625, 7.4375, 10.5 ], "texture": "#texture" },
        "up":    { "uv": [ 2.6875, 13.6875, 3.1875, 14.8125 ], "texture": "#texture" },
        "north": { "uv": [ 8.25, 15.875, 7.75, 16 ], "texture": "#texture" },
        "south": { "uv": [ 7.75, 15.875, 8.25, 16 ], "texture": "#texture" },
        "west":  { "uv": [ 7.5, 15.875, 8.625, 16 ], "texture": "#texture" },
        "east":  { "uv": [ 8.625, 15.875, 7.5, 16 ], "texture": "#texture" }
    }
},
{
    "__comment": "Knife",
    "from": [ 7.75, 0.125, 8.375 ],
    "to": [ 8.25, 0.25, 8.875 ],
    "faces": {
        "down":  { "uv": [ 2.9375, 11.5, 2.4375, 11 ], "texture": "#texture" },
        "up":    { "uv": [ 7.4375, 10.0625, 7.9375, 10.5625 ], "texture": "#texture" },
        "south": { "uv": [ 7.75, 15.75, 8.25, 15.875 ], "texture": "#texture" },
        "west":  { "uv": [ 8.375, 15.75, 8.875, 15.875 ], "texture": "#texture" },
        "east":  { "uv": [ 8.875, 15.75, 8.375, 15.875 ], "texture": "#texture" }
    }
},
{
    "__comment": "Knife",
    "from": [ 7.75, 0.25, 8.625 ],
    "to": [ 8.25, 0.375, 9 ],
    "faces": {
        "down":  { "uv": [ 2.9375, 14.3125, 2.4375, 13.9375 ], "texture": "#texture" },
        "up":    { "uv": [ 2.625, 11.375, 3.125, 11.75 ], "texture": "#texture" },
        "south": { "uv": [ 7.75, 15.625, 8.25, 15.75 ], "texture": "#texture" },
        "west":  { "uv": [ 8.625, 15.625, 9, 15.75 ], "texture": "#texture" },
        "east":  { "uv": [ 9, 15.625, 8.625, 15.75 ], "texture": "#texture" }
    }
},
{
    "__comment": "Knife",
    "from": [ 7.75, 0.375, 8.75 ],
    "to": [ 8.25, 0.5, 9 ],
    "faces": {
        "up":    { "uv": [ 7.75, 8.75, 8.25, 9 ], "texture": "#texture" },
        "south": { "uv": [ 7.75, 15.5, 8.25, 15.625 ], "texture": "#texture" },
        "west":  { "uv": [ 8.75, 15.5, 9, 15.625 ], "texture": "#texture" },
        "east":  { "uv": [ 9, 15.5, 8.75, 15.625 ], "texture": "#texture" }
    }
},
{
    "__comment": "Knife",
    "from": [ 7.75, 0.875, 8.75 ],
    "to": [ 8.25, 1.125, 9 ],
    "faces": {
        "down":  { "uv": [ 8.125, 10.8125, 7.625, 10.5625 ], "texture": "#texture" },
        "up":    { "uv": [ 7.75, 12.625, 8.25, 12.875 ], "texture": "#texture" },
        "south": { "uv": [ 7.75, 14.875, 8.25, 15.125 ], "texture": "#texture" },
        "west":  { "uv": [ 8.75, 14.875, 9, 15.125 ], "texture": "#texture" },
        "east":  { "uv": [ 9, 14.875, 8.75, 15.125 ], "texture": "#texture" }
    }
},
{
    "__comment": "Knife",
    "from": [ 7.75, 1.125, 8.75 ],
    "to": [ 8.25, 6.875, 8.875 ],
    "faces": {
        "north": { "uv": [ 8.25, 9.125, 7.75, 14.875 ], "texture": "#texture" },
        "south": { "uv": [ 7.75, 9.125, 8.25, 14.875 ], "texture": "#texture" },
        "west":  { "uv": [ 8.75, 9.125, 8.875, 14.875 ], "texture": "#texture" },
        "east":  { "uv": [ 8.875, 9.125, 8.75, 14.875 ], "texture": "#texture" }
    }
},
{
    "__comment": "Knife",
    "from": [ 7.75, 0.5, 8.875 ],
    "to": [ 8.25, 0.75, 9.125 ],
    "faces": {
        "down":  { "uv": [ 8.625, 12.9375, 8.125, 12.6875 ], "texture": "#texture" },
        "up":    { "uv": [ 7.1875, 11.375, 7.6875, 11.625 ], "texture": "#texture" },
        "south": { "uv": [ 7.75, 15.25, 8.25, 15.5 ], "texture": "#texture" },
        "west":  { "uv": [ 8.875, 15.25, 9.125, 15.5 ], "texture": "#texture" },
        "east":  { "uv": [ 9.125, 15.25, 8.875, 15.5 ], "texture": "#texture" }
    }
},
{
    "__comment": "Knife",
    "from": [ 7.75, 0.75, 8.875 ],
    "to": [ 8.25, 0.875, 9 ],
    "faces": {
        "south": { "uv": [ 7.75, 15.125, 8.25, 15.25 ], "texture": "#texture" },
        "west":  { "uv": [ 8.875, 15.125, 9, 15.25 ], "texture": "#texture" },
        "east":  { "uv": [ 9, 15.125, 8.875, 15.25 ], "texture": "#texture" }
    }
},
{
    "__comment": "Knife",
    "from": [ 7.75, 2.25, 8.875 ],
    "to": [ 8.25, 5.125, 9 ],
    "faces": {
        "down":  { "uv": [ 7.875, 10.3125, 7.375, 10.1875 ], "texture": "#texture" },
        "up":    { "uv": [ 7.75, 9.6875, 8.25, 9.8125 ], "texture": "#texture" },
        "south": { "uv": [ 7.75, 10.875, 8.25, 13.75 ], "texture": "#texture" },
        "west":  { "uv": [ 8.875, 10.875, 9, 13.75 ], "texture": "#texture" },
        "east":  { "uv": [ 9, 10.875, 8.875, 13.75 ], "texture": "#texture" }
    }
},
{
    "__comment": "Knife",
    "from": [ 7.75, 6.625, 8.875 ],
    "to": [ 8.25, 7.125, 9 ],
    "faces": {
        "down":  { "uv": [ 3.125, 13.875, 2.625, 13.75 ], "texture": "#texture" },
        "north": { "uv": [ 8.25, 8.875, 7.75, 9.375 ], "texture": "#texture" },
        "south": { "uv": [ 7.75, 8.875, 8.25, 9.375 ], "texture": "#texture" },
        "west":  { "uv": [ 8.875, 8.875, 9, 9.375 ], "texture": "#texture" },
        "east":  { "uv": [ 9, 8.875, 8.875, 9.375 ], "texture": "#texture" }
    }
},
{
    "__comment": "Knife",
    "from": [ 7.75, 6.875, 9 ],
    "to": [ 8.25, 7.125, 9.125 ],
    "faces": {
        "down":  { "uv": [ 8.25, 9.125, 7.75, 9 ], "texture": "#texture" },
        "south": { "uv": [ 7.75, 8.875, 8.25, 9.125 ], "texture": "#texture" },
        "west":  { "uv": [ 9, 8.875, 9.125, 9.125 ], "texture": "#texture" },
        "east":  { "uv": [ 9.125, 8.875, 9, 9.125 ], "texture": "#texture" }
    }
},
{
    "__comment": "Knife",
    "from": [ 7.75, 7.125, 9.125 ],
    "to": [ 8.25, 7.25, 9.5 ],
    "faces": {
        "down":  { "uv": [ 4.125, 4.1875, 3.625, 3.8125 ], "texture": "#texture" },
        "west":  { "uv": [ 9.125, 8.75, 9.5, 8.875 ], "texture": "#texture" },
        "east":  { "uv": [ 9.5, 8.75, 9.125, 8.875 ], "texture": "#texture" }
    }
},
{
    "__comment": "Knife",
    "from": [ 7.75, 7, 9.625 ],
    "to": [ 8.25, 7.125, 9.75 ],
    "faces": {
        "down":  { "uv": [ 3.875, 1.4375, 3.375, 1.3125 ], "texture": "#texture" },
        "north": { "uv": [ 8.25, 8.875, 7.75, 9 ], "texture": "#texture" },
        "south": { "uv": [ 7.75, 8.875, 8.25, 9 ], "texture": "#texture" },
        "west":  { "uv": [ 9.625, 8.875, 9.75, 9 ], "texture": "#texture" },
        "east":  { "uv": [ 9.75, 8.875, 9.625, 9 ], "texture": "#texture" }
    }
},
{
    "__comment": "Knife",
    "from": [ 7.875, 2.25, 7.125 ],
    "to": [ 8.125, 2.375, 7.25 ],
    "faces": {
        "down":  { "uv": [ 7.9375, 10.375, 7.6875, 10.25 ], "texture": "#texture" },
        "north": { "uv": [ 8.125, 13.625, 7.875, 13.75 ], "texture": "#texture" },
        "west":  { "uv": [ 7.125, 13.625, 7.25, 13.75 ], "texture": "#texture" },
        "east":  { "uv": [ 7.25, 13.625, 7.125, 13.75 ], "texture": "#texture" }
    }
},
{
    "__comment": "Knife",
    "from": [ 7.875, 5.125, 7.125 ],
    "to": [ 8.125, 5.25, 7.25 ],
    "faces": {
        "up":    { "uv": [ 2.6875, 11.625, 2.9375, 11.75 ], "texture": "#texture" },
        "north": { "uv": [ 8.125, 10.75, 7.875, 10.875 ], "texture": "#texture" },
        "west":  { "uv": [ 7.125, 10.75, 7.25, 10.875 ], "texture": "#texture" },
        "east":  { "uv": [ 7.25, 10.75, 7.125, 10.875 ], "texture": "#texture" }
    }
},
{
    "__comment": "Knife",
    "from": [ 7.875, 7.625, 7.375 ],
    "to": [ 8.125, 14.375, 8.75 ],
    "faces": {
        "up":    { "uv": [ 7.875, 7.375, 8.125, 8.75 ], "texture": "#texture" },
        "north": { "uv": [ 8.125, 1.625, 7.875, 8.375 ], "texture": "#texture" },
        "south": { "uv": [ 7.875, 1.625, 8.125, 8.375 ], "texture": "#texture" },
        "west":  { "uv": [ 7.25, 1.625, 8.75, 8.375 ], "texture": "#texture" },
        "east":  { "uv": [ 8.75, 1.625, 7.3125, 8.375 ], "texture": "#texture" }
    }
},
{
    "__comment": "Knife",
    "from": [ 7.875, 14.375, 7.375 ],
    "to": [ 8.125, 14.5, 8.625 ],
    "faces": {
        "up":    { "uv": [ 7.875, 7.375, 8.125, 8.625 ], "texture": "#texture" },
        "north": { "uv": [ 8.125, 1.5, 7.875, 1.625 ], "texture": "#texture" },
        "south": { "uv": [ 7.875, 1.5, 8.125, 1.625 ], "texture": "#texture" },
        "west":  { "uv": [ 7.375, 1.5, 8.625, 1.625 ], "texture": "#texture" },
        "east":  { "uv": [ 8.625, 1.5, 7.375, 1.625 ], "texture": "#texture" }
    }
},
{
    "__comment": "Knife",
    "from": [ 7.875, 14.5, 7.5 ],
    "to": [ 8.125, 15.125, 8.625 ],
    "faces": {
        "up":    { "uv": [ 7.875, 7.5, 8.125, 8.625 ], "texture": "#texture" },
        "north": { "uv": [ 8.125, 0.875, 7.875, 1.5 ], "texture": "#texture" },
        "south": { "uv": [ 7.875, 0.875, 8.125, 1.5 ], "texture": "#texture" },
        "west":  { "uv": [ 7.5, 0.875, 8.625, 1.5 ], "texture": "#texture" },
        "east":  { "uv": [ 8.625, 0.875, 7.5, 1.5 ], "texture": "#texture" }
    }
},
{
    "__comment": "Knife",
    "from": [ 7.875, 15.125, 7.625 ],
    "to": [ 8.125, 15.5, 8.5 ],
    "faces": {
        "up":    { "uv": [ 7.875, 7.625, 8.125, 8.5 ], "texture": "#texture" },
        "north": { "uv": [ 8.125, 0.5, 7.875, 0.875 ], "texture": "#texture" },
        "south": { "uv": [ 7.875, 0.5, 8.125, 0.875 ], "texture": "#texture" },
        "west":  { "uv": [ 7.625, 0.5, 8.5, 0.875 ], "texture": "#texture" },
        "east":  { "uv": [ 8.5, 0.5, 7.625, 0.875 ], "texture": "#texture" }
    }
},
{
    "__comment": "Knife",
    "from": [ 7.875, 15.5, 7.75 ],
    "to": [ 8.125, 15.75, 8.375 ],
    "faces": {
        "up":    { "uv": [ 7.875, 7.75, 8.125, 8.375 ], "texture": "#texture" },
        "north": { "uv": [ 8.125, 0.25, 7.875, 0.5 ], "texture": "#texture" },
        "south": { "uv": [ 7.875, 0.25, 8.125, 0.5 ], "texture": "#texture" },
        "west":  { "uv": [ 7.75, 0.25, 8.375, 0.5 ], "texture": "#texture" },
        "east":  { "uv": [ 8.375, 0.25, 7.75, 0.5 ], "texture": "#texture" }
    }
},
{
    "__comment": "Knife",
    "from": [ 7.875, 15.75, 7.875 ],
    "to": [ 8.125, 15.875, 8.25 ],
    "faces": {
        "up":    { "uv": [ 7.875, 7.875, 8.125, 8.25 ], "texture": "#texture" },
        "north": { "uv": [ 8.125, 0.125, 7.875, 0.25 ], "texture": "#texture" },
        "south": { "uv": [ 7.875, 0.125, 8.125, 0.25 ], "texture": "#texture" },
        "west":  { "uv": [ 7.875, 0.125, 8.25, 0.25 ], "texture": "#texture" },
        "east":  { "uv": [ 8.25, 0.125, 7.875, 0.25 ], "texture": "#texture" }
    }
},
{
    "__comment": "Knife",
    "from": [ 7.875, 15.875, 8 ],
    "to": [ 8.125, 16, 8.125 ],
    "faces": {
        "up":    { "uv": [ 7.875, 8, 8.125, 8.125 ], "texture": "#texture" },
        "north": { "uv": [ 8.125, 0, 7.875, 0.125 ], "texture": "#texture" },
        "south": { "uv": [ 7.875, 0, 8.125, 0.125 ], "texture": "#texture" },
        "west":  { "uv": [ 8, 0, 8.125, 0.125 ], "texture": "#texture" },
        "east":  { "uv": [ 8.125, 0, 8, 0.125 ], "texture": "#texture" }
    }
},
{
    "__comment": "Knife",
    "from": [ 7.875, 5.125, 8.875 ],
    "to": [ 8.125, 5.25, 9 ],
    "faces": {
        "up":    { "uv": [ 2.6875, 10.9375, 2.9375, 11.0625 ], "texture": "#texture" },
        "south": { "uv": [ 7.875, 10.75, 8.125, 10.875 ], "texture": "#texture" },
        "west":  { "uv": [ 8.875, 10.75, 9, 10.875 ], "texture": "#texture" },
        "east":  { "uv": [ 9, 10.75, 8.875, 10.875 ], "texture": "#texture" }
    }
},
{
    "__comment": "Knife",
    "from": [ 8.25, 7.25, 6.75 ],
    "to": [ 8.375, 7.375, 6.875 ],
    "faces": {
        "down":  { "uv": [ 7.75, 6.875, 7.625, 6.75 ], "texture": "#texture" },
        "north": { "uv": [ 8.375, 8.625, 8.25, 8.75 ], "texture": "#texture" },
        "east":  { "uv": [ 6.875, 8.625, 6.75, 8.75 ], "texture": "#texture" }
    }
}
],
"display": {
    "thirdperson_righthand": {
        "rotation": [ 0, 0, 0 ],
        "translation": [ -0.6, 1, 1 ],
        "scale": [ 0.75, 0.75, 0.75 ]
    },
    "firstperson_righthand": {
        "rotation": [ -45, -120, -45 ],
        "translation": [ 0, 3, 0 ],
        "scale": [ 0.7, 0.7, 0.7 ]
    },
    "gui": {
        "rotation": [ -45, -150, -45 ],
        "translation": [ 0, 0, 0 ],
        "scale": [ 1.7, 1.7, 1.7 ]
    },
    "ground": {
        "rotation": [ 0, 0, 0 ],
        "translation": [ 0, 0, 0 ],
        "scale": [ 0.7, 0.7, 0.7 ]
    }
}
}