{
"__comment": "Designed by Mechanan with BDcraft Cubik PRO 0.95 Beta - http://bdcraft.net",
"textures": {
    "texture": "items/p90"
},
"elements": [ 
{
    "__comment": "P90_Maya",
    "from": [ 7.25, 9.875, 3.125 ],
    "to": [ 8.75, 10.5, 3.75 ],
    "faces": {
        "down":  { "uv": [ 4.375, 6.375, 2.875, 5.75 ], "texture": "#texture" },
        "up":    { "uv": [ 2.75, 5.625, 4.25, 6.25 ], "texture": "#texture" },
        "north": { "uv": [ 4.375, 5.75, 2.875, 6.375 ], "texture": "#texture" },
        "south": { "uv": [ 2.75, 5.625, 4.25, 6.25 ], "texture": "#texture" },
        "west":  { "uv": [ 3.125, 5.5, 3.75, 6.125 ], "texture": "#texture" },
        "east":  { "uv": [ 3.75, 5.5, 3.125, 6.125 ], "texture": "#texture" }
    }
},
{
    "__comment": "P90_Maya",
    "from": [ 7.25, 7.375, 3.5 ],
    "to": [ 8.75, 7.75, 15.875 ],
    "faces": {
        "down":  { "uv": [ 15.5, 8.5, 4, 8 ], "texture": "#texture" },
        "up":    { "uv": [ 3.5, 8, 15.5, 8.5 ], "texture": "#texture" },
        "north": { "uv": [ 8.75, 8.25, 7.25, 8.625 ], "texture": "#texture" },
        "south": { "uv": [ 7.25, 8.25, 8.75, 8.625 ], "texture": "#texture" },
        "west":  { "uv": [ 3.5, 8.25, 15.875, 8.625 ], "texture": "#texture" },
        "east":  { "uv": [ 15.875, 8.25, 3.5, 8.625 ], "texture": "#texture" }
    }
},
{
    "__comment": "P90_Maya",
    "from": [ 7.25, 9.875, 6.375 ],
    "to": [ 8.75, 10.5, 7 ],
    "faces": {
        "down":  { "uv": [ 7.375, 6.375, 5.875, 5.75 ], "texture": "#texture" },
        "up":    { "uv": [ 6.125, 5.875, 7.625, 6.5 ], "texture": "#texture" },
        "north": { "uv": [ 7.25, 5.625, 5.75, 6.25 ], "texture": "#texture" },
        "south": { "uv": [ 5.875, 5.625, 7.375, 6.25 ], "texture": "#texture" },
        "west":  { "uv": [ 6.375, 5.5, 7, 6.125 ], "texture": "#texture" },
        "east":  { "uv": [ 7, 5.5, 6.375, 6.125 ], "texture": "#texture" }
    }
},
{
    "__comment": "P90_Maya",
    "from": [ 7.25, 7.75, 6.75 ],
    "to": [ 8.75, 8.375, 15.875 ],
    "faces": {
        "up":    { "uv": [ 7.5, 8, 15.5, 8.5 ], "texture": "#texture" },
        "north": { "uv": [ 15.5, 8, 14, 8.625 ], "texture": "#texture" },
        "south": { "uv": [ 14, 8, 15.5, 8.625 ], "texture": "#texture" },
        "west":  { "uv": [ 6.75, 7.625, 15.875, 8.25 ], "texture": "#texture" },
        "east":  { "uv": [ 15.875, 7.625, 6.75, 8.25 ], "texture": "#texture" }
    }
},
{
    "__comment": "P90_Maya",
    "from": [ 7.25, 8.375, 6.75 ],
    "to": [ 8.75, 9.375, 7.75 ],
    "faces": {
        "up":    { "uv": [ 6.875, 6.25, 7.75, 7.625 ], "texture": "#texture" },
        "north": { "uv": [ 7.625, 6.125, 6.875, 7.625 ], "texture": "#texture" },
        "south": { "uv": [ 6.75, 6.125, 7.75, 7.625 ], "texture": "#texture" },
        "west":  { "uv": [ 6.75, 6.625, 7.75, 7.625 ], "texture": "#texture" },
        "east":  { "uv": [ 7.75, 6.625, 6.75, 7.625 ], "texture": "#texture" }
    }
},
{
    "__comment": "P90_Maya",
    "from": [ 7.25, 9.375, 6.75 ],
    "to": [ 8.75, 9.75, 7.375 ],
    "faces": {
        "up":    { "uv": [ 5.875, 5.625, 7.375, 6.25 ], "texture": "#texture" },
        "north": { "uv": [ 7.25, 5.625, 5.75, 6 ], "texture": "#texture" },
        "south": { "uv": [ 5.875, 5.625, 7.375, 6 ], "texture": "#texture" },
        "west":  { "uv": [ 6.75, 6.25, 7.375, 6.625 ], "texture": "#texture" },
        "east":  { "uv": [ 7.375, 6.25, 6.75, 6.625 ], "texture": "#texture" }
    }
},
{
    "__comment": "P90_Maya",
    "from": [ 7.25, 8.375, 11.375 ],
    "to": [ 8.75, 8.75, 15.875 ],
    "faces": {
        "up":    { "uv": [ 13, 7.5, 15, 9.5 ], "texture": "#texture" },
        "north": { "uv": [ 13.5, 7.5, 12, 7.875 ], "texture": "#texture" },
        "south": { "uv": [ 12, 7.5, 13.5, 7.875 ], "texture": "#texture" },
        "west":  { "uv": [ 11.375, 7.25, 15.875, 7.625 ], "texture": "#texture" },
        "east":  { "uv": [ 15.875, 7.25, 11.375, 7.625 ], "texture": "#texture" }
    }
},
{
    "__comment": "P90_Maya",
    "from": [ 7.25, 8.75, 11.375 ],
    "to": [ 8.75, 8.875, 13.875 ],
    "faces": {
        "up":    { "uv": [ 12.5, 7.5, 14, 10 ], "texture": "#texture" },
        "north": { "uv": [ 13.5, 7.5, 12, 7.625 ], "texture": "#texture" },
        "south": { "uv": [ 12.5, 7.5, 14, 7.625 ], "texture": "#texture" },
        "west":  { "uv": [ 11.375, 7.125, 13.875, 7.25 ], "texture": "#texture" },
        "east":  { "uv": [ 13.875, 7.125, 11.375, 7.25 ], "texture": "#texture" }
    }
},
{
    "__comment": "P90_Maya",
    "from": [ 7.25, 7.25, 11.5 ],
    "to": [ 8.75, 7.375, 15.875 ],
    "faces": {
        "down":  { "uv": [ 15.5, 9, 11.5, 8 ], "texture": "#texture" },
        "north": { "uv": [ 15.5, 8, 14, 8.125 ], "texture": "#texture" },
        "south": { "uv": [ 14, 8, 15.5, 8.125 ], "texture": "#texture" },
        "west":  { "uv": [ 11.5, 8.625, 15.875, 8.75 ], "texture": "#texture" },
        "east":  { "uv": [ 15.875, 8.625, 11.5, 8.75 ], "texture": "#texture" }
    }
},
{
    "__comment": "P90_Maya",
    "from": [ 7.25, 6, 11.625 ],
    "to": [ 8.75, 7.25, 15.875 ],
    "faces": {
        "down":  { "uv": [ 15, 10, 12, 7.5 ], "texture": "#texture" },
        "north": { "uv": [ 15.5, 8.5, 14, 9.75 ], "texture": "#texture" },
        "south": { "uv": [ 14, 8, 15.5, 9.25 ], "texture": "#texture" },
        "west":  { "uv": [ 11.625, 8.75, 15.875, 10 ], "texture": "#texture" },
        "east":  { "uv": [ 15.875, 8.75, 11.625, 10 ], "texture": "#texture" }
    }
},
{
    "__comment": "P90_Maya",
    "from": [ 7.25, 5.875, 11.75 ],
    "to": [ 8.75, 6, 15.875 ],
    "faces": {
        "down":  { "uv": [ 15.5, 9.5, 12, 8.5 ], "texture": "#texture" },
        "north": { "uv": [ 15.5, 9.5, 14, 9.625 ], "texture": "#texture" },
        "south": { "uv": [ 14, 9.5, 15.5, 9.625 ], "texture": "#texture" },
        "west":  { "uv": [ 11.75, 10, 15.875, 10.125 ], "texture": "#texture" },
        "east":  { "uv": [ 15.875, 10, 11.75, 10.125 ], "texture": "#texture" }
    }
},
{
    "__comment": "P90_Maya",
    "from": [ 7.375, 6, 2 ],
    "to": [ 8.625, 7.375, 2.625 ],
    "faces": {
        "down":  { "uv": [ 3.375, 9.25, 2.125, 8.625 ], "texture": "#texture" },
        "up":    { "uv": [ 2.25, 8.625, 3.5, 9.25 ], "texture": "#texture" },
        "north": { "uv": [ 14.375, 8.75, 13.125, 10.125 ], "texture": "#texture" },
        "south": { "uv": [ 13, 8.375, 14.25, 9.75 ], "texture": "#texture" },
        "west":  { "uv": [ 2, 8.625, 2.625, 10 ], "texture": "#texture" },
        "east":  { "uv": [ 2.625, 8.625, 2, 10 ], "texture": "#texture" }
    }
},
{
    "__comment": "P90_Maya",
    "from": [ 7.375, 8.125, 2 ],
    "to": [ 8.625, 8.375, 6.75 ],
    "faces": {
        "down":  { "uv": [ 8.5, 8.5, 2.5, 8 ], "texture": "#texture" },
        "up":    { "uv": [ 2.5, 8, 8, 8.5 ], "texture": "#texture" },
        "north": { "uv": [ 8.625, 7.625, 7.375, 7.875 ], "texture": "#texture" },
        "west":  { "uv": [ 2, 7.625, 6.75, 7.875 ], "texture": "#texture" },
        "east":  { "uv": [ 6.75, 7.625, 2, 7.875 ], "texture": "#texture" }
    }
},
{
    "__comment": "P90_Maya",
    "from": [ 7.375, 8.375, 2 ],
    "to": [ 8.625, 9.75, 2.875 ],
    "faces": {
        "up":    { "uv": [ 2, 6.5, 2.875, 7.5 ], "texture": "#texture" },
        "north": { "uv": [ 2.75, 6.25, 2, 7.625 ], "texture": "#texture" },
        "south": { "uv": [ 2, 6.125, 2.875, 7.5 ], "texture": "#texture" },
        "west":  { "uv": [ 2, 6.25, 2.875, 7.625 ], "texture": "#texture" },
        "east":  { "uv": [ 2.875, 6.25, 2, 7.625 ], "texture": "#texture" }
    }
},
{
    "__comment": "P90_Maya",
    "from": [ 7.375, 9.75, 2.125 ],
    "to": [ 8.625, 9.875, 2.875 ],
    "faces": {
        "up":    { "uv": [ 2, 6.375, 2.75, 7.375 ], "texture": "#texture" },
        "north": { "uv": [ 3.5, 6.125, 2.25, 6.25 ], "texture": "#texture" },
        "south": { "uv": [ 2.25, 6.125, 3.5, 6.25 ], "texture": "#texture" },
        "west":  { "uv": [ 2.125, 6.125, 2.875, 6.25 ], "texture": "#texture" },
        "east":  { "uv": [ 2.875, 6.125, 2.125, 6.25 ], "texture": "#texture" }
    }
},
{
    "__comment": "P90_Maya",
    "from": [ 7.375, 7.375, 2.25 ],
    "to": [ 8.625, 8.125, 3.5 ],
    "faces": {
        "down":  { "uv": [ 8.625, 3.5, 7.375, 2.25 ], "texture": "#texture" },
        "north": { "uv": [ 8.625, 7.875, 7.375, 8.625 ], "texture": "#texture" },
        "south": { "uv": [ 7.375, 7.875, 8.625, 8.625 ], "texture": "#texture" },
        "west":  { "uv": [ 2.25, 7.875, 3.5, 8.625 ], "texture": "#texture" },
        "east":  { "uv": [ 3.5, 7.875, 2.25, 8.625 ], "texture": "#texture" }
    }
},
{
    "__comment": "P90_Maya",
    "from": [ 7.375, 9.875, 2.25 ],
    "to": [ 8.625, 10, 2.875 ],
    "faces": {
        "up":    { "uv": [ 2.125, 6.5, 2.75, 7.5 ], "texture": "#texture" },
        "north": { "uv": [ 3.5, 6, 2.25, 6.125 ], "texture": "#texture" },
        "south": { "uv": [ 2.25, 6, 3.5, 6.125 ], "texture": "#texture" },
        "west":  { "uv": [ 2.25, 6, 2.875, 6.125 ], "texture": "#texture" },
        "east":  { "uv": [ 2.875, 6, 2.25, 6.125 ], "texture": "#texture" }
    }
},
{
    "__comment": "P90_Maya",
    "from": [ 7.375, 10, 2.375 ],
    "to": [ 8.625, 10.125, 3.125 ],
    "faces": {
        "down":  { "uv": [ 4, 6.5, 2.75, 5.75 ], "texture": "#texture" },
        "up":    { "uv": [ 2.625, 5.625, 3.875, 6.375 ], "texture": "#texture" },
        "north": { "uv": [ 4, 5.75, 2.75, 5.875 ], "texture": "#texture" },
        "west":  { "uv": [ 2.375, 5.875, 3.125, 6 ], "texture": "#texture" },
        "east":  { "uv": [ 3.125, 5.875, 2.375, 6 ], "texture": "#texture" }
    }
},
{
    "__comment": "P90_Maya",
    "from": [ 7.375, 6.75, 2.625 ],
    "to": [ 8.625, 7.375, 2.875 ],
    "faces": {
        "down":  { "uv": [ 3.75, 9, 2.5, 8.75 ], "texture": "#texture" },
        "south": { "uv": [ 2.375, 8.625, 3.625, 9.25 ], "texture": "#texture" },
        "west":  { "uv": [ 2.625, 8.625, 2.875, 9.25 ], "texture": "#texture" },
        "east":  { "uv": [ 2.875, 8.625, 2.625, 9.25 ], "texture": "#texture" }
    }
},
{
    "__comment": "P90_Maya",
    "from": [ 7.375, 10.125, 2.625 ],
    "to": [ 8.625, 10.375, 3.125 ],
    "faces": {
        "up":    { "uv": [ 2.75, 5.625, 4, 6.125 ], "texture": "#texture" },
        "north": { "uv": [ 4, 5.625, 2.75, 5.875 ], "texture": "#texture" },
        "west":  { "uv": [ 2.625, 5.625, 3.125, 5.875 ], "texture": "#texture" },
        "east":  { "uv": [ 3.125, 5.625, 2.625, 5.875 ], "texture": "#texture" }
    }
},
{
    "__comment": "P90_Maya",
    "from": [ 7.375, 7.125, 2.875 ],
    "to": [ 8.625, 7.375, 4.625 ],
    "faces": {
        "down":  { "uv": [ 7.5, 10.25, 6.25, 8.5 ], "texture": "#texture" },
        "up":    { "uv": [ 6.375, 8.625, 7.625, 10.375 ], "texture": "#texture" },
        "south": { "uv": [ 7, 8.625, 8.25, 8.875 ], "texture": "#texture" },
        "west":  { "uv": [ 2.875, 8.625, 4.625, 8.875 ], "texture": "#texture" },
        "east":  { "uv": [ 4.625, 8.625, 2.875, 8.875 ], "texture": "#texture" }
    }
},
{
    "__comment": "P90_Maya",
    "from": [ 7.375, 8.5, 2.875 ],
    "to": [ 8.625, 9, 6.75 ],
    "faces": {
        "down":  { "uv": [ 3, 7.5, 6.5, 7 ], "texture": "#texture" },
        "up":    { "uv": [ 3, 7, 6.5, 7.5 ], "texture": "#texture" },
        "west":  { "uv": [ 2.875, 7, 6.75, 7.5 ], "texture": "#texture" },
        "east":  { "uv": [ 6.75, 7, 2.875, 7.5 ], "texture": "#texture" }
    }
},
{
    "__comment": "P90_Maya",
    "from": [ 7.375, 9.375, 2.875 ],
    "to": [ 8.625, 9.75, 6.75 ],
    "faces": {
        "down":  { "uv": [ 3.125, 6.5, 6.875, 5.75 ], "texture": "#texture" },
        "up":    { "uv": [ 3.25, 5.75, 6.875, 6.625 ], "texture": "#texture" },
        "west":  { "uv": [ 2.875, 6.25, 6.75, 6.625 ], "texture": "#texture" },
        "east":  { "uv": [ 6.75, 6.25, 2.875, 6.625 ], "texture": "#texture" }
    }
},
{
    "__comment": "P90_Maya",
    "from": [ 7.375, 6.75, 3.5 ],
    "to": [ 8.625, 7.125, 4.375 ],
    "faces": {
        "down":  { "uv": [ 4.375, 9.125, 3.125, 8.25 ], "texture": "#texture" },
        "north": { "uv": [ 4.375, 8.875, 3.125, 9.25 ], "texture": "#texture" },
        "south": { "uv": [ 3.125, 8.75, 4.375, 9.125 ], "texture": "#texture" },
        "west":  { "uv": [ 3.5, 8.875, 4.375, 9.25 ], "texture": "#texture" },
        "east":  { "uv": [ 4.375, 8.875, 3.5, 9.25 ], "texture": "#texture" }
    }
},
{
    "__comment": "P90_Maya",
    "from": [ 7.375, 7.75, 3.5 ],
    "to": [ 8.625, 8.125, 6.75 ],
    "faces": {
        "west":  { "uv": [ 3.5, 7.875, 6.75, 8.25 ], "texture": "#texture" },
        "east":  { "uv": [ 6.75, 7.875, 3.5, 8.25 ], "texture": "#texture" }
    }
},
{
    "__comment": "P90_Maya",
    "from": [ 7.375, 6.25, 3.75 ],
    "to": [ 8.625, 6.75, 4.25 ],
    "faces": {
        "down":  { "uv": [ 4.25, 9.125, 3, 8.625 ], "texture": "#texture" },
        "north": { "uv": [ 4.25, 8.625, 3, 9.125 ], "texture": "#texture" },
        "south": { "uv": [ 3.125, 8.625, 4.375, 9.125 ], "texture": "#texture" },
        "west":  { "uv": [ 3.75, 9.25, 4.25, 9.75 ], "texture": "#texture" },
        "east":  { "uv": [ 4.25, 9.25, 3.75, 9.75 ], "texture": "#texture" }
    }
},
{
    "__comment": "P90_Maya",
    "from": [ 7.375, 10, 3.75 ],
    "to": [ 8.625, 10.375, 6.375 ],
    "faces": {
        "down":  { "uv": [ 3.375, 6.125, 6.875, 5.625 ], "texture": "#texture" },
        "up":    { "uv": [ 3.25, 5.625, 6.75, 6.125 ], "texture": "#texture" },
        "west":  { "uv": [ 3.75, 5.625, 6.375, 6 ], "texture": "#texture" },
        "east":  { "uv": [ 6.375, 5.625, 3.75, 6 ], "texture": "#texture" }
    }
},
{
    "__comment": "P90_Maya",
    "from": [ 7.375, 5.875, 3.875 ],
    "to": [ 8.625, 6, 4.5 ],
    "faces": {
        "down":  { "uv": [ 6, 11.25, 4.75, 10.625 ], "texture": "#texture" },
        "up":    { "uv": [ 4.75, 10.625, 6, 11.25 ], "texture": "#texture" },
        "north": { "uv": [ 6, 10.875, 4.75, 11 ], "texture": "#texture" },
        "south": { "uv": [ 4.75, 10.75, 6, 10.875 ], "texture": "#texture" },
        "west":  { "uv": [ 3.875, 10, 4.5, 10.125 ], "texture": "#texture" },
        "east":  { "uv": [ 4.5, 10, 3.875, 10.125 ], "texture": "#texture" }
    }
},
{
    "__comment": "P90_Maya",
    "from": [ 7.375, 6, 3.875 ],
    "to": [ 8.625, 6.125, 4.375 ],
    "faces": {
        "up":    { "uv": [ 4.75, 10.625, 6, 11.125 ], "texture": "#texture" },
        "north": { "uv": [ 5.75, 10.875, 4.5, 11 ], "texture": "#texture" },
        "south": { "uv": [ 4.625, 10.875, 5.875, 11 ], "texture": "#texture" },
        "west":  { "uv": [ 3.875, 9.875, 4.375, 10 ], "texture": "#texture" },
        "east":  { "uv": [ 4.375, 9.875, 3.875, 10 ], "texture": "#texture" }
    }
},
{
    "__comment": "P90_Maya",
    "from": [ 7.375, 6.125, 3.875 ],
    "to": [ 8.625, 6.25, 4.25 ],
    "faces": {
        "north": { "uv": [ 5.25, 10.625, 4, 10.75 ], "texture": "#texture" },
        "south": { "uv": [ 4.25, 10.75, 5.5, 10.875 ], "texture": "#texture" },
        "west":  { "uv": [ 3.875, 9.75, 4.25, 9.875 ], "texture": "#texture" },
        "east":  { "uv": [ 4.25, 9.75, 3.875, 9.875 ], "texture": "#texture" }
    }
},
{
    "__comment": "P90_Maya",
    "from": [ 7.375, 5.5, 4 ],
    "to": [ 8.625, 5.625, 4.875 ],
    "faces": {
        "down":  { "uv": [ 6.125, 11.375, 4.875, 10.5 ], "texture": "#texture" },
        "up":    { "uv": [ 4.75, 10.5, 6, 11.375 ], "texture": "#texture" },
        "north": { "uv": [ 5.75, 10.75, 4.5, 10.875 ], "texture": "#texture" },
        "south": { "uv": [ 4.75, 10.625, 6, 10.75 ], "texture": "#texture" },
        "west":  { "uv": [ 4, 10.375, 4.875, 10.5 ], "texture": "#texture" },
        "east":  { "uv": [ 4.875, 10.375, 4, 10.5 ], "texture": "#texture" }
    }
},
{
    "__comment": "P90_Maya",
    "from": [ 7.375, 5.625, 4 ],
    "to": [ 8.625, 5.875, 4.625 ],
    "faces": {
        "up":    { "uv": [ 4.75, 10.625, 6, 11.25 ], "texture": "#texture" },
        "north": { "uv": [ 5.875, 10.75, 4.625, 11 ], "texture": "#texture" },
        "south": { "uv": [ 4.75, 10.75, 6, 11 ], "texture": "#texture" },
        "west":  { "uv": [ 4, 10.125, 4.625, 10.375 ], "texture": "#texture" },
        "east":  { "uv": [ 4.625, 10.125, 4, 10.375 ], "texture": "#texture" }
    }
},
{
    "__comment": "P90_Maya",
    "from": [ 7.375, 5.125, 4.25 ],
    "to": [ 8.625, 5.375, 6.125 ],
    "faces": {
        "down":  { "uv": [ 15, 10.375, 13.75, 8.5 ], "texture": "#texture" },
        "up":    { "uv": [ 13.625, 8.625, 14.875, 10.5 ], "texture": "#texture" },
        "north": { "uv": [ 5.875, 10.5, 4.625, 10.75 ], "texture": "#texture" },
        "south": { "uv": [ 4.625, 10.5, 5.875, 10.75 ], "texture": "#texture" },
        "west":  { "uv": [ 4.25, 10.625, 6.125, 10.875 ], "texture": "#texture" },
        "east":  { "uv": [ 6.125, 10.625, 4.25, 10.875 ], "texture": "#texture" }
    }
},
{
    "__comment": "P90_Maya",
    "from": [ 7.375, 5.375, 4.25 ],
    "to": [ 8.625, 5.5, 5 ],
    "faces": {
        "up":    { "uv": [ 4.75, 10.5, 6, 11.25 ], "texture": "#texture" },
        "north": { "uv": [ 8.625, 10.5, 7.375, 10.625 ], "texture": "#texture" },
        "south": { "uv": [ 7.375, 10.5, 8.625, 10.625 ], "texture": "#texture" },
        "west":  { "uv": [ 4.25, 10.5, 5, 10.625 ], "texture": "#texture" },
        "east":  { "uv": [ 5, 10.5, 4.25, 10.625 ], "texture": "#texture" }
    }
},
{
    "__comment": "P90_Maya",
    "from": [ 7.375, 7, 4.375 ],
    "to": [ 8.625, 7.125, 4.5 ],
    "faces": {
        "down":  { "uv": [ 7, 9, 5.75, 8.875 ], "texture": "#texture" },
        "south": { "uv": [ 5.75, 8.875, 7, 9 ], "texture": "#texture" },
        "west":  { "uv": [ 4.375, 8.875, 4.5, 9 ], "texture": "#texture" },
        "east":  { "uv": [ 4.5, 8.875, 4.375, 9 ], "texture": "#texture" }
    }
},
{
    "__comment": "P90_Maya",
    "from": [ 7.375, 7.25, 4.625 ],
    "to": [ 8.625, 7.375, 8.375 ],
    "faces": {
        "down":  { "uv": [ 14.875, 10, 12.125, 9.125 ], "texture": "#texture" },
        "south": { "uv": [ 6.75, 8.625, 8, 8.75 ], "texture": "#texture" },
        "west":  { "uv": [ 4.625, 8.625, 8.375, 8.75 ], "texture": "#texture" },
        "east":  { "uv": [ 8.375, 8.625, 4.625, 8.75 ], "texture": "#texture" }
    }
},
{
    "__comment": "P90_Maya",
    "from": [ 7.375, 5, 4.875 ],
    "to": [ 8.625, 5.125, 6.125 ],
    "faces": {
        "down":  { "uv": [ 7.5, 10, 6.25, 8.75 ], "texture": "#texture" },
        "north": { "uv": [ 6, 11, 4.75, 11.125 ], "texture": "#texture" },
        "south": { "uv": [ 4.5, 11, 5.75, 11.125 ], "texture": "#texture" },
        "west":  { "uv": [ 4.875, 10.875, 6.125, 11 ], "texture": "#texture" },
        "east":  { "uv": [ 6.125, 10.875, 4.875, 11 ], "texture": "#texture" }
    }
},
{
    "__comment": "P90_Maya",
    "from": [ 7.375, 4.875, 5.125 ],
    "to": [ 8.625, 5, 6.125 ],
    "faces": {
        "down":  { "uv": [ 7.375, 10.25, 6.125, 9.25 ], "texture": "#texture" },
        "north": { "uv": [ 6, 10.875, 4.75, 11 ], "texture": "#texture" },
        "south": { "uv": [ 4.75, 10.875, 6, 11 ], "texture": "#texture" },
        "west":  { "uv": [ 5.125, 11, 6.125, 11.125 ], "texture": "#texture" },
        "east":  { "uv": [ 6.125, 11, 5.125, 11.125 ], "texture": "#texture" }
    }
},
{
    "__comment": "P90_Maya",
    "from": [ 7.375, 5.375, 5.5 ],
    "to": [ 8.625, 5.5, 6.125 ],
    "faces": {
        "up":    { "uv": [ 6, 9.75, 7.25, 10.375 ], "texture": "#texture" },
        "north": { "uv": [ 7.375, 10.125, 6.125, 10.25 ], "texture": "#texture" },
        "south": { "uv": [ 6, 10, 7.25, 10.125 ], "texture": "#texture" },
        "west":  { "uv": [ 5.5, 10.5, 6.125, 10.625 ], "texture": "#texture" },
        "east":  { "uv": [ 6.125, 10.5, 5.5, 10.625 ], "texture": "#texture" }
    }
},
{
    "__comment": "P90_Maya",
    "from": [ 7.375, 5.5, 5.625 ],
    "to": [ 8.625, 5.625, 6.125 ],
    "faces": {
        "up":    { "uv": [ 6, 9.875, 7.25, 10.375 ], "texture": "#texture" },
        "north": { "uv": [ 7.25, 10.25, 6, 10.375 ], "texture": "#texture" },
        "south": { "uv": [ 6.125, 10.25, 7.375, 10.375 ], "texture": "#texture" },
        "west":  { "uv": [ 5.625, 10.375, 6.125, 10.5 ], "texture": "#texture" },
        "east":  { "uv": [ 6.125, 10.375, 5.625, 10.5 ], "texture": "#texture" }
    }
},
{
    "__comment": "P90_Maya",
    "from": [ 7.375, 5.625, 5.875 ],
    "to": [ 8.625, 5.875, 6.25 ],
    "faces": {
        "down":  { "uv": [ 7.375, 10.25, 6.125, 9.875 ], "texture": "#texture" },
        "up":    { "uv": [ 6.125, 9.875, 7.375, 10.25 ], "texture": "#texture" },
        "north": { "uv": [ 7.375, 10.125, 6.125, 10.375 ], "texture": "#texture" },
        "south": { "uv": [ 6, 10.125, 7.25, 10.375 ], "texture": "#texture" },
        "west":  { "uv": [ 5.875, 10.125, 6.25, 10.375 ], "texture": "#texture" },
        "east":  { "uv": [ 6.25, 10.125, 5.875, 10.375 ], "texture": "#texture" }
    }
},
{
    "__comment": "P90_Maya",
    "from": [ 7.375, 5.875, 6 ],
    "to": [ 8.625, 6, 8.25 ],
    "faces": {
        "down":  { "uv": [ 7.5, 10.5, 6.25, 8.25 ], "texture": "#texture" },
        "up":    { "uv": [ 6.5, 8, 7.75, 10.25 ], "texture": "#texture" },
        "north": { "uv": [ 7.875, 10, 6.625, 10.125 ], "texture": "#texture" },
        "south": { "uv": [ 6.5, 10.125, 7.75, 10.25 ], "texture": "#texture" },
        "west":  { "uv": [ 6, 10, 8.25, 10.125 ], "texture": "#texture" },
        "east":  { "uv": [ 8.25, 10, 6, 10.125 ], "texture": "#texture" }
    }
},
{
    "__comment": "P90_Maya",
    "from": [ 7.375, 6, 6.625 ],
    "to": [ 8.625, 6.125, 8.125 ],
    "faces": {
        "up":    { "uv": [ 6.625, 8.875, 7.875, 10.375 ], "texture": "#texture" },
        "north": { "uv": [ 7.75, 9.75, 6.5, 9.875 ], "texture": "#texture" },
        "south": { "uv": [ 6.375, 9.625, 7.625, 9.75 ], "texture": "#texture" },
        "west":  { "uv": [ 6.625, 9.875, 8.125, 10 ], "texture": "#texture" },
        "east":  { "uv": [ 8.125, 9.875, 6.625, 10 ], "texture": "#texture" }
    }
},
{
    "__comment": "P90_Maya",
    "from": [ 7.375, 6.125, 6.625 ],
    "to": [ 8.625, 6.25, 7.875 ],
    "faces": {
        "up":    { "uv": [ 6.625, 9.125, 7.875, 10.375 ], "texture": "#texture" },
        "north": { "uv": [ 7.625, 10, 6.375, 10.125 ], "texture": "#texture" },
        "south": { "uv": [ 6.625, 9.75, 7.875, 9.875 ], "texture": "#texture" },
        "west":  { "uv": [ 6.625, 9.75, 7.875, 9.875 ], "texture": "#texture" },
        "east":  { "uv": [ 7.875, 9.75, 6.625, 9.875 ], "texture": "#texture" }
    }
},
{
    "__comment": "P90_Maya",
    "from": [ 7.375, 7, 6.625 ],
    "to": [ 8.625, 7.25, 8.125 ],
    "faces": {
        "down":  { "uv": [ 7.75, 10.375, 6.5, 8.875 ], "texture": "#texture" },
        "north": { "uv": [ 8.125, 8.75, 6.875, 9 ], "texture": "#texture" },
        "south": { "uv": [ 7, 8.75, 8.25, 9 ], "texture": "#texture" },
        "west":  { "uv": [ 6.625, 8.75, 8.125, 9 ], "texture": "#texture" },
        "east":  { "uv": [ 8.125, 8.75, 6.625, 9 ], "texture": "#texture" }
    }
},
{
    "__comment": "P90_Maya",
    "from": [ 7.375, 6.25, 6.75 ],
    "to": [ 8.625, 7, 7.75 ],
    "faces": {
        "north": { "uv": [ 7.75, 9.25, 6.5, 10 ], "texture": "#texture" },
        "south": { "uv": [ 6.375, 9.125, 7.625, 9.875 ], "texture": "#texture" },
        "west":  { "uv": [ 6.75, 9, 7.75, 9.75 ], "texture": "#texture" },
        "east":  { "uv": [ 7.75, 9, 6.75, 9.75 ], "texture": "#texture" }
    }
},
{
    "__comment": "P90_Maya",
    "from": [ 7.375, 10, 7 ],
    "to": [ 8.625, 10.125, 7.625 ],
    "faces": {
        "down":  { "uv": [ 7.625, 6.5, 6.375, 5.875 ], "texture": "#texture" },
        "up":    { "uv": [ 6.375, 5.875, 7.625, 6.5 ], "texture": "#texture" },
        "south": { "uv": [ 6.375, 5.875, 7.625, 6 ], "texture": "#texture" },
        "west":  { "uv": [ 7, 5.875, 7.625, 6 ], "texture": "#texture" },
        "east":  { "uv": [ 7.625, 5.875, 7, 6 ], "texture": "#texture" }
    }
},
{
    "__comment": "P90_Maya",
    "from": [ 7.375, 10.125, 7 ],
    "to": [ 8.625, 10.375, 7.375 ],
    "faces": {
        "up":    { "uv": [ 6, 5.75, 7.25, 6.125 ], "texture": "#texture" },
        "south": { "uv": [ 6, 5.625, 7.25, 5.875 ], "texture": "#texture" },
        "west":  { "uv": [ 7, 5.625, 7.375, 5.875 ], "texture": "#texture" },
        "east":  { "uv": [ 7.375, 5.625, 7, 5.875 ], "texture": "#texture" }
    }
},
{
    "__comment": "P90_Maya",
    "from": [ 7.375, 9.75, 7.125 ],
    "to": [ 8.625, 10, 7.75 ],
    "faces": {
        "down":  { "uv": [ 7.625, 6.625, 6.625, 6 ], "texture": "#texture" },
        "up":    { "uv": [ 6.625, 6, 7.75, 6.625 ], "texture": "#texture" },
        "north": { "uv": [ 7.625, 6.125, 6.375, 6.375 ], "texture": "#texture" },
        "south": { "uv": [ 6.375, 6, 7.625, 6.25 ], "texture": "#texture" },
        "west":  { "uv": [ 7.125, 6, 7.75, 6.25 ], "texture": "#texture" },
        "east":  { "uv": [ 7.75, 6, 7.125, 6.25 ], "texture": "#texture" }
    }
},
{
    "__comment": "P90_Maya",
    "from": [ 7.375, 5.625, 7.25 ],
    "to": [ 8.625, 5.875, 8.375 ],
    "faces": {
        "down":  { "uv": [ 8.625, 8.375, 7.375, 7.25 ], "texture": "#texture" },
        "up":    { "uv": [ 7.375, 7.25, 8.625, 8.375 ], "texture": "#texture" },
        "north": { "uv": [ 8.625, 10.125, 7.375, 10.375 ], "texture": "#texture" },
        "south": { "uv": [ 7.375, 10.125, 8.625, 10.375 ], "texture": "#texture" },
        "west":  { "uv": [ 7.25, 10.125, 8.375, 10.375 ], "texture": "#texture" },
        "east":  { "uv": [ 8.375, 10.125, 7.25, 10.375 ], "texture": "#texture" }
    }
},
{
    "__comment": "P90_Maya",
    "from": [ 7.375, 5.5, 7.375 ],
    "to": [ 8.625, 5.625, 8.75 ],
    "faces": {
        "down":  { "uv": [ 8, 9.5, 6.75, 8.125 ], "texture": "#texture" },
        "up":    { "uv": [ 6.5, 8, 7.75, 9.375 ], "texture": "#texture" },
        "north": { "uv": [ 8.625, 10.375, 7.375, 10.5 ], "texture": "#texture" },
        "south": { "uv": [ 7.375, 10.375, 8.625, 10.5 ], "texture": "#texture" },
        "west":  { "uv": [ 7.375, 10.375, 8.75, 10.5 ], "texture": "#texture" },
        "east":  { "uv": [ 8.75, 10.375, 7.375, 10.5 ], "texture": "#texture" }
    }
},
{
    "__comment": "P90_Maya",
    "from": [ 7.375, 9.375, 7.375 ],
    "to": [ 8.625, 9.75, 7.75 ],
    "faces": {
        "south": { "uv": [ 6.5, 6.125, 7.75, 6.5 ], "texture": "#texture" },
        "west":  { "uv": [ 7.375, 6.25, 7.75, 6.625 ], "texture": "#texture" },
        "east":  { "uv": [ 7.75, 6.25, 7.375, 6.625 ], "texture": "#texture" }
    }
},
{
    "__comment": "P90_Maya",
    "from": [ 7.375, 6.75, 7.75 ],
    "to": [ 8.625, 7, 7.875 ],
    "faces": {
        "down":  { "uv": [ 8.125, 8.875, 6.875, 8.75 ], "texture": "#texture" },
        "south": { "uv": [ 6.75, 8.875, 8, 9.125 ], "texture": "#texture" },
        "west":  { "uv": [ 7.75, 9, 7.875, 9.25 ], "texture": "#texture" },
        "east":  { "uv": [ 7.875, 9, 7.75, 9.25 ], "texture": "#texture" }
    }
},
{
    "__comment": "P90_Maya",
    "from": [ 7.375, 8.5, 7.75 ],
    "to": [ 8.625, 9, 11.375 ],
    "faces": {
        "down":  { "uv": [ 11, 7.5, 8, 7 ], "texture": "#texture" },
        "up":    { "uv": [ 8, 7, 10.75, 7.375 ], "texture": "#texture" },
        "south": { "uv": [ 8, 7, 10.5, 7.5 ], "texture": "#texture" },
        "west":  { "uv": [ 7.75, 7, 11.375, 7.5 ], "texture": "#texture" },
        "east":  { "uv": [ 11.375, 7, 7.75, 7.5 ], "texture": "#texture" }
    }
},
{
    "__comment": "P90_Maya",
    "from": [ 7.375, 5.375, 7.875 ],
    "to": [ 8.625, 5.5, 9 ],
    "faces": {
        "down":  { "uv": [ 8, 10, 6.75, 8.875 ], "texture": "#texture" },
        "up":    { "uv": [ 6.5, 9, 7.75, 10.125 ], "texture": "#texture" },
        "north": { "uv": [ 8.625, 10.5, 7.375, 10.625 ], "texture": "#texture" },
        "south": { "uv": [ 7.375, 10.5, 8.625, 10.625 ], "texture": "#texture" },
        "west":  { "uv": [ 7.875, 10.5, 9, 10.625 ], "texture": "#texture" },
        "east":  { "uv": [ 9, 10.5, 7.875, 10.625 ], "texture": "#texture" }
    }
},
{
    "__comment": "P90_Maya",
    "from": [ 7.375, 5.125, 8.125 ],
    "to": [ 8.625, 5.375, 10.625 ],
    "faces": {
        "down":  { "uv": [ 12, 10.5, 10.75, 8 ], "texture": "#texture" },
        "up":    { "uv": [ 10.5, 8, 11.75, 10.5 ], "texture": "#texture" },
        "north": { "uv": [ 10, 10.5, 8.75, 10.75 ], "texture": "#texture" },
        "south": { "uv": [ 8.5, 10.5, 9.75, 10.75 ], "texture": "#texture" },
        "west":  { "uv": [ 8.125, 10.625, 10.625, 10.875 ], "texture": "#texture" },
        "east":  { "uv": [ 10.625, 10.625, 8.125, 10.875 ], "texture": "#texture" }
    }
},
{
    "__comment": "P90_Maya",
    "from": [ 7.375, 7.125, 8.125 ],
    "to": [ 8.625, 7.25, 8.25 ],
    "faces": {
        "down":  { "uv": [ 8.25, 8.75, 7, 8.625 ], "texture": "#texture" },
        "south": { "uv": [ 7, 8.75, 8.25, 8.875 ], "texture": "#texture" },
        "west":  { "uv": [ 8.125, 8.75, 8.25, 8.875 ], "texture": "#texture" },
        "east":  { "uv": [ 8.25, 8.75, 8.125, 8.875 ], "texture": "#texture" }
    }
},
{
    "__comment": "P90_Maya",
    "from": [ 7.375, 5, 8.625 ],
    "to": [ 8.625, 5.125, 10.375 ],
    "faces": {
        "down":  { "uv": [ 8, 10, 6.75, 8.25 ], "texture": "#texture" },
        "north": { "uv": [ 10, 11, 8.75, 11.125 ], "texture": "#texture" },
        "south": { "uv": [ 9, 11, 10.25, 11.125 ], "texture": "#texture" },
        "west":  { "uv": [ 8.625, 10.875, 10.375, 11 ], "texture": "#texture" },
        "east":  { "uv": [ 10.375, 10.875, 8.625, 11 ], "texture": "#texture" }
    }
},
{
    "__comment": "P90_Maya",
    "from": [ 7.375, 4.875, 8.75 ],
    "to": [ 8.625, 5, 10 ],
    "faces": {
        "down":  { "uv": [ 8, 10, 6.75, 8.75 ], "texture": "#texture" },
        "north": { "uv": [ 10, 11, 8.75, 11.125 ], "texture": "#texture" },
        "south": { "uv": [ 9, 11, 10.25, 11.125 ], "texture": "#texture" },
        "west":  { "uv": [ 8.75, 11, 10, 11.125 ], "texture": "#texture" },
        "east":  { "uv": [ 10, 11, 8.75, 11.125 ], "texture": "#texture" }
    }
},
{
    "__comment": "P90_Maya",
    "from": [ 7.375, 5.375, 9.5 ],
    "to": [ 8.625, 5.5, 11.125 ],
    "faces": {
        "down":  { "uv": [ 12, 10.5, 10.75, 8.875 ], "texture": "#texture" },
        "up":    { "uv": [ 10.5, 9, 11.75, 10.625 ], "texture": "#texture" },
        "north": { "uv": [ 8.625, 10.5, 7.375, 10.625 ], "texture": "#texture" },
        "south": { "uv": [ 7.375, 10.5, 8.625, 10.625 ], "texture": "#texture" },
        "west":  { "uv": [ 9.5, 10.5, 11.125, 10.625 ], "texture": "#texture" },
        "east":  { "uv": [ 11.125, 10.5, 9.5, 10.625 ], "texture": "#texture" }
    }
},
{
    "__comment": "P90_Maya",
    "from": [ 7.375, 5.5, 9.75 ],
    "to": [ 8.625, 5.625, 15.875 ],
    "faces": {
        "down":  { "uv": [ 10, 9, 16, 8 ], "texture": "#texture" },
        "up":    { "uv": [ 10.5, 8, 16, 9 ], "texture": "#texture" },
        "north": { "uv": [ 8.625, 10.375, 7.375, 10.5 ], "texture": "#texture" },
        "south": { "uv": [ 7.375, 10.375, 8.625, 10.5 ], "texture": "#texture" },
        "west":  { "uv": [ 9.75, 10.375, 15.875, 10.5 ], "texture": "#texture" },
        "east":  { "uv": [ 15.875, 10.375, 9.75, 10.5 ], "texture": "#texture" }
    }
},
{
    "__comment": "P90_Maya",
    "from": [ 7.375, 7.25, 9.75 ],
    "to": [ 8.625, 7.375, 11.5 ],
    "faces": {
        "down":  { "uv": [ 7.875, 10.375, 6.625, 8.625 ], "texture": "#texture" },
        "north": { "uv": [ 8.625, 8.625, 7.375, 8.75 ], "texture": "#texture" },
        "west":  { "uv": [ 9.75, 8.625, 11.5, 8.75 ], "texture": "#texture" },
        "east":  { "uv": [ 11.5, 8.625, 9.75, 8.75 ], "texture": "#texture" }
    }
},
{
    "__comment": "P90_Maya",
    "from": [ 7.375, 5.625, 9.875 ],
    "to": [ 8.625, 5.875, 15.875 ],
    "faces": {
        "up":    { "uv": [ 12, 9.5, 16, 10 ], "texture": "#texture" },
        "north": { "uv": [ 15.5, 9.5, 14.25, 9.75 ], "texture": "#texture" },
        "south": { "uv": [ 14.5, 9.5, 15.75, 9.75 ], "texture": "#texture" },
        "west":  { "uv": [ 9.875, 10.125, 15.875, 10.375 ], "texture": "#texture" },
        "east":  { "uv": [ 15.875, 10.125, 9.875, 10.375 ], "texture": "#texture" }
    }
},
{
    "__comment": "P90_Maya",
    "from": [ 7.375, 7.125, 9.875 ],
    "to": [ 8.625, 7.25, 11.625 ],
    "faces": {
        "down":  { "uv": [ 12, 10, 10.75, 8.25 ], "texture": "#texture" },
        "up":    { "uv": [ 10.5, 8.5, 11.75, 10.25 ], "texture": "#texture" },
        "north": { "uv": [ 12, 9, 10.75, 9.125 ], "texture": "#texture" },
        "west":  { "uv": [ 9.875, 8.75, 11.625, 8.875 ], "texture": "#texture" },
        "east":  { "uv": [ 11.625, 8.75, 9.875, 8.875 ], "texture": "#texture" }
    }
},
{
    "__comment": "P90_Maya",
    "from": [ 7.375, 5.875, 10 ],
    "to": [ 8.625, 6, 11.75 ],
    "faces": {
        "up":    { "uv": [ 10.5, 9, 11.75, 10.75 ], "texture": "#texture" },
        "north": { "uv": [ 11.5, 10, 10.25, 10.125 ], "texture": "#texture" },
        "west":  { "uv": [ 10, 10, 11.75, 10.125 ], "texture": "#texture" },
        "east":  { "uv": [ 11.75, 10, 10, 10.125 ], "texture": "#texture" }
    }
},
{
    "__comment": "P90_Maya",
    "from": [ 7.375, 7, 10 ],
    "to": [ 8.625, 7.125, 11.625 ],
    "faces": {
        "down":  { "uv": [ 12, 10.5, 10.75, 8.875 ], "texture": "#texture" },
        "north": { "uv": [ 11.5, 9, 10.25, 9.125 ], "texture": "#texture" },
        "west":  { "uv": [ 10, 8.875, 11.625, 9 ], "texture": "#texture" },
        "east":  { "uv": [ 11.625, 8.875, 10, 9 ], "texture": "#texture" }
    }
},
{
    "__comment": "P90_Maya",
    "from": [ 7.375, 6.75, 10.125 ],
    "to": [ 8.625, 7, 11.625 ],
    "faces": {
        "down":  { "uv": [ 12, 9.5, 10.75, 8 ], "texture": "#texture" },
        "north": { "uv": [ 11.5, 9, 10.25, 9.25 ], "texture": "#texture" },
        "west":  { "uv": [ 10.125, 9, 11.625, 9.25 ], "texture": "#texture" },
        "east":  { "uv": [ 11.625, 9, 10.125, 9.25 ], "texture": "#texture" }
    }
},
{
    "__comment": "P90_Maya",
    "from": [ 7.375, 6, 10.375 ],
    "to": [ 8.625, 6.125, 11.625 ],
    "faces": {
        "up":    { "uv": [ 10.5, 9, 11.75, 10.25 ], "texture": "#texture" },
        "north": { "uv": [ 11.5, 9.5, 10.25, 9.625 ], "texture": "#texture" },
        "west":  { "uv": [ 10.375, 9.875, 11.625, 10 ], "texture": "#texture" },
        "east":  { "uv": [ 11.625, 9.875, 10.375, 10 ], "texture": "#texture" }
    }
},
{
    "__comment": "P90_Maya",
    "from": [ 7.375, 6.625, 10.375 ],
    "to": [ 8.625, 6.75, 11.625 ],
    "faces": {
        "down":  { "uv": [ 12, 10, 10.75, 8.75 ], "texture": "#texture" },
        "north": { "uv": [ 11.5, 9.5, 10.25, 9.625 ], "texture": "#texture" },
        "west":  { "uv": [ 10.375, 9.25, 11.625, 9.375 ], "texture": "#texture" },
        "east":  { "uv": [ 11.625, 9.25, 10.375, 9.375 ], "texture": "#texture" }
    }
},
{
    "__comment": "P90_Maya",
    "from": [ 7.375, 6.125, 10.5 ],
    "to": [ 8.625, 6.625, 11.625 ],
    "faces": {
        "north": { "uv": [ 12, 9, 10.75, 9.5 ], "texture": "#texture" },
        "west":  { "uv": [ 10.5, 9.375, 11.625, 9.875 ], "texture": "#texture" },
        "east":  { "uv": [ 11.625, 9.375, 10.5, 9.875 ], "texture": "#texture" }
    }
},
{
    "__comment": "P90_Maya",
    "from": [ 7.375, 8.875, 11.375 ],
    "to": [ 8.625, 9, 13.875 ],
    "faces": {
        "up":    { "uv": [ 12.5, 7.5, 13.75, 10 ], "texture": "#texture" },
        "south": { "uv": [ 12.5, 7.5, 13.75, 7.625 ], "texture": "#texture" },
        "west":  { "uv": [ 12.5, 7.5, 15, 7.625 ], "texture": "#texture" },
        "east":  { "uv": [ 15, 7.5, 12.5, 7.625 ], "texture": "#texture" }
    }
},
{
    "__comment": "P90_Maya",
    "from": [ 7.375, 8.75, 13.875 ],
    "to": [ 8.625, 8.875, 15.875 ],
    "faces": {
        "up":    { "uv": [ 12.5, 7.5, 15, 8 ], "texture": "#texture" },
        "south": { "uv": [ 12.5, 7.5, 13.75, 7.625 ], "texture": "#texture" },
        "west":  { "uv": [ 13.875, 7.125, 15.875, 7.25 ], "texture": "#texture" },
        "east":  { "uv": [ 15.875, 7.125, 13.875, 7.25 ], "texture": "#texture" }
    }
},
{
    "__comment": "P90_Maya",
    "from": [ 7.375, 5.875, 15.875 ],
    "to": [ 8.625, 6.5, 16 ],
    "faces": {
        "down":  { "uv": [ 14.5, 9, 13.25, 8.875 ], "texture": "#texture" },
        "up":    { "uv": [ 14.5, 9.5, 15.75, 9.625 ], "texture": "#texture" },
        "north": { "uv": [ 14.5, 8, 13.25, 8.625 ], "texture": "#texture" },
        "south": { "uv": [ 13.5, 8.5, 14.75, 9.125 ], "texture": "#texture" },
        "west":  { "uv": [ 15.875, 9.5, 16, 10.125 ], "texture": "#texture" },
        "east":  { "uv": [ 16, 9.5, 15.875, 10.125 ], "texture": "#texture" }
    }
},
{
    "__comment": "P90_Maya",
    "from": [ 7.375, 8.125, 15.875 ],
    "to": [ 8.625, 8.75, 16 ],
    "faces": {
        "down":  { "uv": [ 15, 8, 13.75, 7.875 ], "texture": "#texture" },
        "up":    { "uv": [ 13.5, 8, 14.75, 8.125 ], "texture": "#texture" },
        "north": { "uv": [ 15, 7.5, 13.75, 8.125 ], "texture": "#texture" },
        "south": { "uv": [ 14, 7.5, 15.25, 8.125 ], "texture": "#texture" },
        "west":  { "uv": [ 15.5, 7.5, 15.625, 8.125 ], "texture": "#texture" },
        "east":  { "uv": [ 15.5, 7.5, 15.375, 8.125 ], "texture": "#texture" }
    }
},
{
    "__comment": "P90_Maya",
    "from": [ 7.5, 7.625, 0 ],
    "to": [ 8.5, 8.125, 2.25 ],
    "faces": {
        "down":  { "uv": [ 0, 8.5, 2, 7.625 ], "texture": "#texture" },
        "up":    { "uv": [ 0, 7.625, 1.875, 8.5 ], "texture": "#texture" },
        "north": { "uv": [ 1.375, 7.875, 0.375, 8.375 ], "texture": "#texture" },
        "west":  { "uv": [ 0, 7.875, 2.25, 8.375 ], "texture": "#texture" },
        "east":  { "uv": [ 2.25, 7.875, 0, 8.375 ], "texture": "#texture" }
    }
},
{
    "__comment": "P90_Maya",
    "from": [ 7.5, 8.125, 0 ],
    "to": [ 8.5, 8.25, 2 ],
    "faces": {
        "up":    { "uv": [ 0, 7.625, 1.75, 8.5 ], "texture": "#texture" },
        "north": { "uv": [ 1.125, 7.75, 0.125, 7.875 ], "texture": "#texture" },
        "west":  { "uv": [ 0, 7.75, 2, 7.875 ], "texture": "#texture" },
        "east":  { "uv": [ 2, 7.75, 0, 7.875 ], "texture": "#texture" }
    }
},
{
    "__comment": "P90_Maya",
    "from": [ 7.5, 5.875, 2 ],
    "to": [ 8.5, 6, 2.625 ],
    "faces": {
        "down":  { "uv": [ 3, 9.25, 2, 8.625 ], "texture": "#texture" },
        "north": { "uv": [ 3.125, 8.875, 2.125, 9 ], "texture": "#texture" },
        "south": { "uv": [ 2.125, 9, 3.125, 9.125 ], "texture": "#texture" },
        "west":  { "uv": [ 2, 10, 2.625, 10.125 ], "texture": "#texture" },
        "east":  { "uv": [ 2.625, 10, 2, 10.125 ], "texture": "#texture" }
    }
},
{
    "__comment": "P90_Maya",
    "from": [ 7.5, 6.5, 2.625 ],
    "to": [ 8.5, 6.75, 2.875 ],
    "faces": {
        "down":  { "uv": [ 3.125, 9.125, 2.125, 8.875 ], "texture": "#texture" },
        "south": { "uv": [ 2, 8.875, 3, 9.125 ], "texture": "#texture" },
        "west":  { "uv": [ 2.625, 9.25, 2.875, 9.5 ], "texture": "#texture" },
        "east":  { "uv": [ 2.875, 9.25, 2.625, 9.5 ], "texture": "#texture" }
    }
},
{
    "__comment": "P90_Maya",
    "from": [ 7.5, 6.75, 2.875 ],
    "to": [ 8.5, 7.125, 3.5 ],
    "faces": {
        "down":  { "uv": [ 3.75, 9, 2.75, 8.375 ], "texture": "#texture" },
        "west":  { "uv": [ 2.875, 8.875, 3.5, 9.25 ], "texture": "#texture" },
        "east":  { "uv": [ 3.5, 8.875, 2.875, 9.25 ], "texture": "#texture" }
    }
},
{
    "__comment": "P90_Maya",
    "from": [ 7.5, 9, 2.875 ],
    "to": [ 8.5, 9.125, 6.75 ],
    "faces": {
        "up":    { "uv": [ 3, 7, 6.5, 7.5 ], "texture": "#texture" },
        "west":  { "uv": [ 3, 7, 6.875, 7.125 ], "texture": "#texture" },
        "east":  { "uv": [ 6.5, 7, 2.625, 7.125 ], "texture": "#texture" }
    }
},
{
    "__comment": "P90_Maya",
    "from": [ 7.5, 9.75, 2.875 ],
    "to": [ 8.5, 9.875, 7.125 ],
    "faces": {
        "down":  { "uv": [ 8.5, 7.125, 7.5, 2.875 ], "texture": "#texture" },
        "up":    { "uv": [ 7.5, 2.875, 8.5, 7.125 ], "texture": "#texture" },
        "west":  { "uv": [ 2.875, 6.125, 7.125, 6.25 ], "texture": "#texture" },
        "east":  { "uv": [ 7.125, 6.125, 2.875, 6.25 ], "texture": "#texture" }
    }
},
{
    "__comment": "P90_Maya",
    "from": [ 7.5, 9.875, 2.875 ],
    "to": [ 8.5, 10, 3.125 ],
    "faces": {
        "west":  { "uv": [ 2.875, 6, 3.125, 6.125 ], "texture": "#texture" },
        "east":  { "uv": [ 3.125, 6, 2.875, 6.125 ], "texture": "#texture" }
    }
},
{
    "__comment": "P90_Maya",
    "from": [ 7.5, 10.875, 3.25 ],
    "to": [ 7.875, 11.5, 3.625 ],
    "faces": {
        "down":  { "uv": [ 3.5, 5, 3.5, 5 ], "texture": "#texture" },
        "up":    { "uv": [ 3, 6, 3.375, 6.375 ], "texture": "#texture" },
        "north": { "uv": [ 3.5, 4.5, 3.5, 5 ], "texture": "#texture" },
        "south": { "uv": [ 3, 6, 3.375, 6.625 ], "texture": "#texture" },
        "west":  { "uv": [ 3.25, 4.5, 3.625, 5.125 ], "texture": "#texture" },
        "east":  { "uv": [ 3.625, 4.5, 3.25, 5.125 ], "texture": "#texture" }
    }
},
{
    "__comment": "P90_Maya",
    "from": [ 7.5, 6.625, 3.375 ],
    "to": [ 8.5, 6.75, 3.75 ],
    "faces": {
        "down":  { "uv": [ 4.375, 9.125, 3.375, 8.75 ], "texture": "#texture" },
        "up":    { "uv": [ 3.375, 8.875, 4.375, 9.25 ], "texture": "#texture" },
        "north": { "uv": [ 4.375, 9, 3.375, 9.125 ], "texture": "#texture" },
        "west":  { "uv": [ 3.375, 9.25, 3.75, 9.375 ], "texture": "#texture" },
        "east":  { "uv": [ 3.75, 9.25, 3.375, 9.375 ], "texture": "#texture" }
    }
},
{
    "__comment": "P90_Maya",
    "from": [ 7.5, 5.875, 3.5 ],
    "to": [ 8.5, 6.25, 3.875 ],
    "faces": {
        "down":  { "uv": [ 4.375, 9.125, 3.375, 8.75 ], "texture": "#texture" },
        "up":    { "uv": [ 3.375, 8.875, 4.375, 9.25 ], "texture": "#texture" },
        "north": { "uv": [ 4.375, 8.75, 3.375, 9.125 ], "texture": "#texture" },
        "south": { "uv": [ 3.375, 8.75, 4.375, 9.125 ], "texture": "#texture" },
        "west":  { "uv": [ 3.5, 9.75, 3.875, 10.125 ], "texture": "#texture" },
        "east":  { "uv": [ 3.875, 9.75, 3.5, 10.125 ], "texture": "#texture" }
    }
},
{
    "__comment": "P90_Maya",
    "from": [ 7.5, 6.25, 3.5 ],
    "to": [ 8.5, 6.625, 3.75 ],
    "faces": {
        "north": { "uv": [ 4.375, 8.875, 3.375, 9.25 ], "texture": "#texture" },
        "west":  { "uv": [ 3.5, 9.375, 3.75, 9.75 ], "texture": "#texture" },
        "east":  { "uv": [ 3.75, 9.375, 3.5, 9.75 ], "texture": "#texture" }
    }
},
{
    "__comment": "P90_Maya",
    "from": [ 7.5, 5.5, 3.75 ],
    "to": [ 8.5, 5.875, 4 ],
    "faces": {
        "down":  { "uv": [ 5, 10.75, 4, 10.5 ], "texture": "#texture" },
        "up":    { "uv": [ 4, 10.5, 5, 10.75 ], "texture": "#texture" },
        "north": { "uv": [ 4.875, 10.375, 3.875, 10.75 ], "texture": "#texture" },
        "south": { "uv": [ 3.875, 10.375, 4.875, 10.75 ], "texture": "#texture" },
        "west":  { "uv": [ 3.75, 10.125, 4, 10.5 ], "texture": "#texture" },
        "east":  { "uv": [ 4, 10.125, 3.75, 10.5 ], "texture": "#texture" }
    }
},
{
    "__comment": "P90_Maya",
    "from": [ 7.5, 9.875, 3.75 ],
    "to": [ 8.5, 10, 6.375 ],
    "faces": {
        "west":  { "uv": [ 3.75, 6, 6.375, 6.125 ], "texture": "#texture" },
        "east":  { "uv": [ 6.375, 6, 3.75, 6.125 ], "texture": "#texture" }
    }
},
{
    "__comment": "P90_Maya",
    "from": [ 7.5, 5.125, 3.875 ],
    "to": [ 8.5, 5.5, 4.25 ],
    "faces": {
        "down":  { "uv": [ 5.125, 11, 4.125, 10.625 ], "texture": "#texture" },
        "up":    { "uv": [ 4, 10.5, 5, 10.875 ], "texture": "#texture" },
        "north": { "uv": [ 5.5, 10.625, 4.5, 11 ], "texture": "#texture" },
        "south": { "uv": [ 4.5, 10.625, 5.5, 11 ], "texture": "#texture" },
        "west":  { "uv": [ 3.875, 10.5, 4.25, 10.875 ], "texture": "#texture" },
        "east":  { "uv": [ 4.25, 10.5, 3.875, 10.875 ], "texture": "#texture" }
    }
},
{
    "__comment": "P90_Maya",
    "from": [ 7.5, 5, 4 ],
    "to": [ 8.5, 5.125, 4.875 ],
    "faces": {
        "down":  { "uv": [ 6, 11.375, 5, 10.5 ], "texture": "#texture" },
        "up":    { "uv": [ 5.125, 10.5, 6.125, 11.375 ], "texture": "#texture" },
        "north": { "uv": [ 5.5, 10.875, 4.5, 11 ], "texture": "#texture" },
        "west":  { "uv": [ 4, 10.875, 4.875, 11 ], "texture": "#texture" },
        "east":  { "uv": [ 4.875, 10.875, 4, 11 ], "texture": "#texture" }
    }
},
{
    "__comment": "P90_Maya",
    "from": [ 7.5, 4.875, 4.25 ],
    "to": [ 8.5, 5, 5.125 ],
    "faces": {
        "down":  { "uv": [ 8, 10.5, 7, 9.625 ], "texture": "#texture" },
        "up":    { "uv": [ 7, 9.5, 8, 10.375 ], "texture": "#texture" },
        "north": { "uv": [ 9.5, 11, 8.5, 11.125 ], "texture": "#texture" },
        "west":  { "uv": [ 4.25, 11, 5.125, 11.125 ], "texture": "#texture" },
        "east":  { "uv": [ 5.125, 11, 4.25, 11.125 ], "texture": "#texture" }
    }
},
{
    "__comment": "P90_Maya",
    "from": [ 7.5, 6.125, 4.25 ],
    "to": [ 8.5, 6.75, 4.375 ],
    "faces": {
        "north": { "uv": [ 4.375, 8.625, 3.375, 9.25 ], "texture": "#texture" },
        "south": { "uv": [ 3.375, 8.625, 4.375, 9.25 ], "texture": "#texture" },
        "west":  { "uv": [ 4.25, 9.25, 4.375, 9.875 ], "texture": "#texture" },
        "east":  { "uv": [ 4.375, 9.25, 4.25, 9.875 ], "texture": "#texture" }
    }
},
{
    "__comment": "P90_Maya",
    "from": [ 7.5, 6, 4.375 ],
    "to": [ 8.5, 6.125, 4.5 ],
    "faces": {
        "up":    { "uv": [ 3.75, 10.125, 4.75, 10.25 ], "texture": "#texture" },
        "south": { "uv": [ 3.875, 10.125, 4.875, 10.25 ], "texture": "#texture" },
        "west":  { "uv": [ 4.375, 9.875, 4.5, 10 ], "texture": "#texture" },
        "east":  { "uv": [ 4.5, 9.875, 4.375, 10 ], "texture": "#texture" }
    }
},
{
    "__comment": "P90_Maya",
    "from": [ 7.5, 6.75, 4.375 ],
    "to": [ 8.5, 7, 4.5 ],
    "faces": {
        "down":  { "uv": [ 4.375, 9.125, 3.375, 9 ], "texture": "#texture" },
        "south": { "uv": [ 3.375, 9, 4.375, 9.25 ], "texture": "#texture" },
        "west":  { "uv": [ 4.375, 9, 4.5, 9.25 ], "texture": "#texture" },
        "east":  { "uv": [ 4.5, 9, 4.375, 9.25 ], "texture": "#texture" }
    }
},
{
    "__comment": "P90_Maya",
    "from": [ 7.5, 5.875, 4.5 ],
    "to": [ 8.5, 6, 4.625 ],
    "faces": {
        "up":    { "uv": [ 3.875, 10.25, 4.875, 10.375 ], "texture": "#texture" },
        "south": { "uv": [ 3.875, 10.25, 4.875, 10.375 ], "texture": "#texture" },
        "west":  { "uv": [ 4.5, 10, 4.625, 10.125 ], "texture": "#texture" },
        "east":  { "uv": [ 4.625, 10, 4.5, 10.125 ], "texture": "#texture" }
    }
},
{
    "__comment": "P90_Maya",
    "from": [ 7.5, 7, 4.5 ],
    "to": [ 8.5, 7.125, 4.625 ],
    "faces": {
        "down":  { "uv": [ 4.375, 9.125, 3.375, 9 ], "texture": "#texture" },
        "south": { "uv": [ 3.375, 9, 4.375, 9.125 ], "texture": "#texture" },
        "west":  { "uv": [ 4.5, 8.875, 4.625, 9 ], "texture": "#texture" },
        "east":  { "uv": [ 4.625, 8.875, 4.5, 9 ], "texture": "#texture" }
    }
},
{
    "__comment": "P90_Maya",
    "from": [ 7.5, 4.625, 4.625 ],
    "to": [ 8.5, 4.875, 6.125 ],
    "faces": {
        "down":  { "uv": [ 7.5, 10, 6.5, 8.5 ], "texture": "#texture" },
        "up":    { "uv": [ 7, 9, 8, 10.5 ], "texture": "#texture" },
        "north": { "uv": [ 10, 11, 9, 11.25 ], "texture": "#texture" },
        "south": { "uv": [ 9, 11, 10, 11.25 ], "texture": "#texture" },
        "west":  { "uv": [ 4.625, 11.125, 6.125, 11.375 ], "texture": "#texture" },
        "east":  { "uv": [ 6.125, 11.125, 4.625, 11.375 ], "texture": "#texture" }
    }
},
{
    "__comment": "P90_Maya",
    "from": [ 7.5, 5.625, 4.625 ],
    "to": [ 8.5, 5.875, 4.875 ],
    "faces": {
        "up":    { "uv": [ 3.875, 10.125, 4.875, 10.375 ], "texture": "#texture" },
        "south": { "uv": [ 3.875, 10.25, 4.875, 10.5 ], "texture": "#texture" },
        "west":  { "uv": [ 4.625, 10.125, 4.875, 10.375 ], "texture": "#texture" },
        "east":  { "uv": [ 4.875, 10.125, 4.625, 10.375 ], "texture": "#texture" }
    }
},
{
    "__comment": "P90_Maya",
    "from": [ 7.5, 7.125, 4.625 ],
    "to": [ 8.5, 7.25, 6.625 ],
    "faces": {
        "down":  { "uv": [ 7.625, 7.75, 6.875, 6.125 ], "texture": "#texture" },
        "west":  { "uv": [ 4.625, 8.75, 6.625, 8.875 ], "texture": "#texture" },
        "east":  { "uv": [ 6.625, 8.75, 4.625, 8.875 ], "texture": "#texture" }
    }
},
{
    "__comment": "P90_Maya",
    "from": [ 7.5, 5.5, 4.875 ],
    "to": [ 8.5, 5.625, 5 ],
    "faces": {
        "up":    { "uv": [ 4, 10.5, 5, 10.625 ], "texture": "#texture" },
        "south": { "uv": [ 3.875, 10.375, 4.875, 10.5 ], "texture": "#texture" },
        "west":  { "uv": [ 4.875, 10.375, 5, 10.5 ], "texture": "#texture" },
        "east":  { "uv": [ 5, 10.375, 4.875, 10.5 ], "texture": "#texture" }
    }
},
{
    "__comment": "P90_Maya",
    "from": [ 7.5, 5.375, 5 ],
    "to": [ 8.5, 5.5, 5.5 ],
    "faces": {
        "up":    { "uv": [ 4.75, 10.5, 5.75, 11 ], "texture": "#texture" },
        "west":  { "uv": [ 5, 10.5, 5.5, 10.625 ], "texture": "#texture" },
        "east":  { "uv": [ 5.5, 10.5, 5, 10.625 ], "texture": "#texture" }
    }
},
{
    "__comment": "P90_Maya",
    "from": [ 7.5, 4.5, 5.125 ],
    "to": [ 8.5, 4.625, 6.125 ],
    "faces": {
        "down":  { "uv": [ 11.5, 10.5, 10.5, 9.5 ], "texture": "#texture" },
        "north": { "uv": [ 10, 11, 9, 11.125 ], "texture": "#texture" },
        "south": { "uv": [ 8.5, 11, 9.5, 11.125 ], "texture": "#texture" },
        "west":  { "uv": [ 5.125, 11.375, 6.125, 11.5 ], "texture": "#texture" },
        "east":  { "uv": [ 6.125, 11.375, 5.125, 11.5 ], "texture": "#texture" }
    }
},
{
    "__comment": "P90_Maya",
    "from": [ 7.5, 5.5, 5.5 ],
    "to": [ 8.5, 5.625, 5.625 ],
    "faces": {
        "up":    { "uv": [ 5.75, 10.25, 6.75, 10.375 ], "texture": "#texture" },
        "north": { "uv": [ 6.75, 10.125, 5.75, 10.25 ], "texture": "#texture" },
        "west":  { "uv": [ 5.5, 10.375, 5.625, 10.5 ], "texture": "#texture" },
        "east":  { "uv": [ 5.625, 10.375, 5.5, 10.5 ], "texture": "#texture" }
    }
},
{
    "__comment": "P90_Maya",
    "from": [ 7.5, 5.625, 5.625 ],
    "to": [ 8.5, 5.875, 5.875 ],
    "faces": {
        "up":    { "uv": [ 6, 9.875, 7, 10.125 ], "texture": "#texture" },
        "north": { "uv": [ 7.125, 10.125, 6.125, 10.375 ], "texture": "#texture" },
        "west":  { "uv": [ 5.625, 10.125, 5.875, 10.375 ], "texture": "#texture" },
        "east":  { "uv": [ 5.875, 10.125, 5.625, 10.375 ], "texture": "#texture" }
    }
},
{
    "__comment": "P90_Maya",
    "from": [ 7.5, 5.875, 5.875 ],
    "to": [ 8.5, 6, 6 ],
    "faces": {
        "up":    { "uv": [ 5.875, 10, 6.875, 10.125 ], "texture": "#texture" },
        "north": { "uv": [ 7, 10, 6, 10.125 ], "texture": "#texture" },
        "west":  { "uv": [ 5.875, 10, 6, 10.125 ], "texture": "#texture" },
        "east":  { "uv": [ 6, 10, 5.875, 10.125 ], "texture": "#texture" }
    }
},
{
    "__comment": "P90_Maya",
    "from": [ 7.5, 6, 6 ],
    "to": [ 8.5, 6.125, 6.625 ],
    "faces": {
        "up":    { "uv": [ 6.125, 9.75, 7.125, 10.375 ], "texture": "#texture" },
        "north": { "uv": [ 7, 10.125, 6, 10.25 ], "texture": "#texture" },
        "west":  { "uv": [ 6, 9.875, 6.625, 10 ], "texture": "#texture" },
        "east":  { "uv": [ 6.625, 9.875, 6, 10 ], "texture": "#texture" }
    }
},
{
    "__comment": "P90_Maya",
    "from": [ 7.5, 5.375, 6.125 ],
    "to": [ 8.5, 5.625, 6.25 ],
    "faces": {
        "down":  { "uv": [ 7.5, 10, 6.5, 9.875 ], "texture": "#texture" },
        "north": { "uv": [ 8.5, 10.375, 7.5, 10.625 ], "texture": "#texture" },
        "south": { "uv": [ 7.5, 10.375, 8.5, 10.625 ], "texture": "#texture" },
        "west":  { "uv": [ 6.125, 10.375, 6.25, 10.625 ], "texture": "#texture" },
        "east":  { "uv": [ 6.25, 10.375, 6.125, 10.625 ], "texture": "#texture" }
    }
},
{
    "__comment": "P90_Maya",
    "from": [ 7.5, 5.5, 6.25 ],
    "to": [ 8.5, 5.625, 7.375 ],
    "faces": {
        "down":  { "uv": [ 7.5, 10, 6.5, 8.875 ], "texture": "#texture" },
        "up":    { "uv": [ 6.5, 9, 7.5, 10.125 ], "texture": "#texture" },
        "west":  { "uv": [ 6.25, 10.375, 7.375, 10.5 ], "texture": "#texture" },
        "east":  { "uv": [ 7.375, 10.375, 6.25, 10.5 ], "texture": "#texture" }
    }
},
{
    "__comment": "P90_Maya",
    "from": [ 7.5, 5.625, 6.25 ],
    "to": [ 8.5, 5.875, 7.25 ],
    "faces": {
        "west":  { "uv": [ 6.25, 10.125, 7.25, 10.375 ], "texture": "#texture" },
        "east":  { "uv": [ 7.25, 10.125, 6.25, 10.375 ], "texture": "#texture" }
    }
},
{
    "__comment": "P90_Maya",
    "from": [ 7.5, 10.875, 6.375 ],
    "to": [ 7.875, 11.5, 7 ],
    "faces": {
        "down":  { "uv": [ 7, 5.5, 6.625, 4.875 ], "texture": "#texture" },
        "up":    { "uv": [ 6.5, 4.5, 6.875, 5.125 ], "texture": "#texture" },
        "north": { "uv": [ 7, 4.5, 6.625, 5.125 ], "texture": "#texture" },
        "south": { "uv": [ 6.5, 4.5, 6.875, 5.125 ], "texture": "#texture" },
        "west":  { "uv": [ 6.375, 4.5, 7, 5.125 ], "texture": "#texture" },
        "east":  { "uv": [ 7, 4.5, 6.375, 5.125 ], "texture": "#texture" }
    }
},
{
    "__comment": "P90_Maya",
    "from": [ 7.5, 6.25, 6.625 ],
    "to": [ 8.5, 7, 6.75 ],
    "faces": {
        "north": { "uv": [ 7.625, 9.25, 6.625, 10 ], "texture": "#texture" },
        "west":  { "uv": [ 6.625, 9, 6.75, 9.75 ], "texture": "#texture" },
        "east":  { "uv": [ 6.75, 9, 6.625, 9.75 ], "texture": "#texture" }
    }
},
{
    "__comment": "P90_Maya",
    "from": [ 7.5, 9.875, 7 ],
    "to": [ 8.5, 10, 7.125 ],
    "faces": {
        "west":  { "uv": [ 7, 6, 7.125, 6.125 ], "texture": "#texture" },
        "east":  { "uv": [ 7.125, 6, 7, 6.125 ], "texture": "#texture" }
    }
},
{
    "__comment": "P90_Maya",
    "from": [ 7.5, 5.375, 7.25 ],
    "to": [ 8.5, 5.5, 7.875 ],
    "faces": {
        "down":  { "uv": [ 8.5, 7.875, 7.5, 7.25 ], "texture": "#texture" },
        "up":    { "uv": [ 7.5, 7.25, 8.5, 7.875 ], "texture": "#texture" },
        "north": { "uv": [ 8.5, 10.5, 7.5, 10.625 ], "texture": "#texture" },
        "west":  { "uv": [ 7.25, 10.5, 7.875, 10.625 ], "texture": "#texture" },
        "east":  { "uv": [ 7.875, 10.5, 7.25, 10.625 ], "texture": "#texture" }
    }
},
{
    "__comment": "P90_Maya",
    "from": [ 7.5, 5.125, 7.375 ],
    "to": [ 8.5, 5.375, 8.125 ],
    "faces": {
        "down":  { "uv": [ 8, 10.5, 7, 9.75 ], "texture": "#texture" },
        "up":    { "uv": [ 7, 9.5, 8, 10.25 ], "texture": "#texture" },
        "north": { "uv": [ 8.5, 10.625, 7.5, 10.875 ], "texture": "#texture" },
        "west":  { "uv": [ 7.375, 10.625, 8.125, 10.875 ], "texture": "#texture" },
        "east":  { "uv": [ 8.125, 10.625, 7.375, 10.875 ], "texture": "#texture" }
    }
},
{
    "__comment": "P90_Maya",
    "from": [ 7.5, 6.25, 7.75 ],
    "to": [ 8.5, 6.75, 7.875 ],
    "faces": {
        "south": { "uv": [ 7, 9.5, 8, 10 ], "texture": "#texture" },
        "west":  { "uv": [ 7.75, 9.25, 7.875, 9.75 ], "texture": "#texture" },
        "east":  { "uv": [ 7.875, 9.25, 7.75, 9.75 ], "texture": "#texture" }
    }
},
{
    "__comment": "P90_Maya",
    "from": [ 7.5, 9, 7.75 ],
    "to": [ 8.5, 9.125, 11.375 ],
    "faces": {
        "up":    { "uv": [ 7.5625, 7, 11.3125, 7.25 ], "texture": "#texture" },
        "south": { "uv": [ 8.3125, 7, 9.3125, 7.125 ], "texture": "#texture" },
        "west":  { "uv": [ 7.5, 7, 10.875, 7.125 ], "texture": "#texture" },
        "east":  { "uv": [ 11.25, 7, 8, 7.125 ], "texture": "#texture" }
    }
},
{
    "__comment": "P90_Maya",
    "from": [ 7.5, 5, 7.875 ],
    "to": [ 8.5, 5.125, 8.625 ],
    "faces": {
        "down":  { "uv": [ 8.5, 8.625, 7.5, 7.875 ], "texture": "#texture" },
        "up":    { "uv": [ 7.5, 7.875, 8.5, 8.625 ], "texture": "#texture" },
        "north": { "uv": [ 8.5, 10.5, 7.5, 10.625 ], "texture": "#texture" },
        "west":  { "uv": [ 7.875, 10.875, 8.625, 11 ], "texture": "#texture" },
        "east":  { "uv": [ 8.625, 10.875, 7.875, 11 ], "texture": "#texture" }
    }
},
{
    "__comment": "P90_Maya",
    "from": [ 7.5, 6.125, 7.875 ],
    "to": [ 8.5, 6.25, 8.125 ],
    "faces": {
        "up":    { "uv": [ 7.625, 10.125, 8.625, 10.375 ], "texture": "#texture" },
        "south": { "uv": [ 7.625, 10.125, 8.625, 10.25 ], "texture": "#texture" },
        "west":  { "uv": [ 7.875, 9.75, 8.125, 9.875 ], "texture": "#texture" },
        "east":  { "uv": [ 8.125, 9.75, 7.875, 9.875 ], "texture": "#texture" }
    }
},
{
    "__comment": "P90_Maya",
    "from": [ 7.5, 6.75, 7.875 ],
    "to": [ 8.5, 7, 8.125 ],
    "faces": {
        "down":  { "uv": [ 7.875, 9.125, 6.875, 8.875 ], "texture": "#texture" },
        "south": { "uv": [ 7.125, 8.875, 8.125, 9.125 ], "texture": "#texture" },
        "west":  { "uv": [ 7.875, 9, 8.125, 9.25 ], "texture": "#texture" },
        "east":  { "uv": [ 8.125, 9, 7.875, 9.25 ], "texture": "#texture" }
    }
},
{
    "__comment": "P90_Maya",
    "from": [ 7.5, 4.875, 8.125 ],
    "to": [ 8.5, 5, 8.75 ],
    "faces": {
        "down":  { "uv": [ 7.5, 10, 6.5, 9.375 ], "texture": "#texture" },
        "up":    { "uv": [ 6.5, 9.5, 7.5, 10.125 ], "texture": "#texture" },
        "north": { "uv": [ 10, 11, 9, 11.125 ], "texture": "#texture" },
        "west":  { "uv": [ 8.125, 11, 8.75, 11.125 ], "texture": "#texture" },
        "east":  { "uv": [ 8.75, 11, 8.125, 11.125 ], "texture": "#texture" }
    }
},
{
    "__comment": "P90_Maya",
    "from": [ 7.5, 6, 8.125 ],
    "to": [ 8.5, 6.125, 8.25 ],
    "faces": {
        "up":    { "uv": [ 7.125, 9.875, 8.125, 10 ], "texture": "#texture" },
        "south": { "uv": [ 7.25, 10, 8.25, 10.125 ], "texture": "#texture" },
        "west":  { "uv": [ 8.125, 9.875, 8.25, 10 ], "texture": "#texture" },
        "east":  { "uv": [ 8.25, 9.875, 8.125, 10 ], "texture": "#texture" }
    }
},
{
    "__comment": "P90_Maya",
    "from": [ 7.5, 7, 8.125 ],
    "to": [ 8.5, 7.125, 8.25 ],
    "faces": {
        "down":  { "uv": [ 8.125, 8.875, 7.125, 8.75 ], "texture": "#texture" },
        "south": { "uv": [ 7.125, 8.875, 8.125, 9 ], "texture": "#texture" },
        "west":  { "uv": [ 8.125, 8.875, 8.25, 9 ], "texture": "#texture" },
        "east":  { "uv": [ 8.25, 8.875, 8.125, 9 ], "texture": "#texture" }
    }
},
{
    "__comment": "P90_Maya",
    "from": [ 7.5, 5.875, 8.25 ],
    "to": [ 8.5, 6, 8.375 ],
    "faces": {
        "up":    { "uv": [ 7.625, 10.25, 8.625, 10.375 ], "texture": "#texture" },
        "south": { "uv": [ 7.625, 10.25, 8.625, 10.375 ], "texture": "#texture" },
        "west":  { "uv": [ 8.25, 10, 8.375, 10.125 ], "texture": "#texture" },
        "east":  { "uv": [ 8.375, 10, 8.25, 10.125 ], "texture": "#texture" }
    }
},
{
    "__comment": "P90_Maya",
    "from": [ 7.5, 7.125, 8.25 ],
    "to": [ 8.5, 7.25, 8.375 ],
    "faces": {
        "down":  { "uv": [ 8.25, 8.625, 7.25, 8.5 ], "texture": "#texture" },
        "south": { "uv": [ 7.25, 8.75, 8.25, 8.875 ], "texture": "#texture" },
        "west":  { "uv": [ 8.25, 8.75, 8.375, 8.875 ], "texture": "#texture" },
        "east":  { "uv": [ 8.375, 8.75, 8.25, 8.875 ], "texture": "#texture" }
    }
},
{
    "__comment": "P90_Maya",
    "from": [ 7.5, 5.625, 8.375 ],
    "to": [ 8.5, 5.875, 8.75 ],
    "faces": {
        "up":    { "uv": [ 7.5, 8.375, 8.5, 8.75 ], "texture": "#texture" },
        "south": { "uv": [ 7.5, 10.125, 8.5, 10.375 ], "texture": "#texture" },
        "west":  { "uv": [ 8.375, 10.125, 8.75, 10.375 ], "texture": "#texture" },
        "east":  { "uv": [ 8.75, 10.125, 8.375, 10.375 ], "texture": "#texture" }
    }
},
{
    "__comment": "P90_Maya",
    "from": [ 7.5, 7.25, 8.375 ],
    "to": [ 8.5, 7.375, 8.625 ],
    "faces": {
        "down":  { "uv": [ 8.5, 8.625, 7.5, 8.375 ], "texture": "#texture" },
        "south": { "uv": [ 7.5, 8.625, 8.5, 8.75 ], "texture": "#texture" },
        "west":  { "uv": [ 8.375, 8.625, 8.625, 8.75 ], "texture": "#texture" },
        "east":  { "uv": [ 8.625, 8.625, 8.375, 8.75 ], "texture": "#texture" }
    }
},
{
    "__comment": "P90_Maya",
    "from": [ 7.5, 4.625, 8.625 ],
    "to": [ 8.5, 4.875, 10.375 ],
    "faces": {
        "down":  { "uv": [ 7.5, 10.5, 6.5, 8.75 ], "texture": "#texture" },
        "up":    { "uv": [ 6.5, 8.5, 7.5, 10.25 ], "texture": "#texture" },
        "north": { "uv": [ 10, 11, 9, 11.25 ], "texture": "#texture" },
        "south": { "uv": [ 9, 11, 10, 11.25 ], "texture": "#texture" },
        "west":  { "uv": [ 8.625, 11.125, 10.375, 11.375 ], "texture": "#texture" },
        "east":  { "uv": [ 10.375, 11.125, 8.625, 11.375 ], "texture": "#texture" }
    }
},
{
    "__comment": "P90_Maya",
    "from": [ 7.5, 4.5, 8.75 ],
    "to": [ 8.5, 4.625, 10 ],
    "faces": {
        "down":  { "uv": [ 7.5, 10, 6.5, 8.75 ], "texture": "#texture" },
        "north": { "uv": [ 9.5, 11, 8.5, 11.125 ], "texture": "#texture" },
        "south": { "uv": [ 9, 11, 10, 11.125 ], "texture": "#texture" },
        "west":  { "uv": [ 8.75, 11.375, 10, 11.5 ], "texture": "#texture" },
        "east":  { "uv": [ 10, 11.375, 8.75, 11.5 ], "texture": "#texture" }
    }
},
{
    "__comment": "P90_Maya",
    "from": [ 7.5, 5.5, 8.75 ],
    "to": [ 8.5, 5.625, 9 ],
    "faces": {
        "up":    { "uv": [ 7, 10, 8, 10.25 ], "texture": "#texture" },
        "south": { "uv": [ 7.5, 10.375, 8.5, 10.5 ], "texture": "#texture" },
        "west":  { "uv": [ 8.75, 10.375, 9, 10.5 ], "texture": "#texture" },
        "east":  { "uv": [ 9, 10.375, 8.75, 10.5 ], "texture": "#texture" }
    }
},
{
    "__comment": "P90_Maya",
    "from": [ 7.5, 5.375, 9 ],
    "to": [ 8.5, 5.5, 9.5 ],
    "faces": {
        "up":    { "uv": [ 9, 10.5, 10, 11 ], "texture": "#texture" },
        "west":  { "uv": [ 9, 10.5, 9.5, 10.625 ], "texture": "#texture" },
        "east":  { "uv": [ 9.5, 10.5, 9, 10.625 ], "texture": "#texture" }
    }
},
{
    "__comment": "P90_Maya",
    "from": [ 7.5, 5.5, 9.5 ],
    "to": [ 8.5, 5.625, 9.75 ],
    "faces": {
        "up":    { "uv": [ 10, 10.5, 11, 10.75 ], "texture": "#texture" },
        "north": { "uv": [ 11, 10.5, 10, 10.625 ], "texture": "#texture" },
        "west":  { "uv": [ 9.5, 10.375, 9.75, 10.5 ], "texture": "#texture" },
        "east":  { "uv": [ 9.75, 10.375, 9.5, 10.5 ], "texture": "#texture" }
    }
},
{
    "__comment": "P90_Maya",
    "from": [ 7.5, 7.25, 9.5 ],
    "to": [ 8.5, 7.375, 9.75 ],
    "faces": {
        "down":  { "uv": [ 11, 9, 10, 8.75 ], "texture": "#texture" },
        "north": { "uv": [ 11, 8.5, 10, 8.625 ], "texture": "#texture" },
        "west":  { "uv": [ 9.5, 8.625, 9.75, 8.75 ], "texture": "#texture" },
        "east":  { "uv": [ 9.75, 8.625, 9.5, 8.75 ], "texture": "#texture" }
    }
},
{
    "__comment": "P90_Maya",
    "from": [ 7.5, 5.625, 9.75 ],
    "to": [ 8.5, 5.875, 9.875 ],
    "faces": {
        "up":    { "uv": [ 10, 10, 11, 10.125 ], "texture": "#texture" },
        "north": { "uv": [ 11.5, 10, 10.5, 10.25 ], "texture": "#texture" },
        "west":  { "uv": [ 9.75, 10.125, 9.875, 10.375 ], "texture": "#texture" },
        "east":  { "uv": [ 9.875, 10.125, 9.75, 10.375 ], "texture": "#texture" }
    }
},
{
    "__comment": "P90_Maya",
    "from": [ 7.5, 7.125, 9.75 ],
    "to": [ 8.5, 7.25, 9.875 ],
    "faces": {
        "down":  { "uv": [ 11.5, 9, 10.5, 8.875 ], "texture": "#texture" },
        "north": { "uv": [ 11.5, 9, 10.5, 9.125 ], "texture": "#texture" },
        "west":  { "uv": [ 9.75, 8.75, 9.875, 8.875 ], "texture": "#texture" },
        "east":  { "uv": [ 9.875, 8.75, 9.75, 8.875 ], "texture": "#texture" }
    }
},
{
    "__comment": "P90_Maya",
    "from": [ 7.5, 5.875, 9.875 ],
    "to": [ 8.5, 6, 10 ],
    "faces": {
        "up":    { "uv": [ 10, 10.5, 11, 10.625 ], "texture": "#texture" },
        "north": { "uv": [ 11.5, 10, 10.5, 10.125 ], "texture": "#texture" },
        "west":  { "uv": [ 9.875, 10, 10, 10.125 ], "texture": "#texture" },
        "east":  { "uv": [ 10, 10, 9.875, 10.125 ], "texture": "#texture" }
    }
},
{
    "__comment": "P90_Maya",
    "from": [ 7.5, 7, 9.875 ],
    "to": [ 8.5, 7.125, 10 ],
    "faces": {
        "down":  { "uv": [ 11, 9, 10, 8.875 ], "texture": "#texture" },
        "north": { "uv": [ 11, 9, 10, 9.125 ], "texture": "#texture" },
        "west":  { "uv": [ 9.875, 8.875, 10, 9 ], "texture": "#texture" },
        "east":  { "uv": [ 10, 8.875, 9.875, 9 ], "texture": "#texture" }
    }
},
{
    "__comment": "P90_Maya",
    "from": [ 7.5, 4.875, 10 ],
    "to": [ 8.5, 5, 10.625 ],
    "faces": {
        "down":  { "uv": [ 8.5, 10.625, 7.5, 10 ], "texture": "#texture" },
        "up":    { "uv": [ 7.5, 10, 8.5, 10.625 ], "texture": "#texture" },
        "south": { "uv": [ 8.5, 11, 9.5, 11.125 ], "texture": "#texture" },
        "west":  { "uv": [ 10, 11, 10.625, 11.125 ], "texture": "#texture" },
        "east":  { "uv": [ 10.625, 11, 10, 11.125 ], "texture": "#texture" }
    }
},
{
    "__comment": "P90_Maya",
    "from": [ 7.5, 6, 10 ],
    "to": [ 8.5, 6.125, 10.375 ],
    "faces": {
        "up":    { "uv": [ 10.5, 10, 11.5, 10.375 ], "texture": "#texture" },
        "north": { "uv": [ 11.5, 10, 10.5, 10.125 ], "texture": "#texture" },
        "west":  { "uv": [ 10, 9.875, 10.375, 10 ], "texture": "#texture" },
        "east":  { "uv": [ 10.375, 9.875, 10, 10 ], "texture": "#texture" }
    }
},
{
    "__comment": "P90_Maya",
    "from": [ 7.5, 6.75, 10 ],
    "to": [ 8.5, 7, 10.125 ],
    "faces": {
        "down":  { "uv": [ 11, 9, 10, 8.875 ], "texture": "#texture" },
        "north": { "uv": [ 11.5, 8.5, 10.5, 8.75 ], "texture": "#texture" },
        "west":  { "uv": [ 10, 9, 10.125, 9.25 ], "texture": "#texture" },
        "east":  { "uv": [ 10.125, 9, 10, 9.25 ], "texture": "#texture" }
    }
},
{
    "__comment": "P90_Maya",
    "from": [ 7.5, 6.625, 10.125 ],
    "to": [ 8.5, 6.75, 10.375 ],
    "faces": {
        "down":  { "uv": [ 8.5, 10.375, 7.5, 10.125 ], "texture": "#texture" },
        "north": { "uv": [ 11.5, 9, 10.5, 9.125 ], "texture": "#texture" },
        "west":  { "uv": [ 10.125, 9.25, 10.375, 9.375 ], "texture": "#texture" },
        "east":  { "uv": [ 10.375, 9.25, 10.125, 9.375 ], "texture": "#texture" }
    }
},
{
    "__comment": "P90_Maya",
    "from": [ 7.5, 5, 10.375 ],
    "to": [ 8.5, 5.125, 11.125 ],
    "faces": {
        "down":  { "uv": [ 10, 11.5, 9, 10.75 ], "texture": "#texture" },
        "up":    { "uv": [ 9, 10.5, 10, 11.25 ], "texture": "#texture" },
        "south": { "uv": [ 9, 11, 10, 11.125 ], "texture": "#texture" },
        "west":  { "uv": [ 10.375, 10.875, 11.125, 11 ], "texture": "#texture" },
        "east":  { "uv": [ 11.125, 10.875, 10.375, 11 ], "texture": "#texture" }
    }
},
{
    "__comment": "P90_Maya",
    "from": [ 7.5, 6.125, 10.375 ],
    "to": [ 8.5, 6.625, 10.5 ],
    "faces": {
        "north": { "uv": [ 8, 9.5, 7, 10 ], "texture": "#texture" },
        "west":  { "uv": [ 10.375, 9.375, 10.5, 9.875 ], "texture": "#texture" },
        "east":  { "uv": [ 10.5, 9.375, 10.375, 9.875 ], "texture": "#texture" }
    }
},
{
    "__comment": "P90_Maya",
    "from": [ 7.5, 5.125, 10.625 ],
    "to": [ 8.5, 5.375, 11.625 ],
    "faces": {
        "down":  { "uv": [ 10, 11.5, 9, 10.5 ], "texture": "#texture" },
        "up":    { "uv": [ 9, 10.5, 10, 11.5 ], "texture": "#texture" },
        "south": { "uv": [ 10, 10.5, 11, 10.75 ], "texture": "#texture" },
        "west":  { "uv": [ 10.625, 10.625, 11.625, 10.875 ], "texture": "#texture" },
        "east":  { "uv": [ 11.625, 10.625, 10.625, 10.875 ], "texture": "#texture" }
    }
},
{
    "__comment": "P90_Maya",
    "from": [ 7.5, 5.375, 11.125 ],
    "to": [ 8.5, 5.5, 12.125 ],
    "faces": {
        "down":  { "uv": [ 11, 11, 10, 10 ], "texture": "#texture" },
        "south": { "uv": [ 7.5, 10.5, 8.5, 10.625 ], "texture": "#texture" },
        "west":  { "uv": [ 11.125, 10.5, 12.125, 10.625 ], "texture": "#texture" },
        "east":  { "uv": [ 12.125, 10.5, 11.125, 10.625 ], "texture": "#texture" }
    }
},
{
    "__comment": "P90_Maya",
    "from": [ 7.5, 8.875, 13.875 ],
    "to": [ 8.5, 9, 16 ],
    "faces": {
        "down":  { "uv": [ 14.5, 10, 13.5, 7.875 ], "texture": "#texture" },
        "up":    { "uv": [ 13.5, 7.5, 14.5, 9.625 ], "texture": "#texture" },
        "south": { "uv": [ 13.5, 7.5, 15, 7.5 ], "texture": "#texture" },
        "west":  { "uv": [ 13.5, 7.5, 15.625, 7.625 ], "texture": "#texture" },
        "east":  { "uv": [ 15.5, 7.5, 13.375, 7.625 ], "texture": "#texture" }
    }
},
{
    "__comment": "P90_Maya",
    "from": [ 7.5, 5.5, 15.875 ],
    "to": [ 8.5, 5.875, 16 ],
    "faces": {
        "down":  { "uv": [ 15.5, 10, 14.5, 9.875 ], "texture": "#texture" },
        "north": { "uv": [ 15.5, 9.5, 14.5, 9.875 ], "texture": "#texture" },
        "south": { "uv": [ 14.5, 9.5, 15.5, 9.875 ], "texture": "#texture" },
        "west":  { "uv": [ 15.5, 10, 15.625, 10.375 ], "texture": "#texture" },
        "east":  { "uv": [ 15.5, 10, 15.375, 10.375 ], "texture": "#texture" }
    }
},
{
    "__comment": "P90_Maya",
    "from": [ 7.5, 8.75, 15.875 ],
    "to": [ 8.5, 8.875, 16 ],
    "faces": {
        "south": { "uv": [ 14.5, 7.5, 15.5, 7.625 ], "texture": "#texture" },
        "west":  { "uv": [ 15.875, 7.125, 16, 7.25 ], "texture": "#texture" },
        "east":  { "uv": [ 16, 7.125, 15.875, 7.25 ], "texture": "#texture" }
    }
},
{
    "__comment": "P90_Maya",
    "from": [ 7.625, 7.375, 0 ],
    "to": [ 8.375, 7.625, 2.25 ],
    "faces": {
        "down":  { "uv": [ 0, 8.625, 2.125, 7.75 ], "texture": "#texture" },
        "north": { "uv": [ 8.375, 8.375, 7.625, 8.625 ], "texture": "#texture" },
        "west":  { "uv": [ 0, 8.375, 2.25, 8.625 ], "texture": "#texture" },
        "east":  { "uv": [ 2.25, 8.375, 0, 8.625 ], "texture": "#texture" }
    }
},
{
    "__comment": "P90_Maya",
    "from": [ 7.625, 8.25, 0 ],
    "to": [ 8.375, 8.375, 2 ],
    "faces": {
        "up":    { "uv": [ 0, 7.625, 2, 8.375 ], "texture": "#texture" },
        "north": { "uv": [ 1, 7.625, 0.25, 7.75 ], "texture": "#texture" },
        "west":  { "uv": [ 0, 7.625, 2, 7.75 ], "texture": "#texture" },
        "east":  { "uv": [ 2, 7.625, 0, 7.75 ], "texture": "#texture" }
    }
},
{
    "__comment": "P90_Maya",
    "from": [ 7.625, 6.125, 2.625 ],
    "to": [ 8.375, 6.5, 2.75 ],
    "faces": {
        "down":  { "uv": [ 2.75, 9.375, 2, 9.25 ], "texture": "#texture" },
        "south": { "uv": [ 2, 9.25, 2.75, 9.625 ], "texture": "#texture" },
        "west":  { "uv": [ 2.625, 9.5, 2.75, 9.875 ], "texture": "#texture" },
        "east":  { "uv": [ 2.75, 9.5, 2.625, 9.875 ], "texture": "#texture" }
    }
},
{
    "__comment": "P90_Maya",
    "from": [ 7.625, 10.5, 3.25 ],
    "to": [ 8.375, 10.875, 3.625 ],
    "faces": {
        "up":    { "uv": [ 3, 5.625, 3.75, 6 ], "texture": "#texture" },
        "north": { "uv": [ 3.875, 5.625, 3.125, 6 ], "texture": "#texture" },
        "south": { "uv": [ 3, 5.625, 3.75, 6 ], "texture": "#texture" },
        "west":  { "uv": [ 3.25, 5.125, 3.625, 5.5 ], "texture": "#texture" },
        "east":  { "uv": [ 3.625, 5.125, 3.25, 5.5 ], "texture": "#texture" }
    }
},
{
    "__comment": "P90_Maya",
    "from": [ 7.625, 10.5, 6.375 ],
    "to": [ 8.375, 10.875, 7 ],
    "faces": {
        "up":    { "uv": [ 6.75, 6, 7.5, 6.625 ], "texture": "#texture" },
        "north": { "uv": [ 7.125, 5.625, 6.375, 6 ], "texture": "#texture" },
        "south": { "uv": [ 6.25, 5.625, 7, 6 ], "texture": "#texture" },
        "west":  { "uv": [ 6.375, 5.125, 7, 5.5 ], "texture": "#texture" },
        "east":  { "uv": [ 7, 5.125, 6.375, 5.5 ], "texture": "#texture" }
    }
},
{
    "__comment": "P90_Maya",
    "from": [ 7.625, 6.125, 6.5 ],
    "to": [ 8.375, 7.125, 6.625 ],
    "faces": {
        "north": { "uv": [ 7.5, 9, 6.75, 10 ], "texture": "#texture" },
        "south": { "uv": [ 6.625, 8.875, 7.375, 9.875 ], "texture": "#texture" },
        "west":  { "uv": [ 6.5, 8.875, 6.625, 9.875 ], "texture": "#texture" },
        "east":  { "uv": [ 6.625, 8.875, 6.5, 9.875 ], "texture": "#texture" }
    }
},
{
    "__comment": "P90_Maya",
    "from": [ 7.875, 10.875, 3.25 ],
    "to": [ 8.5, 11, 3.625 ],
    "faces": {
        "down":  { "uv": [ 3.75, 5.875, 3.125, 5.5 ], "texture": "#texture" },
        "up":    { "uv": [ 3.125, 5.5, 3.75, 5.875 ], "texture": "#texture" },
        "north": { "uv": [ 3.75, 5.625, 3.125, 5.75 ], "texture": "#texture" },
        "south": { "uv": [ 3.125, 5.5, 3.75, 5.625 ], "texture": "#texture" },
        "east":  { "uv": [ 3.625, 5, 3.25, 5.125 ], "texture": "#texture" }
    }
},
{
    "__comment": "P90_Maya",
    "from": [ 7.875, 11, 3.375 ],
    "to": [ 8.5, 11.375, 3.5 ],
    "faces": {
        "up":    { "uv": [ 3.125, 5.625, 3.75, 5.75 ], "texture": "#texture" },
        "north": { "uv": [ 3.75, 5.625, 3.125, 6 ], "texture": "#texture" },
        "south": { "uv": [ 3.125, 5.5, 3.75, 5.875 ], "texture": "#texture" },
        "east":  { "uv": [ 3.5, 4.625, 3.375, 5 ], "texture": "#texture" }
    }
},
{
    "__comment": "P90_Maya",
    "from": [ 7.875, 6.75, 5.75 ],
    "to": [ 8.125, 7.125, 6.5 ],
    "faces": {
        "down":  { "uv": [ 6.375, 9.875, 6.125, 9.125 ], "texture": "#texture" },
        "north": { "uv": [ 6.375, 9.375, 6.125, 9.75 ], "texture": "#texture" },
        "west":  { "uv": [ 5.75, 8.875, 6.5, 9.25 ], "texture": "#texture" },
        "east":  { "uv": [ 6.5, 8.875, 5.75, 9.25 ], "texture": "#texture" }
    }
},
{
    "__comment": "P90_Maya",
    "from": [ 7.875, 6.125, 6 ],
    "to": [ 8.125, 6.75, 6.5 ],
    "faces": {
        "north": { "uv": [ 6.375, 9.25, 6.125, 9.875 ], "texture": "#texture" },
        "west":  { "uv": [ 6, 9.25, 6.5, 9.875 ], "texture": "#texture" },
        "east":  { "uv": [ 6.5, 9.25, 6, 9.875 ], "texture": "#texture" }
    }
},
{
    "__comment": "P90_Maya",
    "from": [ 7.875, 10.875, 6.375 ],
    "to": [ 8.5, 11, 7 ],
    "faces": {
        "down":  { "uv": [ 7, 5.5, 6.375, 4.875 ], "texture": "#texture" },
        "up":    { "uv": [ 6.375, 5, 7, 5.625 ], "texture": "#texture" },
        "north": { "uv": [ 7, 4.5, 6.375, 4.625 ], "texture": "#texture" },
        "south": { "uv": [ 6.375, 4.5, 7, 4.625 ], "texture": "#texture" },
        "east":  { "uv": [ 7, 5, 6.375, 5.125 ], "texture": "#texture" }
    }
},
{
    "__comment": "P90_Maya",
    "from": [ 7.875, 11, 6.625 ],
    "to": [ 8.5, 11.125, 6.875 ],
    "faces": {
        "up":    { "uv": [ 6.375, 4.875, 7, 5.25 ], "texture": "#texture" },
        "north": { "uv": [ 7, 5, 6.375, 5.125 ], "texture": "#texture" },
        "south": { "uv": [ 6.5, 4.75, 7.125, 4.875 ], "texture": "#texture" },
        "east":  { "uv": [ 6.875, 4.875, 6.5, 5 ], "texture": "#texture" }
    }
},
{
    "__comment": "P90_Maya",
    "from": [ 7.875, 11.25, 6.625 ],
    "to": [ 8.5, 11.375, 7 ],
    "faces": {
        "down":  { "uv": [ 7, 5.25, 6.375, 4.875 ], "texture": "#texture" },
        "up":    { "uv": [ 6.375, 4.875, 7, 5.25 ], "texture": "#texture" },
        "north": { "uv": [ 7, 5.125, 6.375, 5.25 ], "texture": "#texture" },
        "south": { "uv": [ 6.375, 4.625, 7, 4.75 ], "texture": "#texture" },
        "east":  { "uv": [ 6.875, 4.625, 6.5, 4.75 ], "texture": "#texture" }
    }
},
{
    "__comment": "P90_Maya",
    "from": [ 8.125, 11, 3.25 ],
    "to": [ 8.5, 11.5, 3.375 ],
    "faces": {
        "up":    { "uv": [ 3.25, 4.75, 3.625, 4.875 ], "texture": "#texture" },
        "north": { "uv": [ 3.625, 4.625, 3.25, 5.125 ], "texture": "#texture" },
        "south": { "uv": [ 3.25, 4.5, 3.625, 5 ], "texture": "#texture" },
        "west":  { "uv": [ 3.25, 4.5, 3.375, 5 ], "texture": "#texture" },
        "east":  { "uv": [ 3.375, 4.5, 3.25, 5 ], "texture": "#texture" }
    }
},
{
    "__comment": "P90_Maya",
    "from": [ 8.125, 11.375, 3.375 ],
    "to": [ 8.5, 11.5, 3.625 ],
    "faces": {
        "down":  { "uv": [ 3.625, 5.125, 3.25, 4.875 ], "texture": "#texture" },
        "up":    { "uv": [ 3.25, 4.75, 3.625, 5 ], "texture": "#texture" },
        "south": { "uv": [ 3.5, 6, 3.875, 6.125 ], "texture": "#texture" },
        "west":  { "uv": [ 3.375, 4.5, 3.625, 4.625 ], "texture": "#texture" },
        "east":  { "uv": [ 3.625, 4.5, 3.375, 4.625 ], "texture": "#texture" }
    }
},
{
    "__comment": "P90_Maya",
    "from": [ 8.125, 11, 3.5 ],
    "to": [ 8.5, 11.375, 3.625 ],
    "faces": {
        "south": { "uv": [ 3.25, 4.75, 3.625, 5.125 ], "texture": "#texture" },
        "west":  { "uv": [ 3.5, 4.625, 3.625, 5 ], "texture": "#texture" },
        "east":  { "uv": [ 3.625, 4.625, 3.5, 5 ], "texture": "#texture" }
    }
},
{
    "__comment": "P90_Maya",
    "from": [ 8.125, 11, 6.375 ],
    "to": [ 8.5, 11.5, 6.625 ],
    "faces": {
        "up":    { "uv": [ 6.5, 5, 6.875, 5.125 ], "texture": "#texture" },
        "north": { "uv": [ 7, 5, 6.625, 5.5 ], "texture": "#texture" },
        "south": { "uv": [ 6.5, 5, 6.875, 5.5 ], "texture": "#texture" },
        "west":  { "uv": [ 6.375, 4.5, 6.5, 5 ], "texture": "#texture" },
        "east":  { "uv": [ 6.5, 4.5, 6.375, 5 ], "texture": "#texture" }
    }
},
{
    "__comment": "P90_Maya",
    "from": [ 8.125, 11.125, 6.625 ],
    "to": [ 8.5, 11.25, 7 ],
    "faces": {
        "down":  { "uv": [ 7, 5.5, 6.625, 5 ], "texture": "#texture" },
        "up":    { "uv": [ 6.5, 5, 6.875, 5.5 ], "texture": "#texture" },
        "south": { "uv": [ 6.5, 5, 6.875, 5.125 ], "texture": "#texture" },
        "west":  { "uv": [ 6.5, 4.75, 7, 4.875 ], "texture": "#texture" },
        "east":  { "uv": [ 7, 4.75, 6.5, 4.875 ], "texture": "#texture" }
    }
},
{
    "__comment": "P90_Maya",
    "from": [ 8.125, 11, 6.875 ],
    "to": [ 8.5, 11.125, 7 ],
    "faces": {
        "south": { "uv": [ 6.5, 5, 6.875, 5.125 ], "texture": "#texture" },
        "west":  { "uv": [ 6.875, 4.875, 7, 5 ], "texture": "#texture" },
        "east":  { "uv": [ 7, 4.875, 6.875, 5 ], "texture": "#texture" }
    }
},
{
    "__comment": "P90_Maya*",
    "from": [ 8.125, 11.375, 6.625 ],
    "to": [ 8.5, 11.5, 7 ],
    "faces": {
        "down":  { "uv": [ 7, 5.25, 6.375, 4.875 ], "texture": "#texture" },
        "up":    { "uv": [ 6.375, 4.875, 7, 5.25 ], "texture": "#texture" },
        "north": { "uv": [ 7, 5.125, 6.375, 5.25 ], "texture": "#texture" },
        "south": { "uv": [ 6.375, 4.625, 7, 4.75 ], "texture": "#texture" },
        "east":  { "uv": [ 6.875, 4.625, 6.5, 4.75 ], "texture": "#texture" }
    }
}
],
"display": {
    "thirdperson_righthand": {
        "rotation": [ 0, 0, 0 ],
        "translation": [ -0.6, 1, -0.5 ],
        "scale": [ 0.9, 0.9, 0.9 ]
    },
    "firstperson_righthand": {
        "rotation": [ 5, 0, 0 ],
        "translation": [ 0, 3.5, 2.8 ],
        "scale": [ 0.8, 0.8, 0.8 ]
    },
    "gui": {
        "rotation": [ -55, -45, -45 ],
        "translation": [ 0, 0, 0 ],
        "scale": [ 1.4, 1.4, -1.4 ]
    },
    "ground": {
        "rotation": [ 0, 0, 0 ],
        "translation": [ 0, 0, 0 ],
        "scale": [ 1, 1, 1 ]
    }
}
}