{
"__comment": "Designed by Syclonesjs with BDcraft Cubik PRO 0.95 Beta - http://bdcraft.net",
"textures": {
    "texture": "items/cannon",
    "grass_top": "items/grass_top",
    "ctnt": "items/ctnt"
},
"elements": [ 
{
    "from": [ 14.5, 0, 4.625 ],
    "to": [ 16.75, 9.375, 13.8125 ],
    "faces": {
        "down":  { "uv": [ 10, 8.5, 16, 10.5 ], "rotation": 270, "texture": "#texture" },
        "up":    { "uv": [ 16, 8.5, 10, 10.5 ], "rotation": 270, "texture": "#texture" },
        "north": { "uv": [ 10, 8.5, 16, 10.5 ], "rotation": 90, "texture": "#texture" },
        "south": { "uv": [ 10, 8.5, 16, 10.5 ], "rotation": 90, "texture": "#texture" },
        "west":  { "uv": [ 10, 10.5, 16, 16 ], "texture": "#texture" },
        "east":  { "uv": [ 10, 10.5, 16, 16 ], "texture": "#texture" }
    }
},
{
    "from": [ 2.4375, 7.3125, -0.5 ],
    "to": [ 13.125, 18, 20.875 ],
    "rotation": { "origin": [ 2.4375, 18, -0.5 ], "axis": "x", "angle": 22.5 },
    "faces": {
        "down":  { "uv": [ 0, 0, 8, 12 ], "rotation": 180, "texture": "#texture" },
        "up":    { "uv": [ 0, 0, 8, 12 ], "rotation": 180, "texture": "#texture" },
        "north": { "uv": [ 10, 2.5, 16, 8.5 ], "texture": "#texture" },
        "south": { "uv": [ 0, 0, 8, 12 ], "texture": "#texture" },
        "west":  { "uv": [ 0, 0, 8, 12 ], "rotation": 90, "texture": "#texture" },
        "east":  { "uv": [ 0, 0, 8, 12 ], "rotation": 90, "texture": "#texture" }
    }
},
{
    "from": [ 1.8125, 5.8125, 0.5 ],
    "to": [ 14, 18.1875, 3.5 ],
    "rotation": { "origin": [ 1.8125, 18.1875, 0.5 ], "axis": "x", "angle": 22.5 },
    "faces": {
        "down":  { "uv": [ 8.5, 1.5, 10, 10 ], "rotation": 270, "texture": "#texture" },
        "up":    { "uv": [ 8.5, 1.5, 10, 10 ], "rotation": 270, "texture": "#texture" },
        "north": { "uv": [ 0, 12, 4, 16 ], "texture": "#texture" },
        "south": { "uv": [ 0, 12, 4, 16 ], "texture": "#texture" },
        "west":  { "uv": [ 8.5, 1.5, 10, 10 ], "texture": "#texture" },
        "east":  { "uv": [ 8.5, 1.5, 10, 10 ], "texture": "#texture" }
    }
},
{
    "from": [ -2, 3.1875, 7.875 ],
    "to": [ -1.25, 5.8125, 10.3125 ],
    "faces": {
        "down":  { "uv": [ 14.75, 0, 15.125, 1 ], "rotation": 180, "texture": "#texture" },
        "up":    { "uv": [ 14.75, 0, 15.125, 1 ], "rotation": 180, "texture": "#texture" },
        "north": { "uv": [ 14.75, 0, 15.125, 1 ], "texture": "#texture" },
        "south": { "uv": [ 14.75, 0, 15.125, 1 ], "texture": "#texture" },
        "west":  { "uv": [ 15, 0, 16, 1 ], "texture": "#texture" },
        "east":  { "uv": [ 15, 0, 16, 1 ], "texture": "#texture" }
    }
},
{
    "from": [ 0.8125, 3.9375, 8.25 ],
    "to": [ 14.875, 5.4375, 9.75 ],
    "faces": {
        "down":  { "uv": [ 15, 0, 16, 1 ], "rotation": 180, "texture": "#texture" },
        "up":    { "uv": [ 15.125, 0, 16, 1 ], "rotation": 180, "texture": "#texture" },
        "north": { "uv": [ 15, 0, 16, 1 ], "texture": "#texture" },
        "south": { "uv": [ 15, 0, 16, 1 ], "texture": "#texture" },
        "west":  { "uv": [ 15, 0, 16, 1 ], "texture": "#texture" },
        "east":  { "uv": [ 15.125, 0, 16, 1.125 ], "texture": "#texture" }
    }
},
{
    "from": [ -1, 0, 4.5 ],
    "to": [ 1.25, 9.375, 13.6875 ],
    "faces": {
        "down":  { "uv": [ 10, 8.5, 16, 10.5 ], "rotation": 270, "texture": "#texture" },
        "up":    { "uv": [ 10, 8.5, 16, 10.5 ], "rotation": 270, "texture": "#texture" },
        "north": { "uv": [ 10, 8.5, 16, 10.5 ], "rotation": 90, "texture": "#texture" },
        "south": { "uv": [ 10, 8.5, 16, 10.375 ], "rotation": 90, "texture": "#texture" },
        "west":  { "uv": [ 10, 10.5, 16, 16 ], "texture": "#texture" },
        "east":  { "uv": [ 10, 10.5, 16, 16 ], "texture": "#texture" }
    }
},
{
    "from": [ 17, 3.1875, 7.875 ],
    "to": [ 17.75, 5.8125, 10.3125 ],
    "faces": {
        "down":  { "uv": [ 14.75, 0, 15, 1.125 ], "rotation": 180, "texture": "#texture" },
        "up":    { "uv": [ 14.75, 0, 15, 1 ], "rotation": 180, "texture": "#texture" },
        "north": { "uv": [ 14.75, 0, 15, 1 ], "texture": "#texture" },
        "south": { "uv": [ 14.75, 0, 15, 1 ], "texture": "#texture" },
        "west":  { "uv": [ 15, 0, 16, 1 ], "texture": "#texture" },
        "east":  { "uv": [ 15.125, 0, 16, 1 ], "texture": "#texture" }
    }
},
{
    "from": [ 5.6875, 10.625, 14.75 ],
    "to": [ 9.625, 11.5625, 18.875 ],
    "rotation": { "origin": [ 5.6875, 11.5625, 14.75 ], "axis": "x", "angle": 22.5 },
    "faces": {
        "down":  { "uv": [ 10, 1.5, 16, 2.5 ], "rotation": 180, "texture": "#texture" },
        "up":    { "uv": [ 0, 12, 4, 16 ], "rotation": 180, "texture": "#texture" },
        "north": { "uv": [ 8.5, 1.5, 10, 10 ], "texture": "#texture" },
        "south": { "uv": [ 8.5, 1.5, 10, 10 ], "texture": "#texture" },
        "west":  { "uv": [ 8.5, 1.5, 10, 10 ], "texture": "#texture" },
        "east":  { "uv": [ 8.5, 1.5, 10, 10 ], "texture": "#texture" }
    }
},
{
    "from": [ 6.5625, 11.125, 15.875 ],
    "to": [ 9, 12.25, 18.3125 ],
    "rotation": { "origin": [ 6.5625, 12.25, 15.875 ], "axis": "x", "angle": 22.5 },
    "faces": {
        "down":  { "uv": [ 16, 4.375, 16, 1.625 ], "rotation": 180, "texture": "#texture" },
        "up":    { "uv": [ 0, 12, 4, 16 ], "rotation": 180, "texture": "#texture" },
        "north": { "uv": [ 8.5, 1.5, 10, 10 ], "rotation": 90, "texture": "#texture" },
        "south": { "uv": [ 8.5, 1.625, 10, 10 ], "rotation": 90, "texture": "#texture" },
        "west":  { "uv": [ 8.5, 1.5, 10, 10.125 ], "rotation": 90, "texture": "#texture" },
        "east":  { "uv": [ 8.5, 1.5, 10, 10 ], "rotation": 90, "texture": "#texture" }
    }
},
{
    "from": [ 7.3125, 11.1875, 16.875 ],
    "to": [ 7.875, 11.75, 19.5 ],
    "rotation": { "origin": [ 7.3125, 11.75, 16.875 ], "axis": "x", "angle": -45 },
    "faces": {
        "down":  { "uv": [ 8.5, 0, 9, 1.5 ], "rotation": 180, "texture": "#texture" },
        "up":    { "uv": [ 8.5, 0, 9, 1.5 ], "rotation": 180, "texture": "#texture" },
        "north": { "uv": [ 8.5, 0, 9, 1.625 ], "rotation": 90, "texture": "#texture" },
        "south": { "uv": [ 9, 0, 9.5, 0.5 ], "texture": "#texture" },
        "west":  { "uv": [ 8.5, 0, 9, 1.5 ], "rotation": 90, "texture": "#texture" },
        "east":  { "uv": [ 8.5, 1.625, 9, 0 ], "rotation": 90, "texture": "#texture" }
    }
},
{
    "from": [ 3.25, 0, 18.875 ],
    "to": [ 12.625, 9.1875, 19.8125 ],
    "rotation": { "origin": [ 3.25, 9.1875, 18.875 ], "axis": "x", "angle": 22.5 },
    "faces": {
        "down":  { "uv": [ 10, 1.5, 16, 2.5 ], "rotation": 180, "texture": "#texture" },
        "up":    { "uv": [ 8.5, 1.5, 10, 10 ], "rotation": 270, "texture": "#texture" },
        "north": { "uv": [ 3.75, 7, 11.375, 13 ], "texture": "#texture" },
        "south": { "uv": [ 0, 12, 4, 16 ], "texture": "#texture" },
        "west":  { "uv": [ 8.5, 1.5, 9.875, 9.875 ], "rotation": 180, "texture": "#texture" },
        "east":  { "uv": [ 8.5, 1.5, 9.875, 10 ], "rotation": 180, "texture": "#texture" }
    }
},
{
    "from": [ 4, 0.375, 19.375 ],
    "to": [ 11.875, 8.0625, 20.3125 ],
    "rotation": { "origin": [ 4, 8.0625, 19.375 ], "axis": "x", "angle": 22.5 },
    "faces": {
        "down":  { "uv": [ 10, 1.5, 16, 2.5 ], "rotation": 180, "texture": "#texture" },
        "up":    { "uv": [ 8.5, 1.5, 10, 10 ], "rotation": 270, "texture": "#texture" },
        "north": { "uv": [ 3.75, 7, 11.375, 13 ], "texture": "#texture" },
        "south": { "uv": [ 0, 12.125, 4, 16 ], "texture": "#texture" },
        "west":  { "uv": [ 8.5, 1.5, 10, 10 ], "texture": "#texture" },
        "east":  { "uv": [ 8.5, 1.5, 10, 10 ], "texture": "#texture" }
    }
},
{
    "from": [ 6.625, 2.375, 19.25 ],
    "to": [ 9.25, 5.375, 20.5625 ],
    "rotation": { "origin": [ 6.625, 5.375, 19.25 ], "axis": "x", "angle": 22.5 },
    "faces": {
        "down":  { "uv": [ 0, 12, 4, 13.375 ], "rotation": 180, "texture": "#texture" },
        "up":    { "uv": [ 0, 12, 4, 13.375 ], "rotation": 180, "texture": "#texture" },
        "north": { "uv": [ 0.375, 8.125, 3.75, 11.5 ], "texture": "#texture" },
        "south": { "uv": [ 0.375, 12.5, 3.625, 15.625 ], "texture": "#texture" },
        "west":  { "uv": [ 0, 12, 4, 13.375 ], "rotation": 90, "texture": "#texture" },
        "east":  { "uv": [ 0, 12, 4, 13.375 ], "rotation": 90, "texture": "#texture" }
    }
},
{
    "__comment": "TNT",
    "from": [ 4.5625, 10.1875, -3 ],
    "to": [ 11.125, 16.75, 1.125 ],
    "rotation": { "origin": [ 4.5625, 16.75, -3 ], "axis": "x", "angle": 22.5 },
    "faces": {
        "down":  { "uv": [ 10, 0, 8, 8 ], "rotation": 90, "texture": "#ctnt" },
        "up":    { "uv": [ 10, 0, 8, 8 ], "rotation": 270, "texture": "#ctnt" },
        "north": { "uv": [ 0, 0, 8, 8 ], "texture": "#ctnt" },
        "south": { "uv": [ 0, 0, 8, 12 ], "texture": "#ctnt" },
        "west":  { "uv": [ 2, 8, 0, 0 ], "rotation": 180, "texture": "#ctnt" },
        "east":  { "uv": [ 8, 8, 6, 0 ], "rotation": 180, "texture": "#ctnt" }
    }
},
{
    "from": [ 4.5, 15.375, 6.125 ],
    "to": [ 11.375, 16.5, 14.625 ],
    "rotation": { "origin": [ 4.5, 16.5, 6.125 ], "axis": "x", "angle": 22.5 },
    "faces": {
        "down":  { "uv": [ 16, 8.25, 16, 0 ], "rotation": 180, "texture": "#texture" },
        "up":    { "uv": [ 10.375, 10.875, 15.625, 15.625 ], "rotation": 180, "texture": "#texture" },
        "north": { "uv": [ 10.25, 10.875, 11.25, 15.75 ], "rotation": 90, "texture": "#texture" },
        "south": { "uv": [ 10.375, 10.875, 11.25, 15.75 ], "rotation": 90, "texture": "#texture" },
        "west":  { "uv": [ 10.375, 11, 11.25, 15.625 ], "rotation": 90, "texture": "#texture" },
        "east":  { "uv": [ 10.375, 10.875, 11.25, 15.625 ], "rotation": 90, "texture": "#texture" }
    }
},
{
    "from": [ 4.5, 12.875, 14.125 ],
    "to": [ 11.375, 16, 15.125 ],
    "rotation": { "origin": [ 4.5, 16, 14.125 ], "axis": "x", "angle": 22.5 },
    "faces": {
        "down":  { "uv": [ 16, 8.25, 16, 0 ], "rotation": 180, "texture": "#texture" },
        "up":    { "uv": [ 10.375, 11.125, 11.25, 15.625 ], "rotation": 270, "texture": "#texture" },
        "north": { "uv": [ 10.5, 11, 14, 15.5 ], "rotation": 90, "texture": "#texture" },
        "south": { "uv": [ 10.375, 10.75, 14, 15.75 ], "rotation": 90, "texture": "#texture" },
        "west":  { "uv": [ 10.375, 11, 11.25, 15.625 ], "rotation": 180, "texture": "#texture" },
        "east":  { "uv": [ 10.375, 10.875, 11.25, 15.625 ], "rotation": 180, "texture": "#texture" }
    }
},
{
    "from": [ 2.375, 2.125, 11.125 ],
    "to": [ 13.5, 13.375, 12 ],
    "rotation": { "origin": [ 2.375, 13.375, 11.125 ], "axis": "x", "angle": 22.5 },
    "faces": {
        "down":  { "uv": [ 10.625, 11, 11.25, 15.5 ], "rotation": 270, "texture": "#texture" },
        "up":    { "uv": [ 10.625, 11, 11.25, 15.5 ], "rotation": 270, "texture": "#texture" },
        "north": { "uv": [ 10.625, 11.125, 11.25, 15.375 ], "rotation": 90, "texture": "#texture" },
        "south": { "uv": [ 10.625, 11.125, 11.25, 15.375 ], "rotation": 90, "texture": "#texture" },
        "west":  { "uv": [ 10.625, 11.25, 11.25, 15.375 ], "rotation": 180, "texture": "#texture" },
        "east":  { "uv": [ 10.625, 11.25, 11.25, 15.375 ], "rotation": 180, "texture": "#texture" }
    }
},
{
    "from": [ 2.375, 4.125, 6.5 ],
    "to": [ 13.5, 15.375, 7.375 ],
    "rotation": { "origin": [ 2.375, 15.375, 6.5 ], "axis": "x", "angle": 22.5 },
    "faces": {
        "down":  { "uv": [ 10.625, 11, 11.25, 15.5 ], "rotation": 270, "texture": "#texture" },
        "up":    { "uv": [ 10.625, 11, 11.25, 15.5 ], "rotation": 270, "texture": "#texture" },
        "north": { "uv": [ 10.625, 11.125, 11.25, 15.375 ], "rotation": 90, "texture": "#texture" },
        "south": { "uv": [ 10.625, 11.125, 11.25, 15.375 ], "rotation": 90, "texture": "#texture" },
        "west":  { "uv": [ 10.625, 11.25, 11.25, 15.375 ], "rotation": 180, "texture": "#texture" },
        "east":  { "uv": [ 10.625, 11.25, 11.25, 15.375 ], "rotation": 180, "texture": "#texture" }
    }
},
{
    "from": [ 7.625, 17.0625, 2.75 ],
    "to": [ 8.125, 21.0625, 3.25 ],
    "rotation": { "origin": [ 7.625, 21.0625, 2.75 ], "axis": "x", "angle": 22.5 },
    "faces": {
        "down":  { "uv": [ 16, 4.375, 16, 1.625 ], "rotation": 180, "texture": "#texture" },
        "up":    { "uv": [ 0, 12, 4, 16 ], "rotation": 180, "texture": "#texture" },
        "north": { "uv": [ 8.5, 1.5, 10, 10 ], "rotation": 180, "texture": "#texture" },
        "south": { "uv": [ 8.5, 1.625, 10, 10 ], "rotation": 180, "texture": "#texture" },
        "west":  { "uv": [ 8.5, 1.5, 10, 10.125 ], "rotation": 180, "texture": "#texture" },
        "east":  { "uv": [ 8.5, 1.5, 10, 10 ], "rotation": 180, "texture": "#texture" }
    }
},
{
    "from": [ 6.25, 19.625, 2.375 ],
    "to": [ 9.375, 20.125, 2.875 ],
    "rotation": { "origin": [ 6.25, 20.125, 2.375 ], "axis": "x", "angle": 22.5 },
    "faces": {
        "down":  { "uv": [ 16, 4.375, 16, 1.625 ], "rotation": 180, "texture": "#texture" },
        "up":    { "uv": [ 0, 12, 4, 16 ], "rotation": 180, "texture": "#texture" },
        "north": { "uv": [ 8.5, 1.5, 10, 10 ], "rotation": 90, "texture": "#texture" },
        "south": { "uv": [ 8.5, 1.625, 10, 10 ], "rotation": 90, "texture": "#texture" },
        "west":  { "uv": [ 8.5, 1.5, 10, 10.125 ], "rotation": 90, "texture": "#texture" },
        "east":  { "uv": [ 8.5, 1.5, 10, 10 ], "rotation": 90, "texture": "#texture" }
    }
},
{
    "from": [ 8.875, 19.875, 3.125 ],
    "to": [ 9.375, 22, 3.625 ],
    "rotation": { "origin": [ 8.875, 22, 3.125 ], "axis": "x", "angle": 22.5 },
    "faces": {
        "down":  { "uv": [ 16, 4.375, 16, 1.625 ], "rotation": 180, "texture": "#texture" },
        "up":    { "uv": [ 0, 12, 4, 16 ], "rotation": 180, "texture": "#texture" },
        "north": { "uv": [ 8.5, 1.5, 10, 10 ], "rotation": 180, "texture": "#texture" },
        "south": { "uv": [ 8.5, 1.625, 10, 10 ], "rotation": 180, "texture": "#texture" },
        "west":  { "uv": [ 8.5, 1.5, 10, 10.125 ], "rotation": 180, "texture": "#texture" },
        "east":  { "uv": [ 8.5, 1.5, 10, 10 ], "rotation": 180, "texture": "#texture" }
    }
},
{
    "from": [ 6.25, 19.75, 3.125 ],
    "to": [ 6.75, 21.875, 3.625 ],
    "rotation": { "origin": [ 6.25, 21.875, 3.125 ], "axis": "x", "angle": 22.5 },
    "faces": {
        "down":  { "uv": [ 16, 4.375, 16, 1.625 ], "rotation": 180, "texture": "#texture" },
        "up":    { "uv": [ 0, 12, 4, 16 ], "rotation": 180, "texture": "#texture" },
        "north": { "uv": [ 8.5, 1.5, 10, 10 ], "rotation": 180, "texture": "#texture" },
        "south": { "uv": [ 8.5, 1.625, 10, 10 ], "rotation": 180, "texture": "#texture" },
        "west":  { "uv": [ 8.5, 1.5, 10, 10.125 ], "rotation": 180, "texture": "#texture" },
        "east":  { "uv": [ 8.5, 1.5, 10, 10 ], "rotation": 180, "texture": "#texture" }
    }
},
{
    "from": [ 6.25, 21.75, 3.25 ],
    "to": [ 9.375, 22.25, 3.75 ],
    "rotation": { "origin": [ 6.25, 22.25, 3.25 ], "axis": "x", "angle": 22.5 },
    "faces": {
        "down":  { "uv": [ 16, 4.375, 16, 1.625 ], "rotation": 180, "texture": "#texture" },
        "up":    { "uv": [ 0, 12, 4, 16 ], "rotation": 180, "texture": "#texture" },
        "north": { "uv": [ 8.5, 1.5, 10, 10 ], "rotation": 90, "texture": "#texture" },
        "south": { "uv": [ 8.5, 1.625, 10, 10 ], "rotation": 90, "texture": "#texture" },
        "west":  { "uv": [ 8.5, 1.5, 10, 10.125 ], "rotation": 90, "texture": "#texture" },
        "east":  { "uv": [ 8.5, 1.5, 10, 10 ], "rotation": 90, "texture": "#texture" }
    }
},
{
    "from": [ 16.25, 0.375, 4.75 ],
    "to": [ 17.25, 9, 13.25 ],
    "faces": {
        "down":  { "uv": [ 10, 8.5, 16, 10.5 ], "rotation": 270, "texture": "#texture" },
        "up":    { "uv": [ 16, 8.5, 10, 10.5 ], "rotation": 270, "texture": "#texture" },
        "north": { "uv": [ 10, 8.5, 16, 10.5 ], "rotation": 90, "texture": "#texture" },
        "south": { "uv": [ 10, 8.5, 16, 10.5 ], "rotation": 90, "texture": "#texture" },
        "west":  { "uv": [ 10.25, 10.75, 15.75, 15.75 ], "texture": "#texture" },
        "east":  { "uv": [ 10, 10.5, 16, 16 ], "texture": "#texture" }
    }
},
{
    "from": [ -1.5, 0.375, 4.875 ],
    "to": [ -0.5, 9, 13.375 ],
    "faces": {
        "down":  { "uv": [ 10, 8.5, 16, 10.5 ], "rotation": 270, "texture": "#texture" },
        "up":    { "uv": [ 16, 8.5, 10, 10.5 ], "rotation": 270, "texture": "#texture" },
        "north": { "uv": [ 10, 8.5, 16, 10.5 ], "rotation": 90, "texture": "#texture" },
        "south": { "uv": [ 10, 8.5, 16, 10.5 ], "rotation": 90, "texture": "#texture" },
        "west":  { "uv": [ 10, 10.5, 16, 16 ], "texture": "#texture" },
        "east":  { "uv": [ 10.25, 10.75, 15.75, 15.75 ], "texture": "#texture" }
    }
},
{
    "from": [ 16.875, 2.625, 8.5 ],
    "to": [ 17.625, 6.375, 9.125 ],
    "faces": {
        "down":  { "uv": [ 14.75, 0, 15, 1.125 ], "rotation": 180, "texture": "#texture" },
        "up":    { "uv": [ 14.75, 0, 15, 1 ], "rotation": 180, "texture": "#texture" },
        "north": { "uv": [ 14.75, 0, 15, 1 ], "texture": "#texture" },
        "south": { "uv": [ 14.75, 0, 15, 1 ], "texture": "#texture" },
        "west":  { "uv": [ 15, 0, 16, 1 ], "texture": "#texture" },
        "east":  { "uv": [ 15.125, 0, 16, 1 ], "texture": "#texture" }
    }
},
{
    "from": [ 16.75, 4.125, 6.875 ],
    "to": [ 17.5, 4.75, 10.75 ],
    "faces": {
        "down":  { "uv": [ 14.75, 0, 15, 1.125 ], "rotation": 180, "texture": "#texture" },
        "up":    { "uv": [ 14.75, 0, 15, 1 ], "rotation": 180, "texture": "#texture" },
        "north": { "uv": [ 14.75, 0, 15, 1 ], "texture": "#texture" },
        "south": { "uv": [ 14.75, 0, 15, 1 ], "texture": "#texture" },
        "west":  { "uv": [ 15, 0, 16, 1 ], "texture": "#texture" },
        "east":  { "uv": [ 15.125, 0, 16, 1 ], "texture": "#texture" }
    }
},
{
    "from": [ 1.25, 11.75, -0.875 ],
    "to": [ 14.5, 13.375, 0.75 ],
    "rotation": { "origin": [ 1.25, 13.375, -0.875 ], "axis": "x", "angle": 22.5 },
    "faces": {
        "down":  { "uv": [ 8.5, 1.5, 10, 10 ], "rotation": 270, "texture": "#texture" },
        "up":    { "uv": [ 8.5, 1.5, 10, 10 ], "rotation": 270, "texture": "#texture" },
        "north": { "uv": [ 0, 12, 4, 16 ], "texture": "#texture" },
        "south": { "uv": [ 0, 12, 4, 16 ], "texture": "#texture" },
        "west":  { "uv": [ 0, 12, 4, 16 ], "texture": "#texture" },
        "east":  { "uv": [ 0, 11.875, 4, 16 ], "texture": "#texture" }
    }
},
{
    "from": [ 1.25, 16, 0.875 ],
    "to": [ 14.5, 17.625, 2.5 ],
    "rotation": { "origin": [ 1.25, 17.625, 0.875 ], "axis": "x", "angle": 22.5 },
    "faces": {
        "down":  { "uv": [ 8.5, 1.5, 10, 10 ], "rotation": 270, "texture": "#texture" },
        "up":    { "uv": [ 8.5, 1.5, 10, 10 ], "rotation": 270, "texture": "#texture" },
        "north": { "uv": [ 0, 12, 4, 16 ], "texture": "#texture" },
        "south": { "uv": [ 0, 12, 4, 16 ], "texture": "#texture" },
        "west":  { "uv": [ 0, 12, 4, 16 ], "texture": "#texture" },
        "east":  { "uv": [ 0, 12, 4, 16 ], "texture": "#texture" }
    }
},
{
    "from": [ 1.25, 7.75, -2.5 ],
    "to": [ 14.5, 9.375, -0.875 ],
    "rotation": { "origin": [ 1.25, 9.375, -2.5 ], "axis": "x", "angle": 22.5 },
    "faces": {
        "down":  { "uv": [ 8.5, 1.5, 10, 10 ], "rotation": 270, "texture": "#texture" },
        "up":    { "uv": [ 8.5, 1.5, 10, 10 ], "rotation": 270, "texture": "#texture" },
        "north": { "uv": [ 0, 12, 4, 16 ], "texture": "#texture" },
        "south": { "uv": [ 0, 12, 4, 16 ], "texture": "#texture" },
        "west":  { "uv": [ 0, 12, 4, 16 ], "texture": "#texture" },
        "east":  { "uv": [ 0, 11.875, 4, 16 ], "texture": "#texture" }
    }
},
{
    "from": [ 10.875, 5.625, 1.375 ],
    "to": [ 12.5, 19, 3 ],
    "rotation": { "origin": [ 10.875, 19, 1.375 ], "axis": "x", "angle": 22.5 },
    "faces": {
        "down":  { "uv": [ 8.5, 1.5, 10, 10 ], "rotation": 270, "texture": "#texture" },
        "up":    { "uv": [ 0, 12, 4, 16 ], "rotation": 270, "texture": "#texture" },
        "north": { "uv": [ 0, 12, 4, 16 ], "texture": "#texture" },
        "south": { "uv": [ 0, 12, 4, 16 ], "texture": "#texture" },
        "west":  { "uv": [ 0, 12, 4, 16 ], "texture": "#texture" },
        "east":  { "uv": [ 8.5, 1.5, 10, 10 ], "texture": "#texture" }
    }
},
{
    "from": [ 3.25, 5.625, 1.375 ],
    "to": [ 4.875, 19, 3 ],
    "rotation": { "origin": [ 3.25, 19, 1.375 ], "axis": "x", "angle": 22.5 },
    "faces": {
        "down":  { "uv": [ 8.5, 1.5, 10, 10 ], "rotation": 270, "texture": "#texture" },
        "up":    { "uv": [ 0, 12, 4, 16 ], "rotation": 270, "texture": "#texture" },
        "north": { "uv": [ 0, 12, 4, 16 ], "texture": "#texture" },
        "south": { "uv": [ 0, 12, 4, 16 ], "texture": "#texture" },
        "west":  { "uv": [ 0, 12, 4, 16 ], "texture": "#texture" },
        "east":  { "uv": [ 8.5, 1.5, 10, 10 ], "texture": "#texture" }
    }
},
{
    "from": [ 7, 5.625, 1.25 ],
    "to": [ 8.75, 19, 2.875 ],
    "rotation": { "origin": [ 7, 19, 1.25 ], "axis": "x", "angle": 22.5 },
    "faces": {
        "down":  { "uv": [ 8.5, 1.5, 10, 10 ], "rotation": 270, "texture": "#texture" },
        "up":    { "uv": [ 0, 12.125, 4, 16 ], "rotation": 270, "texture": "#texture" },
        "north": { "uv": [ 0, 12, 4, 16 ], "texture": "#texture" },
        "south": { "uv": [ 0, 12, 4, 16 ], "texture": "#texture" },
        "west":  { "uv": [ 0, 12, 4, 16 ], "texture": "#texture" },
        "east":  { "uv": [ 8.5, 1.5, 10, 10 ], "texture": "#texture" }
    }
},
{
    "from": [ -1.75, 4.125, 7.125 ],
    "to": [ -1, 4.75, 11 ],
    "faces": {
        "down":  { "uv": [ 14.75, 0, 15, 1.125 ], "rotation": 180, "texture": "#texture" },
        "up":    { "uv": [ 14.75, 0, 15, 1 ], "rotation": 180, "texture": "#texture" },
        "north": { "uv": [ 14.75, 0, 15, 1 ], "texture": "#texture" },
        "south": { "uv": [ 14.75, 0, 15, 1 ], "texture": "#texture" },
        "west":  { "uv": [ 15, 0, 16, 1 ], "texture": "#texture" },
        "east":  { "uv": [ 15.125, 0, 16, 1 ], "texture": "#texture" }
    }
},
{
    "from": [ -1.75, 2.625, 8.75 ],
    "to": [ -1, 6.375, 9.375 ],
    "faces": {
        "down":  { "uv": [ 14.75, 0, 15, 1.125 ], "rotation": 180, "texture": "#texture" },
        "up":    { "uv": [ 14.75, 0, 15, 1 ], "rotation": 180, "texture": "#texture" },
        "north": { "uv": [ 14.75, 0, 15, 1 ], "texture": "#texture" },
        "south": { "uv": [ 14.75, 0, 15, 1 ], "texture": "#texture" },
        "west":  { "uv": [ 15, 0, 16, 1 ], "texture": "#texture" },
        "east":  { "uv": [ 15.125, 0, 16, 1 ], "texture": "#texture" }
    }
},
{
    "from": [ 0.75, 0.375, 4.75 ],
    "to": [ 1.75, 9, 13.25 ],
    "faces": {
        "down":  { "uv": [ 10, 8.5, 16, 10.5 ], "rotation": 270, "texture": "#texture" },
        "up":    { "uv": [ 16, 8.5, 10, 10.5 ], "rotation": 270, "texture": "#texture" },
        "north": { "uv": [ 10, 8.5, 16, 10.5 ], "rotation": 90, "texture": "#texture" },
        "south": { "uv": [ 10, 8.5, 16, 10.5 ], "rotation": 90, "texture": "#texture" },
        "west":  { "uv": [ 10, 10.5, 16, 16 ], "texture": "#texture" },
        "east":  { "uv": [ 10.25, 10.75, 15.75, 15.75 ], "texture": "#texture" }
    }
},
{
    "from": [ 14.125, 0.375, 4.75 ],
    "to": [ 15.125, 9, 13.25 ],
    "faces": {
        "down":  { "uv": [ 10, 8.5, 16, 10.5 ], "rotation": 270, "texture": "#texture" },
        "up":    { "uv": [ 16, 8.5, 10, 10.5 ], "rotation": 270, "texture": "#texture" },
        "north": { "uv": [ 10, 8.5, 16, 10.5 ], "rotation": 90, "texture": "#texture" },
        "south": { "uv": [ 10, 8.5, 16, 10.5 ], "rotation": 90, "texture": "#texture" },
        "west":  { "uv": [ 10.25, 10.75, 15.75, 15.75 ], "texture": "#texture" },
        "east":  { "uv": [ 10, 10.5, 16, 16 ], "texture": "#texture" }
    }
}
],
"display": {
    "thirdperson_righthand": {
        "rotation": [ 64, -11, 3 ],
        "translation": [ 1.32, -1.13, -2.08 ],
        "scale": [ 0.5, 0.5, 0.5 ]
    },
    "thirdperson_lefthand": {
        "rotation": [ 64, -11, 3 ],
        "translation": [ 0.19, -1.12, -2.08 ],
        "scale": [ 0.5, 0.5, 0.5 ]
    },
    "head": {
        "rotation": [ 0, 0, 0 ],
        "translation": [ 0, -24, 0 ],
        "scale": [ 2.5, 2.5, 2.5 ]
    },
    "ground": {
        "rotation": [ 0, 0, 0 ],
        "translation": [ 0, 0, 0 ],
        "scale": [ 1, 1, 1 ]
    },
    "fixed": {
        "rotation": [ 0, 0, 0 ],
        "translation": [ 0, 0, 0 ],
        "scale": [ 1, 1, 1 ]
    },
    "firstperson_righthand": {
        "rotation": [ -11, -3, 0 ],
        "translation": [ 13.98, -10.39, -13.61 ],
        "scale": [ 0.8, 0.8, 0.8 ]
    },
    "firstperson_lefthand": {
        "rotation": [ -11, -3, 0 ],
        "translation": [ -11.72, -10.39, -13.61 ],
        "scale": [ 0.8, 0.8, 0.8 ]
    },
    "gui": {
        "rotation": [ 3, -120, 0 ],
        "translation": [ -0.19, -1.32, 1.7 ],
        "scale": [ 0.7, 0.7, 0.7 ]
    }
}
}