{
  "pk_defeated": {
    "category": "master",
    "sounds": [
      {
        "name": "pk_defeated",
        "stream": true
      }]
  },
  "pk_expecting_santa": {
    "category": "master",
    "sounds": [
      {
        "name": "pk_expecting_santa",
        "stream": true
      }]
  },
  "pk_false_ban": {
    "category": "master",
    "sounds": [
      {
        "name": "pk_false_ban",
        "stream": true
      }]
  },
  "pk_learned_tricks": {
    "category": "master",
    "sounds": [
      {
        "name": "pk_learned_tricks",
        "stream": true
      }]
  },
   "pk_now_done_it": {
    "category": "master",
    "sounds": [
      {
        "name": "pk_now_done_it",
        "stream": true
      }]
  },
  "pk_yes_it_was_me_nothing_you_can_do_too_late": {
    "category": "master",
    "sounds": [
      {
        "name": "pk_yes_it_was_me_nothing_you_can_do_too_late",
        "stream": true
      }]
  },
  "santa_almost_there": {
    "category": "master",
    "sounds": [
      {
        "name": "santa_almost_there",
        "stream": true
      }]
  },
  "santa_another_one_in_mine_watch_out_monsters": {
    "category": "master",
    "sounds": [
      {
        "name": "santa_another_one_in_mine_watch_out_monsters",
        "stream": true
      }]
  },
  
  "santa_clear_path_through_rocks": {
    "category": "master",
    "sounds": [
      {
        "name": "santa_clear_path_through_rocks",
        "stream": true
      }]
  },
  "santa_follow_me": {
    "category": "master",
    "sounds": [
      {
        "name": "santa_follow_me",
        "stream": true
      }]
  },
  "santa_follow_me_find_out_who_behind_this": {
    "category": "master",
    "sounds": [
      {
        "name": "santa_follow_me_find_out_who_behind_this",
        "stream": true
      }]
  },
  "santa_generator_destroyed": {
    "category": "master",
    "sounds": [
      {
        "name": "santa_generator_destroyed",
        "stream": true
      }]
  },
  "santa_good_job": {
    "category": "master",
    "sounds": [
      {
        "name": "santa_good_job",
        "stream": true
      }]
  },
  "santa_great_job_monsters_coming": {
    "category": "master",
    "sounds": [
      {
        "name": "santa_great_job_monsters_coming",
        "stream": true
      }]
  },
  "santa_gwen_is_you": {
    "category": "master",
    "sounds": [
      {
        "name": "santa_gwen_is_you",
        "stream": true
      }]
  },
  "santa_he_has_shield": {
    "category": "master",
    "sounds": [
      {
        "name": "santa_he_has_shield",
        "stream": true
      }]
  },
  "santa_jeepers_creepers_pumpkin_kings_castle": {
    "category": "master",
    "sounds": [
      {
        "name": "santa_jeepers_creepers_pumpkin_kings_castle",
        "stream": true
      }]
  },
  "santa_lets_go": {
    "category": "master",
    "sounds": [
      {
        "name": "santa_lets_go",
        "stream": true
      }]
  },
  "santa_look_ghasts_ghouls": {
    "category": "master",
    "sounds": [
      {
        "name": "santa_look_ghasts_ghouls",
        "stream": true
      }]
  },
  "santa_look_two_more_presents": {
    "category": "master",
    "sounds": [
      {
        "name": "santa_look_two_more_presents",
        "stream": true
      }]
  },
  "santa_move_flame_fairies": {
    "category": "master",
    "sounds": [
      {
        "name": "santa_move_flame_fairies",
        "stream": true
      }]
  },
  "santa_oh_no_magical_bridge_turned_off_defend_generators": {
    "category": "master",
    "sounds": [
      {
        "name": "santa_oh_no_magical_bridge_turned_off_defend_generators",
        "stream": true
      }]
  },
  "santa_see_one_in_trees_follow_ornaments": {
    "category": "master",
    "sounds": [
      {
        "name": "santa_see_one_in_trees_follow_ornaments",
        "stream": true
      }]
  },
  "santa_so_it_was_you_who_stole_all_of_the_christmas_presents": {
    "category": "master",
    "sounds": [
      {
        "name": "santa_so_it_was_you_who_stole_all_of_the_christmas_presents",
        "stream": true
      }]
  },
  "santa_spiders_nasty": {
    "category": "master",
    "sounds": [
      {
        "name": "santa_spiders_nasty",
        "stream": true
      }]
  },
  "santa_storm_coming": {
    "category": "master",
    "sounds": [
      {
        "name": "santa_storm_coming",
        "stream": true
      }]
  },
  "santa_thanks_for_coming": {
    "category": "master",
    "sounds": [
      {
        "name": "santa_thanks_for_coming",
        "stream": true
      }]
  },
  "santa_theres_another_present_hidden_ice_maze": {
    "category": "master",
    "sounds": [
      {
        "name": "santa_theres_another_present_hidden_ice_maze",
        "stream": true
      }]
  },
  "santa_vulnerable_to_attacks": {
    "category": "master",
    "sounds": [
      {
        "name": "santa_vulnerable_to_attacks",
        "stream": true
      }]
  },
  "santa_watch_out_its_a_trap": {
    "category": "master",
    "sounds": [
      {
        "name": "santa_watch_out_its_a_trap",
        "stream": true
      }]
  },
  "santa_watch_out_purple_aura": {
    "category": "master",
    "sounds": [
      {
        "name": "santa_watch_out_purple_aura",
        "stream": true
      }]
  },
  "santa_we_will_see_about_that_prepare_for_battle": {
    "category": "master",
    "sounds": [
      {
        "name": "santa_we_will_see_about_that_prepare_for_battle",
        "stream": true
      }]
  },
  "santa_well_done": {
    "category": "master",
    "sounds": [
      {
        "name": "santa_well_done",
        "stream": true
      }]
  },
  "santa_you_did_it": {
    "category": "master",
    "sounds": [
      {
        "name": "santa_you_did_it",
        "stream": true
      }]
  },
  "santa_you_did_it_magical_bridge_turned_on": {
    "category": "master",
    "sounds": [
      {
        "name": "santa_you_did_it_magical_bridge_turned_on"",
        "stream": true
      }]
  }
}